ok,-0.00000,0.00000,0.00000,-0.22055,-0.22100,-0.06394,-0.37675,-0.53392,-0.10113,-0.50303,-0.80508,-0.15126,-0.61376,-1.03908,-0.19181,-0.10528,-0.91978,0.05641,-0.24094,-1.18248,-0.05916,-0.37814,-1.20425,-0.16153,-0.49019,-1.13867,-0.20759,0.01661,-0.99986,0.02890,-0.02377,-1.36819,-0.02061,-0.10938,-1.59736,-0.06583,-0.18241,-1.79017,-0.09130,0.14142,-0.99495,-0.02888,0.14635,-1.36546,-0.08270,0.10542,-1.60566,-0.10219,0.05719,-1.80533,-0.10534,0.27500,-0.91288,-0.09979,0.36110,-1.20896,-0.13531,0.38534,-1.42579,-0.12555,0.38163,-1.61543,-0.10890
ok,-0.00000,0.00000,0.00000,-0.21847,-0.21958,-0.06334,-0.37348,-0.53205,-0.10157,-0.50019,-0.80404,-0.15271,-0.61158,-1.03659,-0.19471,-0.10455,-0.91991,0.05434,-0.24102,-1.17759,-0.05977,-0.37700,-1.20134,-0.16085,-0.48832,-1.13839,-0.20664,0.01731,-0.99985,0.02616,-0.02360,-1.36723,-0.02249,-0.10835,-1.59661,-0.06668,-0.18064,-1.79183,-0.09165,0.14196,-0.99427,-0.03182,0.14673,-1.36557,-0.08504,0.10529,-1.60543,-0.10412,0.05672,-1.80524,-0.10749,0.27530,-0.91013,-0.10272,0.36151,-1.20506,-0.13802,0.38495,-1.42209,-0.12804,0.38043,-1.61259,-0.11163
ok,-0.00000,0.00000,0.00000,-0.21940,-0.22057,-0.06161,-0.37304,-0.53429,-0.09708,-0.49934,-0.80550,-0.14593,-0.60972,-1.03764,-0.18522,-0.10299,-0.92041,0.06104,-0.23984,-1.18152,-0.05184,-0.37632,-1.20224,-0.15299,-0.48669,-1.13633,-0.19856,0.01763,-0.99984,0.03293,-0.02223,-1.36697,-0.01407,-0.10775,-1.59440,-0.05840,-0.18052,-1.78539,-0.08351,0.14165,-0.99468,-0.02527,0.14623,-1.36338,-0.07635,0.10526,-1.60197,-0.09457,0.05760,-1.80035,-0.09739,0.27438,-0.91297,-0.09658,0.35897,-1.20764,-0.13021,0.38239,-1.42410,-0.11950,0.37851,-1.61440,-0.10244
ok,-0.00000,0.00000,0.00000,-0.21922,-0.21840,-0.06373,-0.37446,-0.53210,-0.10131,-0.50001,-0.80640,-0.15182,-0.60934,-1.03963,-0.19344,-0.10574,-0.91995,0.05559,-0.23867,-1.17820,-0.05824,-0.37401,-1.20444,-0.15960,-0.48590,-1.14218,-0.20563,0.01754,-0.99985,0.02768,-0.02190,-1.36858,-0.02060,-0.10669,-1.59820,-0.06487,-0.18009,-1.79371,-0.09012,0.14346,-0.99431,-0.03021,0.14768,-1.36683,-0.08331,0.10653,-1.60732,-0.10225,0.05797,-1.80769,-0.10580,0.27812,-0.91070,-0.10113,0.36351,-1.20632,-0.13656,0.38691,-1.42370,-0.12658,0.38217,-1.61504,-0.11041
ok,-0.00000,0.00000,0.00000,-0.21900,-0.21911,-0.06474,-0.37462,-0.53308,-0.10187,-0.50114,-0.80613,-0.15138,-0.60946,-1.04056,-0.19156,-0.10600,-0.92012,0.05471,-0.24261,-1.17969,-0.05923,-0.37812,-1.20312,-0.16076,-0.48864,-1.13933,-0.20678,0.01670,-0.99986,0.02805,-0.02381,-1.36765,-0.02026,-0.10853,-1.59580,-0.06517,-0.18093,-1.78850,-0.09082,0.14210,-0.99365,-0.02857,0.14534,-1.36396,-0.08170,0.10453,-1.60317,-0.10146,0.05703,-1.80214,-0.10534,0.27623,-0.90983,-0.09822,0.36065,-1.20531,-0.13407,0.38434,-1.42189,-0.12479,0.38031,-1.61230,-0.10876
ok,-0.00000,0.00000,0.00000,-0.21785,-0.21830,-0.06301,-0.37272,-0.53113,-0.10118,-0.49807,-0.80407,-0.15245,-0.60731,-1.03699,-0.19487,-0.10447,-0.92071,0.05476,-0.23853,-1.17758,-0.05885,-0.37325,-1.20314,-0.15954,-0.48385,-1.13971,-0.20511,0.01844,-0.99983,0.02622,-0.02175,-1.36821,-0.02174,-0.10663,-1.59813,-0.06558,-0.17976,-1.79464,-0.09061,0.14353,-0.99274,-0.03213,0.14740,-1.36579,-0.08522,0.10593,-1.60652,-0.10441,0.05758,-1.80639,-0.10825,0.27712,-0.90712,-0.10335,0.36293,-1.20416,-0.13928,0.38629,-1.42314,-0.12970,0.38111,-1.61502,-0.11383
ok,-0.00000,0.00000,0.00000,-0.21929,-0.22087,-0.06386,-0.37178,-0.53530,-0.10106,-0.49681,-0.80772,-0.15145,-0.60496,-1.04204,-0.19260,-0.10156,-0.92040,0.05734,-0.23494,-1.18122,-0.05645,-0.37111,-1.20595,-0.15783,-0.48241,-1.14224,-0.20358,0.02033,-0.99979,0.02958,-0.01865,-1.36738,-0.01847,-0.10365,-1.59631,-0.06275,-0.17662,-1.78924,-0.08778,0.14512,-0.99422,-0.02840,0.14943,-1.36527,-0.08107,0.10875,-1.60556,-0.09959,0.06128,-1.80469,-0.10251,0.27842,-0.91133,-0.09959,0.36347,-1.20752,-0.13510,0.38860,-1.42567,-0.12504,0.38689,-1.61610,-0.10835
ok,-0.00000,0.00000,0.00000,-0.22087,-0.22095,-0.06342,-0.37325,-0.53443,-0.10058,-0.49834,-0.80823,-0.15095,-0.60661,-1.04243,-0.19240,-0.10056,-0.92077,0.05598,-0.23416,-1.18039,-0.05883,-0.37088,-1.20588,-0.16142,-0.48306,-1.14401,-0.20839,0.02158,-0.99977,0.02725,-0.01586,-1.37067,-0.02234,-0.10171,-1.60203,-0.06819,-0.17606,-1.79771,-0.09472,0.14662,-0.99293,-0.03161,0.15194,-1.36789,-0.08622,0.11126,-1.61042,-0.10683,0.06349,-1.81214,-0.11145,0.27995,-0.90839,-0.10345,0.36872,-1.20614,-0.14028,0.39387,-1.42573,-0.13141,0.39084,-1.61855,-0.11612
ok,-0.00000,0.00000,0.00000,-0.22141,-0.21929,-0.06226,-0.37653,-0.53333,-0.09831,-0.50269,-0.80554,-0.14735,-0.61065,-1.03875,-0.18736,-0.10458,-0.92087,0.05528,-0.23927,-1.18472,-0.05890,-0.37521,-1.20818,-0.16142,-0.48656,-1.14265,-0.20831,0.01859,-0.99983,0.02688,-0.01918,-1.37058,-0.02237,-0.10498,-1.60245,-0.06982,-0.17934,-1.79541,-0.09792,0.14462,-0.99271,-0.03108,0.14811,-1.36785,-0.08487,0.10725,-1.60847,-0.10724,0.05924,-1.80766,-0.11359,0.27816,-0.90801,-0.10168,0.36574,-1.20463,-0.13767,0.39119,-1.42267,-0.12942,0.38809,-1.61374,-0.11483
ok,-0.00000,0.00000,0.00000,-0.21924,-0.22130,-0.06512,-0.37394,-0.53310,-0.10453,-0.50008,-0.80629,-0.15662,-0.60719,-1.04141,-0.19973,-0.10120,-0.92027,0.04929,-0.23523,-1.18402,-0.06805,-0.37224,-1.20793,-0.17225,-0.48509,-1.14311,-0.22018,0.02238,-0.99975,0.02138,-0.01708,-1.37026,-0.03078,-0.10392,-1.60301,-0.07902,-0.17926,-1.79847,-0.10755,0.14850,-0.99273,-0.03625,0.15263,-1.36867,-0.09265,0.11058,-1.60952,-0.11597,0.06105,-1.80862,-0.12271,0.28145,-0.90659,-0.10665,0.36925,-1.20399,-0.14481,0.39465,-1.42324,-0.13762,0.39135,-1.61451,-0.12367
ok,-0.00000,0.00000,0.00000,-0.22021,-0.22420,-0.06356,-0.37358,-0.53764,-0.10162,-0.50014,-0.80838,-0.15259,-0.60970,-1.04467,-0.19446,-0.09823,-0.92099,0.05081,-0.23251,-1.18523,-0.06663,-0.36943,-1.20933,-0.17048,-0.48242,-1.14623,-0.21822,0.02405,-0.99971,0.02170,-0.01316,-1.37098,-0.03149,-0.09935,-1.60257,-0.07984,-0.17421,-1.79491,-0.10802,0.14918,-0.99153,-0.03714,0.15476,-1.36702,-0.09446,0.11387,-1.60943,-0.11710,0.06512,-1.81109,-0.12285,0.28121,-0.90495,-0.10869,0.37152,-1.20433,-0.14745,0.39652,-1.42495,-0.14005,0.39209,-1.61834,-0.12561
ok,-0.00000,0.00000,0.00000,-0.22035,-0.22246,-0.06618,-0.37518,-0.53594,-0.10552,-0.50090,-0.80845,-0.15651,-0.60928,-1.04468,-0.19856,-0.09853,-0.92124,0.04351,-0.23496,-1.18380,-0.07324,-0.37094,-1.20912,-0.17591,-0.48230,-1.14708,-0.22316,0.02441,-0.99970,0.01573,-0.01437,-1.37395,-0.03716,-0.10032,-1.60715,-0.08520,-0.17440,-1.80047,-0.11367,0.15022,-0.99043,-0.04129,0.15482,-1.36819,-0.09866,0.11474,-1.61083,-0.12249,0.06802,-1.81232,-0.12975,0.28308,-0.90225,-0.11086,0.37282,-1.20167,-0.15025,0.39845,-1.42181,-0.14363,0.39584,-1.61529,-0.13024
ok,-0.00000,0.00000,0.00000,-0.21979,-0.22328,-0.06346,-0.37362,-0.53695,-0.10217,-0.50032,-0.80860,-0.15340,-0.61040,-1.04475,-0.19560,-0.09622,-0.92145,0.04873,-0.23290,-1.18414,-0.06700,-0.36882,-1.20993,-0.16881,-0.48032,-1.14696,-0.21531,0.02495,-0.99969,0.01936,-0.01343,-1.37321,-0.03212,-0.09898,-1.60568,-0.07881,-0.17278,-1.79811,-0.10610,0.14949,-0.99040,-0.03940,0.15439,-1.36690,-0.09548,0.11427,-1.60920,-0.11726,0.06763,-1.81041,-0.12310,0.28073,-0.90245,-0.11072,0.37183,-1.20070,-0.14913,0.39738,-1.42106,-0.14130,0.39407,-1.61512,-0.12695
ok,-0.00000,0.00000,0.00000,-0.21997,-0.22223,-0.06475,-0.37447,-0.53599,-0.10360,-0.50112,-0.80790,-0.15454,-0.60992,-1.04433,-0.19644,-0.09725,-0.92169,0.04616,-0.23342,-1.18578,-0.07002,-0.36939,-1.21072,-0.17211,-0.48080,-1.14714,-0.21887,0.02516,-0.99968,0.01760,-0.01311,-1.37402,-0.03494,-0.09793,-1.60736,-0.08289,-0.17111,-1.80083,-0.11130,0.15081,-0.99032,-0.04022,0.15548,-1.36893,-0.09748,0.11597,-1.61143,-0.12073,0.06973,-1.81318,-0.12762,0.28352,-0.90240,-0.11049,0.37315,-1.20101,-0.14966,0.39919,-1.42112,-0.14264,0.39702,-1.61588,-0.12902
ok,-0.00000,0.00000,0.00000,-0.22060,-0.22176,-0.06179,-0.37570,-0.53384,-0.09892,-0.50272,-0.80443,-0.14891,-0.61045,-1.03922,-0.18999,-0.09893,-0.92084,0.05303,-0.23566,-1.18339,-0.06097,-0.37105,-1.20933,-0.16269,-0.48191,-1.14573,-0.20927,0.02346,-0.99972,0.02358,-0.01486,-1.37257,-0.02638,-0.10048,-1.60543,-0.07393,-0.17441,-1.79836,-0.10224,0.14946,-0.99193,-0.03514,0.15276,-1.36806,-0.08976,0.11193,-1.60982,-0.11262,0.06488,-1.81055,-0.11951,0.28257,-0.90601,-0.10624,0.37084,-1.20410,-0.14322,0.39560,-1.42357,-0.13549,0.39227,-1.61656,-0.12144
ok,-0.00000,0.00000,0.00000,-0.22176,-0.22281,-0.06252,-0.37675,-0.53452,-0.10064,-0.50400,-0.80527,-0.15173,-0.61269,-1.04160,-0.19378,-0.10069,-0.92094,0.05289,-0.23706,-1.18428,-0.06116,-0.37270,-1.21003,-0.16229,-0.48375,-1.14687,-0.20825,0.02117,-0.99978,0.02353,-0.01675,-1.37209,-0.02613,-0.10234,-1.60457,-0.07244,-0.17614,-1.79817,-0.09946,0.14642,-0.99187,-0.03526,0.15174,-1.36516,-0.08940,0.11086,-1.60749,-0.11067,0.06365,-1.80931,-0.11623,0.27821,-0.90631,-0.10667,0.36781,-1.20330,-0.14331,0.39242,-1.42301,-0.13466,0.38877,-1.61607,-0.11972
ok,-0.00000,0.00000,0.00000,-0.21938,-0.22033,-0.06583,-0.37621,-0.53293,-0.10570,-0.50230,-0.80533,-0.15744,-0.60946,-1.04038,-0.20038,-0.10424,-0.92129,0.04578,-0.23881,-1.18093,-0.06820,-0.37338,-1.20775,-0.16894,-0.48456,-1.14680,-0.21516,0.01916,-0.99982,0.01805,-0.01966,-1.37019,-0.03215,-0.10320,-1.60128,-0.07820,-0.17517,-1.79592,-0.10523,0.14515,-0.99160,-0.03878,0.15016,-1.36448,-0.09392,0.11031,-1.60600,-0.11560,0.06395,-1.80709,-0.12157,0.27832,-0.90437,-0.10826,0.36583,-1.20079,-0.14586,0.39022,-1.41939,-0.13754,0.38698,-1.61078,-0.12290
ok,-0.00000,0.00000,0.00000,-0.22077,-0.21990,-0.06543,-0.37766,-0.53134,-0.10506,-0.50459,-0.80358,-0.15697,-0.61354,-1.03754,-0.20016,-0.10595,-0.92068,0.04964,-0.23863,-1.17871,-0.06314,-0.37333,-1.20710,-0.16350,-0.48531,-1.14808,-0.20969,0.01770,-0.99984,0.02186,-0.02131,-1.36929,-0.02699,-0.10489,-1.59980,-0.07241,-0.17719,-1.79603,-0.09906,0.14391,-0.99288,-0.03527,0.14759,-1.36508,-0.08920,0.10752,-1.60628,-0.10990,0.06067,-1.80741,-0.11526,0.27800,-0.90694,-0.10523,0.36584,-1.20299,-0.14182,0.38953,-1.42172,-0.13299,0.38487,-1.61364,-0.11809
ok,-0.00000,0.00000,0.00000,-0.21923,-0.21997,-0.06462,-0.37567,-0.53096,-0.10472,-0.50101,-0.80310,-0.15740,-0.61108,-1.03635,-0.20137,-0.10525,-0.92099,0.05095,-0.23614,-1.17725,-0.06155,-0.37037,-1.20553,-0.16130,-0.48276,-1.14669,-0.20699,0.01870,-0.99983,0.02279,-0.02005,-1.36788,-0.02547,-0.10378,-1.59707,-0.06930,-0.17656,-1.79326,-0.09444,0.14471,-0.99259,-0.03481,0.15028,-1.36356,-0.08810,0.11000,-1.60504,-0.10746,0.06226,-1.80690,-0.11173,0.27851,-0.90608,-0.10525,0.36607,-1.20069,-0.14121,0.38955,-1.41885,-0.13166,0.38466,-1.61059,-0.11607
ok,-0.00000,0.00000,0.00000,-0.22036,-0.22078,-0.06459,-0.37743,-0.53262,-0.10406,-0.50320,-0.80402,-0.15607,-0.61163,-1.03768,-0.19943,-0.10672,-0.92137,0.05007,-0.23780,-1.17953,-0.06314,-0.37216,-1.20773,-0.16355,-0.48437,-1.14842,-0.20957,0.01725,-0.99985,0.02182,-0.02095,-1.36853,-0.02733,-0.10404,-1.59809,-0.07229,-0.17578,-1.79324,-0.09824,0.14344,-0.99278,-0.03578,0.14855,-1.36378,-0.08985,0.10883,-1.60536,-0.10983,0.06217,-1.80717,-0.11435,0.27766,-0.90684,-0.10618,0.36451,-1.20207,-0.14273,0.38904,-1.42022,-0.13340,0.38614,-1.61159,-0.11781
ok,-0.00000,0.00000,0.00000,-0.21850,-0.21826,-0.06639,-0.37438,-0.52942,-0.10799,-0.50044,-0.80137,-0.16192,-0.60888,-1.03567,-0.20722,-0.10571,-0.92135,0.04660,-0.23515,-1.17743,-0.06792,-0.36970,-1.20460,-0.16912,-0.48253,-1.14445,-0.21570,0.01867,-0.99983,0.01868,-0.02022,-1.36715,-0.03130,-0.10372,-1.59611,-0.07658,-0.17652,-1.79277,-0.10301,0.14481,-0.99231,-0.03869,0.14960,-1.36315,-0.09339,0.10927,-1.60381,-0.11423,0.06150,-1.80484,-0.11966,0.27847,-0.90514,-0.10897,0.36451,-1.20038,-0.14575,0.38913,-1.41865,-0.13701,0.38618,-1.60967,-0.12225
ok,-0.00000,0.00000,0.00000,-0.21986,-0.22026,-0.06595,-0.37572,-0.53245,-0.10553,-0.50228,-0.80396,-0.15722,-0.61152,-1.03888,-0.19990,-0.10314,-0.92123,0.04759,-0.23593,-1.18163,-0.06818,-0.37197,-1.20515,-0.17054,-0.48413,-1.14252,-0.21749,0.02002,-0.99980,0.01998,-0.01770,-1.36897,-0.03125,-0.10200,-1.59860,-0.07796,-0.17444,-1.79316,-0.10519,0.14525,-0.99186,-0.03719,0.15052,-1.36380,-0.09334,0.10941,-1.60475,-0.11511,0.06136,-1.80533,-0.12047,0.27761,-0.90573,-0.10718,0.36550,-1.20227,-0.14528,0.39045,-1.42105,-0.13725,0.38748,-1.61297,-0.12241
ok,-0.00000,0.00000,0.00000,-0.22009,-0.21794,-0.06609,-0.37640,-0.53222,-0.10507,-0.50241,-0.80449,-0.15597,-0.61178,-1.04009,-0.19776,-0.10414,-0.92120,0.04824,-0.23696,-1.18280,-0.06767,-0.37235,-1.20611,-0.17005,-0.48431,-1.14192,-0.21677,0.02004,-0.99980,0.02135,-0.01841,-1.36789,-0.02947,-0.10193,-1.59726,-0.07585,-0.17452,-1.79204,-0.10276,0.14589,-0.99159,-0.03520,0.15086,-1.36357,-0.09089,0.11060,-1.60338,-0.11207,0.06216,-1.80372,-0.11706,0.27878,-0.90483,-0.10459,0.36626,-1.20045,-0.14208,0.39104,-1.41812,-0.13356,0.38669,-1.60958,-0.11838
ok,-0.00000,0.00000,0.00000,-0.21994,-0.22008,-0.06240,-0.37242,-0.53356,-0.09904,-0.49890,-0.80155,-0.14851,-0.61035,-1.03520,-0.18872,-0.09550,-0.92052,0.05229,-0.23058,-1.18414,-0.06520,-0.36879,-1.20531,-0.16935,-0.48241,-1.14043,-0.21728,0.02571,-0.99967,0.02380,-0.01013,-1.36890,-0.02906,-0.09591,-1.60062,-0.07718,-0.17019,-1.79585,-0.10519,0.14885,-0.99089,-0.03443,0.15980,-1.36441,-0.09198,0.11908,-1.60673,-0.11552,0.06932,-1.80957,-0.12161,0.27797,-0.90483,-0.10516,0.36855,-1.20049,-0.14425,0.39529,-1.42034,-0.13812,0.39260,-1.61467,-0.12448
ok,-0.00000,0.00000,0.00000,-0.21642,-0.22220,-0.05268,-0.36422,-0.53338,-0.08410,-0.48897,-0.79393,-0.13027,-0.59910,-1.02485,-0.16675,-0.07756,-0.92158,0.06435,-0.22009,-1.18475,-0.05020,-0.36310,-1.19492,-0.15291,-0.47540,-1.12354,-0.19964,0.03636,-0.99934,0.03082,0.00286,-1.36622,-0.01900,-0.08511,-1.59997,-0.06616,-0.15970,-1.79369,-0.09366,0.15383,-0.98845,-0.03225,0.17278,-1.36073,-0.08740,0.13183,-1.60841,-0.11165,0.08186,-1.81559,-0.11825,0.27579,-0.90220,-0.10714,0.37109,-1.19671,-0.14517,0.40088,-1.41998,-0.13917,0.40067,-1.61680,-0.12553
ok,-0.00000,0.00000,0.00000,-0.21482,-0.22822,-0.04695,-0.36188,-0.52268,-0.07948,-0.48748,-0.76470,-0.12845,-0.58983,-0.99512,-0.16718,-0.06123,-0.91738,0.06285,-0.21410,-1.18227,-0.05772,-0.36378,-1.17782,-0.16289,-0.47623,-1.08564,-0.20892,0.04895,-0.99880,0.02436,0.01668,-1.37196,-0.03013,-0.07810,-1.61303,-0.07993,-0.15859,-1.80888,-0.10901,0.16237,-0.98599,-0.04375,0.18777,-1.36645,-0.10390,0.14681,-1.62524,-0.13407,0.09669,-1.83889,-0.14426,0.27567,-0.89729,-0.12272,0.37475,-1.19582,-0.16576,0.40824,-1.42678,-0.16425,0.41158,-1.62755,-0.15341
ok,-0.00000,0.00000,0.00000,-0.21588,-0.21971,-0.04854,-0.36597,-0.51815,-0.08198,-0.49828,-0.76261,-0.13217,-0.61248,-0.99139,-0.17251,-0.06489,-0.91711,0.06506,-0.22399,-1.18574,-0.05494,-0.37322,-1.17106,-0.16079,-0.48193,-1.07079,-0.20739,0.04371,-0.99904,0.02641,0.01098,-1.37202,-0.02662,-0.08155,-1.60877,-0.07677,-0.15998,-1.79852,-0.10638,0.15657,-0.98579,-0.04231,0.17996,-1.36431,-0.10050,0.14001,-1.62327,-0.12993,0.09233,-1.83918,-0.13994,0.26973,-0.89757,-0.12232,0.37174,-1.19824,-0.16239,0.40431,-1.42860,-0.15879,0.40623,-1.63013,-0.14706
ok,-0.00000,0.00000,0.00000,-0.21812,-0.21764,-0.04894,-0.36931,-0.51322,-0.08205,-0.50488,-0.75098,-0.13175,-0.61405,-0.97733,-0.17118,-0.06685,-0.91549,0.06555,-0.23211,-1.17887,-0.05553,-0.38254,-1.15617,-0.16237,-0.48982,-1.04886,-0.20923,0.04070,-0.99917,0.02703,0.00711,-1.37083,-0.02654,-0.08818,-1.60538,-0.07711,-0.16963,-1.79428,-0.10656,0.15311,-0.98635,-0.04177,0.17729,-1.36447,-0.10081,0.13648,-1.62154,-0.13082,0.08792,-1.83600,-0.14066,0.26511,-0.89730,-0.12185,0.36613,-1.19677,-0.16291,0.39766,-1.42709,-0.15973,0.39858,-1.62819,-0.14789
ok,-0.00000,0.00000,0.00000,-0.21742,-0.21600,-0.05287,-0.37052,-0.51008,-0.08776,-0.50797,-0.74678,-0.13854,-0.61815,-0.97086,-0.17865,-0.06976,-0.91431,0.06000,-0.23723,-1.17568,-0.06472,-0.38848,-1.14870,-0.17307,-0.49519,-1.03539,-0.22000,0.03911,-0.99923,0.02288,0.00594,-1.37174,-0.03413,-0.09166,-1.60611,-0.08511,-0.17567,-1.79508,-0.11400,0.15357,-0.98670,-0.04495,0.17967,-1.36463,-0.10780,0.13700,-1.62001,-0.13785,0.08579,-1.83280,-0.14650,0.26771,-0.89792,-0.12434,0.36998,-1.19867,-0.16870,0.40128,-1.42888,-0.16601,0.40145,-1.62942,-0.15354
ok,-0.00000,0.00000,0.00000,-0.21333,-0.22269,-0.04713,-0.36449,-0.51260,-0.08008,-0.48928,-0.74535,-0.12968,-0.59643,-0.97159,-0.16870,-0.05573,-0.91705,0.06629,-0.21812,-1.17410,-0.05367,-0.36591,-1.15478,-0.15568,-0.47427,-1.04108,-0.19729,0.05793,-0.99832,0.02848,0.03244,-1.36917,-0.02407,-0.06459,-1.60010,-0.06786,-0.15329,-1.77954,-0.09032,0.17501,-0.98034,-0.03951,0.21227,-1.35166,-0.10039,0.17237,-1.60132,-0.12497,0.11624,-1.80397,-0.12876,0.29011,-0.88317,-0.11847,0.40957,-1.16735,-0.16231,0.44905,-1.38784,-0.15714,0.45228,-1.58019,-0.14162
ok,-0.00000,0.00000,0.00000,-0.20682,-0.23858,-0.04687,-0.34636,-0.54329,-0.07845,-0.45919,-0.78988,-0.12544,-0.53515,-1.02987,-0.16102,-0.01076,-0.92359,0.05741,-0.15744,-1.17777,-0.05575,-0.30350,-1.17597,-0.14863,-0.41441,-1.07863,-0.18374,0.10908,-0.99403,0.02199,0.09420,-1.36783,-0.02223,0.01061,-1.60065,-0.05426,-0.06752,-1.78212,-0.06830,0.22799,-0.96509,-0.04239,0.28240,-1.32315,-0.09547,0.25686,-1.57213,-0.11193,0.21088,-1.77147,-0.11108,0.34016,-0.85503,-0.11804,0.48553,-1.11537,-0.15933,0.54180,-1.32916,-0.15249,0.55695,-1.51433,-0.13510
ok,-0.00000,0.00000,0.00000,-0.19610,-0.26386,-0.06306,-0.32820,-0.58951,-0.10221,-0.42655,-0.87047,-0.15463,-0.48921,-1.12885,-0.19547,0.03092,-0.92747,0.05064,-0.09781,-1.20588,-0.06879,-0.24103,-1.22945,-0.16917,-0.36039,-1.15139,-0.20924,0.16807,-0.98578,0.02605,0.17436,-1.36453,-0.01583,0.10718,-1.59997,-0.04495,0.03855,-1.79048,-0.05652,0.29198,-0.94787,-0.02955,0.36951,-1.29436,-0.07750,0.35673,-1.54122,-0.08819,0.31650,-1.74461,-0.08423,0.40118,-0.82190,-0.09851,0.56117,-1.03281,-0.13529,0.62827,-1.21834,-0.12504,0.65291,-1.38300,-0.10456
ok,-0.00000,0.00000,0.00000,-0.21106,-0.32568,-0.05506,-0.31693,-0.70862,-0.06922,-0.37240,-1.04511,-0.10138,-0.38014,-1.32662,-0.12252,0.08993,-0.93571,0.11529,0.01348,-1.25741,0.02319,-0.11896,-1.37981,-0.05826,-0.25419,-1.37812,-0.08387,0.26590,-0.96400,0.09478,0.31808,-1.37864,0.08748,0.28716,-1.63196,0.08025,0.24186,-1.84531,0.08429,0.42001,-0.91410,0.03967,0.53308,-1.26702,0.02080,0.54718,-1.50116,0.03640,0.52557,-1.67946,0.05730,0.55738,-0.77719,-0.03175,0.75782,-0.98587,-0.04461,0.85376,-1.17884,-0.01583,0.89864,-1.34468,0.01740
ok,-0.00000,0.00000,0.00000,-0.24020,-0.35972,-0.04494,-0.33837,-0.77599,-0.04783,-0.36723,-1.16659,-0.07358,-0.37286,-1.50565,-0.09043,0.09698,-0.92683,0.19068,0.03547,-1.30540,0.11861,-0.08242,-1.48345,0.04071,-0.21608,-1.53615,0.01428,0.29933,-0.95415,0.16651,0.37997,-1.39548,0.17763,0.36454,-1.67211,0.15917,0.32873,-1.91198,0.15180,0.47885,-0.90200,0.10419,0.62120,-1.25537,0.10256,0.63898,-1.51635,0.10396,0.61218,-1.73382,0.11050,0.63782,-0.77385,0.02544,0.87089,-0.98333,0.03261,0.98682,-1.18998,0.05947,1.04429,-1.37675,0.08517
ok,-0.00000,0.00000,0.00000,-0.28262,-0.38723,-0.01796,-0.38220,-0.81647,0.00222,-0.40233,-1.22763,-0.01019,-0.38494,-1.58429,-0.01656,0.08270,-0.92616,0.29730,0.02623,-1.31908,0.27139,-0.08561,-1.53320,0.21382,-0.21550,-1.62157,0.19788,0.31251,-0.94992,0.27034,0.39026,-1.40100,0.33179,0.38609,-1.68948,0.32392,0.35525,-1.94720,0.32025,0.51478,-0.89714,0.20341,0.65873,-1.26202,0.25213,0.68936,-1.53433,0.26145,0.66814,-1.76050,0.26527,0.69294,-0.76180,0.11947,0.92797,-0.96065,0.17144,1.05484,-1.16861,0.21352,1.11457,-1.35157,0.24431
ok,-0.00000,0.00000,0.00000,-0.29288,-0.40787,-0.01256,-0.38642,-0.84422,0.01871,-0.39863,-1.25613,0.01368,-0.37166,-1.61872,0.01628,0.09244,-0.92426,0.34454,0.04038,-1.33082,0.33017,-0.07349,-1.54513,0.27652,-0.20500,-1.63363,0.26439,0.32919,-0.94426,0.31937,0.41211,-1.38708,0.39600,0.41091,-1.67916,0.39053,0.37642,-1.93273,0.38998,0.53501,-0.89126,0.25189,0.68583,-1.24486,0.32063,0.71634,-1.51102,0.34108,0.69097,-1.73102,0.35263,0.71608,-0.75288,0.16570,0.95733,-0.94443,0.23796,1.09186,-1.14863,0.29247,1.15427,-1.32498,0.33299
ok,-0.00000,0.00000,0.00000,-0.28246,-0.40984,-0.00591,-0.37218,-0.84432,0.02744,-0.38529,-1.24862,0.02248,-0.35323,-1.60477,0.02457,0.10003,-0.92710,0.35617,0.05142,-1.31645,0.34332,-0.06121,-1.52236,0.28842,-0.18973,-1.60748,0.27444,0.33223,-0.94320,0.32769,0.41487,-1.37076,0.40409,0.41618,-1.65376,0.39510,0.38396,-1.89733,0.39238,0.53355,-0.88643,0.25735,0.68136,-1.23825,0.32675,0.71979,-1.49822,0.34576,0.70167,-1.71268,0.35608,0.70939,-0.74256,0.16892,0.94197,-0.92351,0.24138,1.07844,-1.11717,0.29554,1.14506,-1.28515,0.33610
ok,-0.00000,0.00000,0.00000,-0.28323,-0.39445,-0.01383,-0.37951,-0.82681,0.01736,-0.39434,-1.22864,0.01355,-0.36157,-1.58052,0.01691,0.09548,-0.92831,0.33955,0.04542,-1.31624,0.32418,-0.07204,-1.51254,0.26268,-0.20181,-1.59660,0.24156,0.31977,-0.94750,0.31505,0.39369,-1.37287,0.38582,0.39220,-1.65471,0.36354,0.35853,-1.89804,0.34656,0.51749,-0.89237,0.24955,0.65405,-1.24536,0.31308,0.69181,-1.49621,0.31646,0.67401,-1.70530,0.31268,0.69331,-0.75196,0.16627,0.91867,-0.94546,0.23598,1.05015,-1.13891,0.28197,1.11347,-1.30993,0.31255
ok,-0.00000,0.00000,0.00000,-0.20583,-0.28936,-0.06714,-0.30812,-0.69322,-0.09178,-0.34109,-1.05066,-0.12656,-0.33070,-1.34741,-0.14866,0.12585,-0.92198,0.08270,0.05047,-1.25989,-0.01628,-0.06957,-1.38401,-0.09785,-0.20454,-1.39266,-0.12405,0.30334,-0.95288,0.06750,0.37712,-1.34711,0.03396,0.35762,-1.60872,0.01242,0.32429,-1.83077,0.01090,0.45775,-0.89038,0.01879,0.59271,-1.22251,-0.02878,0.61182,-1.44434,-0.03869,0.59739,-1.62730,-0.02941,0.60097,-0.73434,-0.04302,0.80610,-0.93500,-0.06952,0.92514,-1.10867,-0.05438,1.00136,-1.28014,-0.03167
ok,-0.00000,0.00000,0.00000,-0.20726,-0.26868,-0.06883,-0.31317,-0.64870,-0.10069,-0.37014,-0.98108,-0.13961,-0.39166,-1.26775,-0.16602,0.11766,-0.92213,0.03900,0.01811,-1.24909,-0.07417,-0.12424,-1.33638,-0.16480,-0.26616,-1.31118,-0.19592,0.28175,-0.95949,0.02340,0.34468,-1.36247,-0.01358,0.31721,-1.64015,-0.03605,0.27961,-1.86201,-0.03837,0.42331,-0.89549,-0.02213,0.56218,-1.24829,-0.07556,0.58900,-1.49131,-0.08839,0.58437,-1.68484,-0.07928,0.54883,-0.73912,-0.07904,0.74650,-0.94355,-0.12018,0.86201,-1.11366,-0.10973,0.94202,-1.27968,-0.08540
ok,-0.00000,0.00000,0.00000,-0.18948,-0.23424,-0.07484,-0.31063,-0.58784,-0.12534,-0.40685,-0.88603,-0.18152,-0.44847,-1.15099,-0.22488,0.09901,-0.91744,-0.00652,-0.02543,-1.23644,-0.14333,-0.18204,-1.27128,-0.24937,-0.31781,-1.20602,-0.29100,0.24403,-0.96977,-0.03033,0.28784,-1.38456,-0.09415,0.24570,-1.66403,-0.13409,0.19913,-1.87911,-0.14923,0.37184,-0.91157,-0.08214,0.50081,-1.29095,-0.15877,0.52490,-1.55866,-0.19114,0.51953,-1.76981,-0.19542,0.48095,-0.75914,-0.14324,0.66104,-0.97904,-0.19751,0.75748,-1.16418,-0.19495,0.81711,-1.33486,-0.17794
ok,-0.00000,0.00000,0.00000,-0.18627,-0.21929,-0.07209,-0.32075,-0.53790,-0.13121,-0.44386,-0.79775,-0.19765,-0.51420,-1.03891,-0.25094,0.03137,-0.91974,-0.02153,-0.12453,-1.22103,-0.16842,-0.28061,-1.19966,-0.28305,-0.38844,-1.09104,-0.32925,0.16429,-0.98641,-0.05573,0.18558,-1.39582,-0.13564,0.12024,-1.67045,-0.18703,0.05915,-1.87908,-0.21003,0.28968,-0.93967,-0.11757,0.40117,-1.32144,-0.20725,0.41505,-1.59481,-0.25231,0.40969,-1.81202,-0.26384,0.39875,-0.80786,-0.18807,0.57849,-1.07966,-0.24961,0.68226,-1.29171,-0.25358,0.75469,-1.48011,-0.24238
ok,-0.00000,0.00000,0.00000,-0.18834,-0.21890,-0.05898,-0.33274,-0.50957,-0.11255,-0.46171,-0.73704,-0.17756,-0.54100,-0.95718,-0.23113,-0.00752,-0.92238,-0.00387,-0.17776,-1.19142,-0.14921,-0.32976,-1.13867,-0.26369,-0.42570,-1.00742,-0.31086,0.11441,-0.99343,-0.04437,0.11709,-1.39129,-0.12434,0.03763,-1.64257,-0.17966,-0.03292,-1.82994,-0.20721,0.23601,-0.95492,-0.11176,0.33597,-1.32799,-0.20035,0.33790,-1.59233,-0.25150,0.32161,-1.80658,-0.26933,0.34266,-0.83294,-0.18678,0.50555,-1.09586,-0.24800,0.59570,-1.30349,-0.25609,0.65864,-1.48931,-0.24969
ok,-0.00000,0.00000,0.00000,-0.19970,-0.20086,-0.06251,-0.35571,-0.47131,-0.11515,-0.49909,-0.68292,-0.17934,-0.58332,-0.89369,-0.23131,-0.06213,-0.91319,0.00110,-0.25088,-1.16347,-0.15079,-0.39620,-1.09753,-0.27445,-0.48144,-0.96169,-0.32736,0.05178,-0.99866,-0.03663,0.02423,-1.39429,-0.11885,-0.06805,-1.64058,-0.17703,-0.14954,-1.82633,-0.20743,0.17233,-0.97465,-0.10287,0.23057,-1.36223,-0.18721,0.21562,-1.61801,-0.23069,0.18743,-1.82505,-0.24398,0.28744,-0.86852,-0.17872,0.40927,-1.15836,-0.23604,0.47715,-1.38164,-0.24036,0.52383,-1.58175,-0.23114
ok,-0.00000,0.00000,0.00000,-0.20882,-0.19762,-0.04461,-0.37205,-0.46485,-0.08647,-0.51976,-0.66128,-0.14449,-0.63086,-0.85193,-0.19075,-0.07724,-0.91362,0.02914,-0.27493,-1.14682,-0.11299,-0.43223,-1.07058,-0.23142,-0.52493,-0.93430,-0.28290,0.02343,-0.99973,-0.01670,-0.01612,-1.37549,-0.08938,-0.12381,-1.61458,-0.14643,-0.20855,-1.79920,-0.17807,0.13757,-0.98349,-0.09039,0.19858,-1.35945,-0.16800,0.17646,-1.61716,-0.21201,0.14649,-1.83086,-0.22726,0.24878,-0.89261,-0.17262,0.37987,-1.17843,-0.22773,0.44237,-1.40002,-0.23318,0.47999,-1.60000,-0.22514
ok,-0.00000,0.00000,0.00000,-0.21553,-0.19046,-0.04377,-0.38176,-0.45417,-0.08529,-0.53706,-0.64614,-0.14219,-0.64025,-0.83944,-0.18758,-0.10084,-0.91110,0.02037,-0.30171,-1.14517,-0.12204,-0.45956,-1.06507,-0.24001,-0.55271,-0.92128,-0.29186,-0.00228,-1.00000,-0.02548,-0.04585,-1.38341,-0.10019,-0.15928,-1.61664,-0.16002,-0.25006,-1.79627,-0.19497,0.10950,-0.98710,-0.09816,0.16226,-1.37285,-0.17503,0.13277,-1.63196,-0.22288,0.09537,-1.84467,-0.24313,0.21732,-0.90089,-0.17904,0.33764,-1.19447,-0.23438,0.39605,-1.42287,-0.24357,0.43035,-1.63040,-0.24012
ok,-0.00000,0.00000,0.00000,-0.21899,-0.18442,-0.04077,-0.38763,-0.45172,-0.07736,-0.53647,-0.64615,-0.13027,-0.64329,-0.83931,-0.17254,-0.10776,-0.91070,0.03310,-0.29958,-1.13722,-0.09819,-0.45206,-1.06416,-0.20655,-0.54495,-0.92318,-0.25317,-0.00864,-0.99996,-0.01325,-0.05539,-1.37523,-0.07938,-0.16293,-1.60689,-0.13364,-0.24754,-1.78720,-0.16503,0.10233,-0.98920,-0.08633,0.14358,-1.37636,-0.15856,0.11396,-1.63508,-0.20157,0.07804,-1.84733,-0.21890,0.21030,-0.90134,-0.16763,0.33190,-1.19572,-0.22201,0.38236,-1.42168,-0.22963,0.40611,-1.62266,-0.22468
ok,-0.00000,0.00000,0.00000,-0.21989,-0.18486,-0.04637,-0.38378,-0.45482,-0.08344,-0.53073,-0.65672,-0.13612,-0.64010,-0.85399,-0.17774,-0.10299,-0.90468,0.03130,-0.28701,-1.14305,-0.09602,-0.43615,-1.07617,-0.20051,-0.52866,-0.93424,-0.24458,0.00078,-1.00000,-0.01002,-0.04710,-1.37181,-0.07249,-0.15659,-1.60083,-0.12246,-0.24429,-1.77613,-0.15056,0.11333,-0.99264,-0.07860,0.15756,-1.37144,-0.14674,0.12947,-1.62520,-0.18485,0.09249,-1.82958,-0.19900,0.22096,-0.90682,-0.15661,0.34215,-1.19611,-0.21013,0.39551,-1.41897,-0.21726,0.42208,-1.61485,-0.21114
ok,-0.00000,0.00000,0.00000,-0.22302,-0.18868,-0.04169,-0.38944,-0.45986,-0.07343,-0.53350,-0.66146,-0.12118,-0.63087,-0.86599,-0.15779,-0.10195,-0.90583,0.04140,-0.28560,-1.14444,-0.08514,-0.43556,-1.08689,-0.19194,-0.53064,-0.95300,-0.23742,0.00271,-1.00000,-0.00048,-0.04739,-1.37161,-0.05999,-0.15628,-1.60066,-0.11088,-0.24316,-1.77522,-0.13990,0.11751,-0.99570,-0.06961,0.15612,-1.37384,-0.13478,0.12653,-1.62445,-0.17252,0.08787,-1.82745,-0.18658,0.22935,-0.91445,-0.14788,0.34837,-1.20160,-0.19764,0.40120,-1.42243,-0.20219,0.42673,-1.61880,-0.19446
ok,-0.00000,0.00000,0.00000,-0.22280,-0.19081,-0.04169,-0.38814,-0.46469,-0.07172,-0.52869,-0.66763,-0.11770,-0.62345,-0.87528,-0.15240,-0.09588,-0.90633,0.04531,-0.27694,-1.14696,-0.07910,-0.42773,-1.09552,-0.18401,-0.52556,-0.96631,-0.22806,0.00958,-0.99995,0.00396,-0.03747,-1.37223,-0.05360,-0.14440,-1.60453,-0.10353,-0.23051,-1.78355,-0.13161,0.12521,-0.99494,-0.06485,0.16661,-1.37003,-0.12860,0.13817,-1.62109,-0.16536,0.09974,-1.82426,-0.17842,0.23880,-0.91404,-0.14296,0.36016,-1.20230,-0.19185,0.41476,-1.42333,-0.19562,0.44162,-1.61913,-0.18705
ok,-0.00000,0.00000,0.00000,-0.22451,-0.19905,-0.04017,-0.38412,-0.47192,-0.06823,-0.52112,-0.68272,-0.11311,-0.61439,-0.89886,-0.14717,-0.08194,-0.90335,0.05615,-0.26188,-1.14588,-0.06430,-0.41613,-1.10638,-0.16772,-0.52035,-0.98889,-0.21175,0.02542,-0.99968,0.01464,-0.01797,-1.37256,-0.03972,-0.12380,-1.60557,-0.08817,-0.21187,-1.78558,-0.11541,0.14285,-0.99608,-0.05481,0.18746,-1.36940,-0.11653,0.16072,-1.61903,-0.15090,0.12132,-1.82091,-0.16243,0.25723,-0.91473,-0.13384,0.38321,-1.20096,-0.18148,0.44068,-1.42332,-0.18405,0.46877,-1.61882,-0.17459
ok,-0.00000,0.00000,0.00000,-0.22269,-0.19705,-0.04203,-0.38403,-0.47341,-0.07242,-0.52003,-0.69008,-0.11869,-0.61361,-0.90773,-0.15403,-0.08013,-0.90385,0.05055,-0.25919,-1.14853,-0.06938,-0.41204,-1.11230,-0.17129,-0.51547,-0.99702,-0.21473,0.02696,-0.99964,0.00986,-0.01645,-1.37202,-0.04524,-0.12013,-1.60808,-0.09315,-0.20529,-1.79134,-0.11985,0.14413,-0.99551,-0.05834,0.18757,-1.36864,-0.12075,0.16071,-1.61729,-0.15494,0.12329,-1.81852,-0.16645,0.25945,-0.91345,-0.13592,0.38434,-1.19547,-0.18516,0.44423,-1.41659,-0.18842,0.47685,-1.61272,-0.17935
ok,-0.00000,0.00000,0.00000,-0.22535,-0.19583,-0.04062,-0.38676,-0.47364,-0.06927,-0.52162,-0.69029,-0.11357,-0.61726,-0.90958,-0.14688,-0.08168,-0.90347,0.05312,-0.25938,-1.14839,-0.06282,-0.41216,-1.11584,-0.16102,-0.51615,-1.00439,-0.20245,0.02519,-0.99968,0.01202,-0.01695,-1.37282,-0.04012,-0.12083,-1.61169,-0.08625,-0.20651,-1.79793,-0.11203,0.14231,-0.99500,-0.05641,0.18588,-1.36721,-0.11676,0.15778,-1.61717,-0.15020,0.11999,-1.82037,-0.16173,0.25762,-0.91285,-0.13408,0.38468,-1.19573,-0.18303,0.44299,-1.41761,-0.18652,0.47336,-1.61557,-0.17786
ok,-0.00000,0.00000,0.00000,-0.22602,-0.19944,-0.03931,-0.38669,-0.47645,-0.06668,-0.51956,-0.69497,-0.11018,-0.61497,-0.91692,-0.14276,-0.07846,-0.90353,0.05831,-0.25579,-1.14833,-0.05610,-0.40815,-1.11966,-0.15211,-0.51263,-1.00788,-0.19142,0.02930,-0.99957,0.01720,-0.01074,-1.37476,-0.03280,-0.11364,-1.61228,-0.07581,-0.19923,-1.79722,-0.09842,0.14627,-0.99508,-0.05155,0.19277,-1.36798,-0.11136,0.16620,-1.61922,-0.14217,0.12833,-1.82151,-0.15076,0.26204,-0.91311,-0.12958,0.39200,-1.19657,-0.17885,0.45141,-1.41982,-0.18129,0.48128,-1.61732,-0.17069
ok,-0.00000,0.00000,0.00000,-0.22682,-0.19878,-0.03774,-0.38971,-0.47763,-0.06349,-0.52052,-0.69657,-0.10541,-0.61614,-0.91699,-0.13647,-0.07734,-0.90408,0.06158,-0.25195,-1.15132,-0.04920,-0.40410,-1.12453,-0.14335,-0.50859,-1.01667,-0.18207,0.03161,-0.99950,0.02048,-0.00946,-1.37410,-0.02652,-0.11204,-1.61409,-0.06906,-0.19644,-1.80055,-0.09194,0.15000,-0.99490,-0.04789,0.19431,-1.36793,-0.10462,0.16795,-1.61922,-0.13531,0.13138,-1.82107,-0.14457,0.26804,-0.91243,-0.12543,0.39828,-1.19418,-0.17242,0.45768,-1.41605,-0.17431,0.48813,-1.61137,-0.16370
ok,-0.00000,0.00000,0.00000,-0.22981,-0.19984,-0.03452,-0.39191,-0.47417,-0.05781,-0.52249,-0.69047,-0.09739,-0.61595,-0.90984,-0.12617,-0.07855,-0.90285,0.06411,-0.25566,-1.15198,-0.04652,-0.40889,-1.12604,-0.14185,-0.51443,-1.01893,-0.18188,0.03052,-0.99953,0.02221,-0.01027,-1.37706,-0.02494,-0.11394,-1.62033,-0.07048,-0.20036,-1.80923,-0.09693,0.15021,-0.99609,-0.04666,0.19383,-1.37202,-0.10293,0.16562,-1.62399,-0.13774,0.12668,-1.82793,-0.15124,0.27012,-0.91579,-0.12417,0.40004,-1.19936,-0.17008,0.45930,-1.42243,-0.17399,0.48955,-1.62166,-0.16641
ok,-0.00000,0.00000,0.00000,-0.22861,-0.19657,-0.03533,-0.39090,-0.47436,-0.05778,-0.52249,-0.69067,-0.09589,-0.61625,-0.90803,-0.12316,-0.07796,-0.90267,0.06167,-0.25561,-1.15288,-0.04810,-0.40832,-1.12629,-0.14238,-0.51400,-1.01777,-0.18165,0.03116,-0.99951,0.02112,-0.01047,-1.37700,-0.02535,-0.11413,-1.61963,-0.07034,-0.20131,-1.80697,-0.09648,0.15114,-0.99511,-0.04619,0.19275,-1.37195,-0.10213,0.16309,-1.62368,-0.13743,0.12290,-1.82744,-0.15145,0.27168,-0.91362,-0.12197,0.39891,-1.19799,-0.16757,0.45718,-1.42059,-0.17185,0.48641,-1.62040,-0.16480
ok,-0.00000,0.00000,0.00000,-0.22601,-0.19919,-0.03576,-0.38769,-0.47803,-0.05984,-0.51952,-0.69369,-0.09965,-0.61173,-0.91154,-0.12850,-0.07533,-0.90446,0.05934,-0.25221,-1.15715,-0.05238,-0.40422,-1.12686,-0.14769,-0.50817,-1.01363,-0.18702,0.03369,-0.99943,0.01836,-0.00805,-1.37702,-0.02949,-0.11132,-1.61732,-0.07485,-0.19728,-1.80198,-0.10087,0.15317,-0.99424,-0.04938,0.19422,-1.37090,-0.10588,0.16423,-1.62039,-0.14055,0.12432,-1.82104,-0.15386,0.27262,-0.91156,-0.12566,0.39942,-1.19539,-0.17095,0.45766,-1.41732,-0.17433,0.48762,-1.61568,-0.16646
ok,-0.00000,0.00000,0.00000,-0.22680,-0.20082,-0.03867,-0.38927,-0.47707,-0.06492,-0.52214,-0.69624,-0.10646,-0.61472,-0.91879,-0.13715,-0.07721,-0.90493,0.05751,-0.25703,-1.15814,-0.05589,-0.40701,-1.13089,-0.15187,-0.50969,-1.01761,-0.19160,0.03044,-0.99954,0.01718,-0.01416,-1.37880,-0.03276,-0.11606,-1.61768,-0.07879,-0.20143,-1.80003,-0.10518,0.14943,-0.99358,-0.05033,0.18114,-1.37886,-0.11002,0.14949,-1.62898,-0.14419,0.10861,-1.83007,-0.15680,0.27080,-0.90965,-0.12638,0.39380,-1.19755,-0.17404,0.44593,-1.42288,-0.17757,0.46829,-1.62557,-0.16968
ok,-0.00000,0.00000,0.00000,-0.22568,-0.20288,-0.04078,-0.38817,-0.48280,-0.06731,-0.52186,-0.70279,-0.10906,-0.61331,-0.92659,-0.13985,-0.07757,-0.90708,0.05712,-0.25198,-1.16471,-0.05535,-0.40082,-1.13495,-0.15126,-0.50098,-1.02323,-0.19130,0.02943,-0.99957,0.01809,-0.01473,-1.37556,-0.03144,-0.11582,-1.61203,-0.07838,-0.19846,-1.79271,-0.10594,0.14785,-0.99326,-0.04829,0.17651,-1.37588,-0.10655,0.14288,-1.62590,-0.14092,0.10181,-1.82829,-0.15427,0.26887,-0.90915,-0.12356,0.38701,-1.19786,-0.16901,0.43447,-1.42193,-0.17160,0.45381,-1.62260,-0.16365
ok,-0.00000,0.00000,0.00000,-0.22520,-0.20090,-0.03956,-0.38691,-0.48281,-0.06535,-0.52099,-0.70349,-0.10630,-0.61167,-0.92719,-0.13665,-0.07688,-0.90936,0.05598,-0.25367,-1.17201,-0.05712,-0.40284,-1.14102,-0.15457,-0.50147,-1.02842,-0.19529,0.02710,-0.99963,0.01564,-0.02162,-1.38149,-0.03227,-0.12457,-1.61480,-0.08013,-0.20784,-1.79296,-0.10949,0.14361,-0.99103,-0.05194,0.16208,-1.37160,-0.10759,0.12028,-1.62293,-0.14343,0.07483,-1.82960,-0.15952,0.26321,-0.90669,-0.12853,0.37179,-1.20203,-0.17030,0.41123,-1.42952,-0.17227,0.42341,-1.63378,-0.16569
ok,-0.00000,0.00000,0.00000,-0.22428,-0.18999,-0.04917,-0.38684,-0.47385,-0.08048,-0.52263,-0.69582,-0.12406,-0.61970,-0.91512,-0.15622,-0.08850,-0.91152,0.04053,-0.27161,-1.17749,-0.07842,-0.41904,-1.13521,-0.18040,-0.51336,-1.01547,-0.22384,0.01234,-0.99992,0.00476,-0.04575,-1.38785,-0.04922,-0.15414,-1.61888,-0.10068,-0.24667,-1.78950,-0.13177,0.12585,-0.98792,-0.05818,0.12701,-1.37745,-0.11553,0.07622,-1.63444,-0.15286,0.02029,-1.84041,-0.16974,0.24326,-0.90122,-0.13078,0.32484,-1.20538,-0.17165,0.34847,-1.43467,-0.17325,0.34447,-1.63773,-0.16629
ok,-0.00000,0.00000,0.00000,-0.22491,-0.18830,-0.05194,-0.39242,-0.46336,-0.09000,-0.53333,-0.67794,-0.14162,-0.62813,-0.89471,-0.18201,-0.10776,-0.91218,0.03141,-0.28952,-1.17695,-0.10074,-0.43467,-1.11409,-0.21257,-0.52533,-0.98145,-0.26049,-0.00870,-0.99996,-0.00716,-0.07231,-1.39116,-0.07049,-0.18121,-1.61752,-0.12711,-0.27418,-1.78820,-0.16058,0.10358,-0.98741,-0.07366,0.09728,-1.37839,-0.13732,0.04159,-1.63232,-0.17470,-0.01844,-1.83667,-0.18981,0.21880,-0.90132,-0.15048,0.28738,-1.21815,-0.19258,0.29954,-1.45098,-0.19248,0.28441,-1.65266,-0.18340
ok,-0.00000,0.00000,0.00000,-0.22236,-0.17603,-0.05090,-0.39080,-0.44165,-0.09124,-0.53293,-0.64461,-0.14485,-0.63125,-0.85329,-0.18760,-0.13301,-0.91031,0.02280,-0.31817,-1.15601,-0.11262,-0.46195,-1.07357,-0.22597,-0.54668,-0.93048,-0.27488,-0.03473,-0.99940,-0.01756,-0.09088,-1.38213,-0.08532,-0.19823,-1.60361,-0.14410,-0.28567,-1.77437,-0.17919,0.07770,-0.98564,-0.08501,0.07955,-1.37246,-0.15409,0.02233,-1.62292,-0.19380,-0.03610,-1.82894,-0.20997,0.19201,-0.89793,-0.16195,0.26325,-1.21256,-0.20937,0.27609,-1.44488,-0.21160,0.26456,-1.65263,-0.20375
ok,-0.00000,0.00000,0.00000,-0.22024,-0.16971,-0.05158,-0.39848,-0.42486,-0.10293,-0.55805,-0.60045,-0.16883,-0.65922,-0.78250,-0.22558,-0.15829,-0.91360,-0.00269,-0.35321,-1.11823,-0.15277,-0.50176,-1.02324,-0.27412,-0.59044,-0.87648,-0.32869,-0.06300,-0.99801,-0.05079,-0.12298,-1.38419,-0.13643,-0.23279,-1.61375,-0.20495,-0.32455,-1.79118,-0.24565,0.04794,-0.97596,-0.12476,0.06412,-1.37829,-0.21177,0.01675,-1.63744,-0.26461,-0.03562,-1.84948,-0.28790,0.15344,-0.87499,-0.20693,0.22492,-1.19796,-0.26923,0.25026,-1.44152,-0.28145,0.25350,-1.65738,-0.28018
ok,-0.00000,0.00000,0.00000,-0.22836,-0.15788,-0.04698,-0.41803,-0.39811,-0.10235,-0.58138,-0.56503,-0.17342,-0.69979,-0.73311,-0.23633,-0.21226,-0.90627,-0.00700,-0.40929,-1.09555,-0.15711,-0.54826,-0.98649,-0.27827,-0.62776,-0.82587,-0.33407,-0.11378,-0.99351,-0.06081,-0.17704,-1.38298,-0.14755,-0.28571,-1.61745,-0.21791,-0.37431,-1.79860,-0.26182,0.00255,-0.97478,-0.13928,0.02125,-1.38893,-0.22928,-0.02873,-1.64760,-0.28588,-0.08339,-1.85860,-0.31329,0.11363,-0.87459,-0.22487,0.19420,-1.20193,-0.29078,0.22283,-1.44569,-0.30629,0.23067,-1.65905,-0.30881
ok,-0.00000,0.00000,0.00000,-0.25072,-0.15136,-0.04134,-0.45979,-0.37328,-0.09728,-0.62201,-0.52492,-0.17028,-0.74297,-0.68495,-0.23707,-0.25772,-0.90173,-0.01660,-0.47482,-1.07798,-0.17363,-0.61806,-0.96123,-0.29808,-0.69590,-0.79645,-0.35561,-0.16420,-0.98643,-0.07468,-0.24929,-1.38717,-0.16559,-0.36698,-1.63331,-0.23959,-0.45983,-1.82839,-0.28716,-0.05036,-0.96554,-0.15610,-0.04006,-1.39604,-0.24938,-0.08433,-1.67385,-0.31197,-0.13125,-1.89619,-0.34425,0.06155,-0.86155,-0.24375,0.14870,-1.20356,-0.31672,0.18084,-1.45888,-0.33834,0.19190,-1.67801,-0.34450
ok,-0.00000,0.00000,0.00000,-0.26309,-0.14725,-0.03615,-0.48330,-0.35100,-0.09327,-0.64641,-0.49087,-0.16901,-0.78791,-0.62266,-0.23984,-0.30146,-0.89217,-0.01682,-0.53426,-1.04175,-0.17212,-0.67846,-0.90388,-0.29557,-0.75331,-0.73007,-0.35313,-0.21345,-0.97695,-0.08007,-0.32670,-1.37832,-0.16999,-0.45868,-1.62479,-0.24385,-0.56170,-1.81799,-0.29172,-0.10180,-0.95660,-0.16555,-0.11064,-1.39303,-0.25685,-0.16537,-1.67946,-0.32015,-0.22165,-1.90519,-0.35404,0.01093,-0.84828,-0.25698,0.07964,-1.20577,-0.32812,0.09741,-1.46665,-0.34748,0.09725,-1.68671,-0.35283
ok,-0.00000,0.00000,0.00000,-0.27412,-0.14657,-0.03865,-0.48880,-0.32210,-0.10304,-0.66535,-0.43162,-0.18690,-0.81226,-0.56162,-0.26595,-0.33108,-0.88236,-0.01610,-0.57631,-1.00425,-0.17669,-0.71293,-0.84788,-0.30679,-0.77805,-0.66612,-0.36839,-0.24958,-0.96835,-0.07928,-0.37683,-1.36076,-0.17240,-0.51426,-1.59092,-0.25175,-0.62182,-1.77019,-0.30366,-0.14005,-0.94856,-0.16514,-0.16318,-1.38096,-0.25756,-0.22740,-1.65702,-0.32074,-0.29357,-1.87407,-0.35462,-0.02869,-0.84213,-0.25714,0.01103,-1.19767,-0.32615,0.01140,-1.45277,-0.34180,-0.00202,-1.66699,-0.34462
ok,-0.00000,0.00000,0.00000,-0.28191,-0.14044,-0.04480,-0.50260,-0.30181,-0.10785,-0.68672,-0.40460,-0.18873,-0.82780,-0.54970,-0.26332,-0.36337,-0.86907,-0.01362,-0.61123,-0.98461,-0.17530,-0.73303,-0.81093,-0.30853,-0.78078,-0.61906,-0.37220,-0.27892,-0.96031,-0.07190,-0.41483,-1.34062,-0.16481,-0.55521,-1.56099,-0.25047,-0.66243,-1.73884,-0.30950,-0.16469,-0.94453,-0.15375,-0.20911,-1.37221,-0.24440,-0.28300,-1.63912,-0.31031,-0.35518,-1.85364,-0.34823,-0.04642,-0.84461,-0.24238,-0.02702,-1.19477,-0.30957,-0.04054,-1.44503,-0.32710,-0.06490,-1.65760,-0.33257
ok,-0.00000,0.00000,0.00000,-0.28422,-0.12833,-0.05631,-0.50934,-0.27509,-0.12165,-0.69047,-0.37859,-0.20295,-0.83319,-0.52741,-0.27691,-0.38634,-0.85416,-0.01468,-0.62995,-0.96830,-0.17555,-0.74081,-0.79427,-0.30707,-0.77955,-0.60238,-0.36937,-0.30449,-0.95252,-0.06587,-0.45375,-1.32191,-0.15942,-0.59411,-1.53691,-0.24563,-0.70243,-1.71330,-0.30429,-0.19245,-0.94884,-0.14188,-0.25734,-1.37239,-0.23478,-0.33926,-1.63250,-0.30000,-0.42003,-1.84272,-0.33606,-0.07109,-0.86233,-0.22554,-0.07298,-1.21071,-0.29305,-0.10128,-1.45433,-0.30936,-0.14025,-1.65969,-0.31301
ok,-0.00000,0.00000,0.00000,-0.28827,-0.10926,-0.05700,-0.51775,-0.25789,-0.12005,-0.70043,-0.36688,-0.20040,-0.85742,-0.50430,-0.27340,-0.41168,-0.84042,-0.00454,-0.65050,-0.96286,-0.16429,-0.75891,-0.79137,-0.29534,-0.79875,-0.60165,-0.35738,-0.33091,-0.94366,-0.05557,-0.48308,-1.30393,-0.14720,-0.61813,-1.52358,-0.23344,-0.71867,-1.71222,-0.29227,-0.21913,-0.94792,-0.13241,-0.28775,-1.36379,-0.22356,-0.37110,-1.62195,-0.28649,-0.44915,-1.83546,-0.32057,-0.09484,-0.87109,-0.21784,-0.09922,-1.22195,-0.28253,-0.13029,-1.46621,-0.29749,-0.16877,-1.67367,-0.30021
ok,-0.00000,0.00000,0.00000,-0.28379,-0.08782,-0.06205,-0.51522,-0.23001,-0.12770,-0.70780,-0.32012,-0.20885,-0.86214,-0.46371,-0.28181,-0.42406,-0.82622,-0.01800,-0.65562,-0.93188,-0.17576,-0.76590,-0.77192,-0.30474,-0.80704,-0.59674,-0.36664,-0.35223,-0.93591,-0.06653,-0.52467,-1.29675,-0.15701,-0.66843,-1.49631,-0.23468,-0.78125,-1.66205,-0.28572,-0.24851,-0.95043,-0.14041,-0.33126,-1.35784,-0.22984,-0.42385,-1.59728,-0.28393,-0.51662,-1.78938,-0.31131,-0.13036,-0.88438,-0.22399,-0.14880,-1.23232,-0.28822,-0.18009,-1.47214,-0.29783,-0.22197,-1.67365,-0.29632
ok,-0.00000,0.00000,0.00000,-0.28589,-0.08749,-0.04515,-0.52068,-0.22666,-0.10341,-0.71064,-0.32949,-0.18186,-0.87566,-0.46962,-0.25287,-0.42812,-0.81686,0.01376,-0.65412,-0.94418,-0.14194,-0.76445,-0.78511,-0.27088,-0.80895,-0.60257,-0.33139,-0.35742,-0.93394,-0.04228,-0.52048,-1.28764,-0.12414,-0.66629,-1.49304,-0.19702,-0.77790,-1.66479,-0.24576,-0.25271,-0.95520,-0.12516,-0.33582,-1.36332,-0.20537,-0.43286,-1.60787,-0.25173,-0.52226,-1.80174,-0.27525,-0.13341,-0.89427,-0.21780,-0.14564,-1.24357,-0.27586,-0.18469,-1.48516,-0.28293,-0.23079,-1.68254,-0.27983
ok,-0.00000,0.00000,0.00000,-0.28787,-0.07610,-0.04468,-0.52180,-0.21124,-0.09833,-0.71561,-0.31295,-0.17123,-0.88275,-0.45591,-0.23688,-0.42723,-0.81377,0.02247,-0.66012,-0.93232,-0.12809,-0.77265,-0.77770,-0.25674,-0.81843,-0.59972,-0.31855,-0.36067,-0.93269,-0.03144,-0.52951,-1.27809,-0.10923,-0.67548,-1.47918,-0.18432,-0.78654,-1.64437,-0.23591,-0.25904,-0.95691,-0.11201,-0.34554,-1.35776,-0.18857,-0.44322,-1.60362,-0.23692,-0.53531,-1.79864,-0.26311,-0.14126,-0.89964,-0.20219,-0.16246,-1.24318,-0.25622,-0.20952,-1.47618,-0.26176,-0.26492,-1.66705,-0.25884
ok,-0.00000,0.00000,0.00000,-0.28494,-0.06653,-0.04891,-0.51407,-0.19602,-0.10201,-0.70423,-0.29534,-0.17334,-0.87327,-0.43537,-0.23616,-0.42952,-0.80218,0.02303,-0.66293,-0.92275,-0.12771,-0.77650,-0.76259,-0.25745,-0.82148,-0.58006,-0.31956,-0.36787,-0.92988,-0.02740,-0.54353,-1.27287,-0.10407,-0.69231,-1.46153,-0.17918,-0.80816,-1.61429,-0.23102,-0.26921,-0.96879,-0.10493,-0.36863,-1.36179,-0.17912,-0.47304,-1.58908,-0.22652,-0.57208,-1.76668,-0.25167,-0.15447,-0.93000,-0.19277,-0.18875,-1.27514,-0.24094,-0.24255,-1.50036,-0.24282,-0.30354,-1.67852,-0.23762
ok,-0.00000,0.00000,0.00000,-0.29097,-0.06401,-0.04559,-0.52353,-0.18784,-0.09909,-0.71818,-0.27766,-0.17092,-0.89576,-0.41011,-0.23377,-0.44849,-0.79048,0.02706,-0.69086,-0.89658,-0.12533,-0.80465,-0.72732,-0.25765,-0.84753,-0.54133,-0.32106,-0.39322,-0.91944,-0.02586,-0.58144,-1.26984,-0.10036,-0.74027,-1.45043,-0.17527,-0.86496,-1.59310,-0.22733,-0.29866,-0.95935,-0.10581,-0.40879,-1.35073,-0.17737,-0.52621,-1.57566,-0.22378,-0.63590,-1.74949,-0.24932,-0.18636,-0.92176,-0.19585,-0.23303,-1.26475,-0.23967,-0.29874,-1.48325,-0.23613,-0.37173,-1.65672,-0.22831
ok,-0.00000,0.00000,0.00000,-0.28431,-0.06089,-0.04433,-0.52199,-0.17918,-0.09887,-0.72041,-0.25686,-0.17243,-0.90730,-0.37205,-0.23699,-0.46345,-0.78811,0.03355,-0.70587,-0.88479,-0.12030,-0.81423,-0.70573,-0.25462,-0.85031,-0.50957,-0.31856,-0.41476,-0.90993,-0.02282,-0.61838,-1.26143,-0.09611,-0.77506,-1.44892,-0.17275,-0.89587,-1.59859,-0.22602,-0.32259,-0.94816,-0.10668,-0.45060,-1.34203,-0.17699,-0.57020,-1.56887,-0.22235,-0.67948,-1.74390,-0.24733,-0.20659,-0.91309,-0.20066,-0.27032,-1.25521,-0.24039,-0.34609,-1.46623,-0.23227,-0.42820,-1.63086,-0.22177
ok,-0.00000,0.00000,0.00000,-0.29306,-0.06008,-0.03928,-0.52221,-0.16833,-0.09227,-0.72185,-0.23515,-0.16511,-0.91795,-0.32302,-0.22910,-0.46780,-0.77823,0.03903,-0.71567,-0.86391,-0.10969,-0.82320,-0.68176,-0.23961,-0.85890,-0.48425,-0.30187,-0.42565,-0.90489,-0.01967,-0.63804,-1.25773,-0.09074,-0.80569,-1.43103,-0.16396,-0.94273,-1.55876,-0.21524,-0.33695,-0.94435,-0.10580,-0.47537,-1.34500,-0.17536,-0.60932,-1.57342,-0.22260,-0.73455,-1.73725,-0.24951,-0.22456,-0.91173,-0.20154,-0.30321,-1.25455,-0.24317,-0.38791,-1.46825,-0.23907,-0.47711,-1.62970,-0.23221
ok,-0.00000,0.00000,0.00000,-0.29524,-0.06154,-0.03142,-0.52970,-0.15930,-0.08117,-0.73411,-0.21559,-0.15244,-0.93074,-0.29931,-0.21554,-0.47322,-0.77317,0.04854,-0.73013,-0.86642,-0.09714,-0.83573,-0.68461,-0.22492,-0.86471,-0.48983,-0.28513,-0.43786,-0.89904,-0.01341,-0.66113,-1.24721,-0.08198,-0.84135,-1.40899,-0.15421,-0.98967,-1.52444,-0.20524,-0.35171,-0.94044,-0.10269,-0.49899,-1.34314,-0.16896,-0.64352,-1.57430,-0.21759,-0.77914,-1.73850,-0.24670,-0.23969,-0.91282,-0.20121,-0.32216,-1.26402,-0.24017,-0.41593,-1.47834,-0.23688,-0.51472,-1.63660,-0.23155
ok,-0.00000,0.00000,0.00000,-0.30070,-0.06224,-0.03087,-0.52979,-0.15009,-0.08193,-0.73892,-0.20241,-0.15350,-0.93955,-0.27847,-0.21624,-0.47685,-0.76595,0.04012,-0.74147,-0.85627,-0.10310,-0.84382,-0.67019,-0.22573,-0.86634,-0.47618,-0.28192,-0.44361,-0.89622,-0.02197,-0.67806,-1.24472,-0.08971,-0.86279,-1.40601,-0.15882,-1.01411,-1.52009,-0.20728,-0.35785,-0.93802,-0.11060,-0.50920,-1.34738,-0.17550,-0.65444,-1.58367,-0.22316,-0.79064,-1.74973,-0.25153,-0.24579,-0.90832,-0.20803,-0.33807,-1.27177,-0.24705,-0.43627,-1.48888,-0.24363,-0.53802,-1.64506,-0.23790
ok,-0.00000,0.00000,0.00000,-0.30290,-0.05484,-0.02651,-0.53528,-0.13953,-0.07353,-0.74860,-0.19010,-0.14147,-0.94840,-0.26520,-0.20023,-0.47578,-0.76230,0.04236,-0.75555,-0.84672,-0.10171,-0.86297,-0.65402,-0.22440,-0.88702,-0.45741,-0.27947,-0.44874,-0.89366,-0.02171,-0.69790,-1.23800,-0.09042,-0.88912,-1.40122,-0.16092,-1.04191,-1.51412,-0.20987,-0.36796,-0.93879,-0.11195,-0.53223,-1.35349,-0.17833,-0.68447,-1.59387,-0.22815,-0.82301,-1.76386,-0.25693,-0.26027,-0.91362,-0.21043,-0.36446,-1.28768,-0.24889,-0.46921,-1.51020,-0.24531,-0.57410,-1.66774,-0.23912
ok,-0.00000,0.00000,0.00000,-0.30385,-0.05997,-0.03054,-0.53215,-0.13824,-0.07888,-0.74774,-0.19518,-0.14699,-0.95139,-0.27675,-0.20476,-0.45503,-0.77368,0.04341,-0.74162,-0.85773,-0.09784,-0.85237,-0.66473,-0.21874,-0.87989,-0.47250,-0.27245,-0.42919,-0.90321,-0.01803,-0.68099,-1.24211,-0.08847,-0.87906,-1.40346,-0.15867,-1.03745,-1.51081,-0.20573,-0.34988,-0.94726,-0.10626,-0.51146,-1.35654,-0.17321,-0.66214,-1.60820,-0.22463,-0.79777,-1.78494,-0.25288,-0.24291,-0.91834,-0.20324,-0.34617,-1.29544,-0.24077,-0.44903,-1.52185,-0.23828,-0.54848,-1.67369,-0.23166
ok,-0.00000,0.00000,0.00000,-0.28931,-0.05601,-0.03662,-0.52315,-0.15648,-0.08633,-0.72402,-0.22492,-0.15634,-0.91787,-0.33613,-0.21611,-0.44172,-0.78229,0.04215,-0.70880,-0.88724,-0.10597,-0.81855,-0.69374,-0.23278,-0.84617,-0.50103,-0.29052,-0.40782,-0.91306,-0.01594,-0.62305,-1.24728,-0.08953,-0.82080,-1.40697,-0.16262,-0.97722,-1.51942,-0.21302,-0.32504,-0.96211,-0.10255,-0.45933,-1.37215,-0.17430,-0.60682,-1.62198,-0.22975,-0.73980,-1.80075,-0.26164,-0.22206,-0.93973,-0.19852,-0.29495,-1.30281,-0.24181,-0.39164,-1.52848,-0.24611,-0.49054,-1.69222,-0.24509
ok,-0.00000,0.00000,0.00000,-0.28477,-0.06116,-0.03963,-0.51569,-0.17393,-0.08692,-0.71605,-0.26229,-0.15413,-0.90698,-0.40248,-0.21058,-0.40667,-0.79681,0.05287,-0.66121,-0.90653,-0.09374,-0.78375,-0.73699,-0.22055,-0.83166,-0.55795,-0.27854,-0.36716,-0.93016,-0.00264,-0.56646,-1.26114,-0.07092,-0.75409,-1.42810,-0.13682,-0.90251,-1.54455,-0.18138,-0.27980,-0.97883,-0.08853,-0.39125,-1.37358,-0.15613,-0.52114,-1.62114,-0.19947,-0.64097,-1.79932,-0.22241,-0.17503,-0.95201,-0.18541,-0.22702,-1.30675,-0.22893,-0.31282,-1.53269,-0.22945,-0.40663,-1.69878,-0.22419
ok,-0.00000,0.00000,0.00000,-0.27187,-0.08438,-0.04405,-0.49163,-0.21305,-0.08834,-0.68825,-0.33378,-0.15237,-0.85665,-0.49936,-0.20504,-0.34141,-0.81783,0.06527,-0.58738,-0.92656,-0.07579,-0.71838,-0.79114,-0.19915,-0.77756,-0.62899,-0.25436,-0.28940,-0.95721,0.01851,-0.46527,-1.29637,-0.04602,-0.63345,-1.47258,-0.10346,-0.76757,-1.59800,-0.13809,-0.19946,-1.01147,-0.05926,-0.28085,-1.39282,-0.12325,-0.39205,-1.62085,-0.15468,-0.50009,-1.78186,-0.16553,-0.09386,-0.98729,-0.14912,-0.10010,-1.31793,-0.18851,-0.15616,-1.53172,-0.18228,-0.22835,-1.69023,-0.16857
ok,-0.00000,0.00000,0.00000,-0.26873,-0.11122,-0.03880,-0.47620,-0.27934,-0.06972,-0.65372,-0.44331,-0.12137,-0.79381,-0.63099,-0.15973,-0.26541,-0.84083,0.09111,-0.49451,-0.99002,-0.03345,-0.63068,-0.87628,-0.14265,-0.69900,-0.72094,-0.18751,-0.19009,-0.98177,0.05183,-0.32632,-1.33337,0.00377,-0.46311,-1.52194,-0.04074,-0.57364,-1.66364,-0.06513,-0.09019,-1.03411,-0.01887,-0.11921,-1.39943,-0.06976,-0.20264,-1.62146,-0.09260,-0.28858,-1.78038,-0.09647,0.01416,-1.00771,-0.10188,0.05409,-1.31666,-0.13023,0.02995,-1.52546,-0.11943,-0.01549,-1.68285,-0.10133
ok,-0.00000,0.00000,0.00000,-0.27168,-0.13326,-0.03495,-0.47311,-0.32898,-0.05973,-0.63845,-0.52911,-0.10739,-0.75441,-0.75091,-0.14081,-0.20375,-0.86116,0.12262,-0.41388,-1.03102,0.02301,-0.56185,-0.96651,-0.06289,-0.64803,-0.83665,-0.09142,-0.10160,-0.99482,0.08456,-0.20399,-1.35890,0.06172,-0.31725,-1.55152,0.04389,-0.41654,-1.71324,0.04079,0.01353,-1.04375,0.01316,0.01595,-1.39841,-0.01970,-0.04727,-1.62464,-0.02127,-0.11613,-1.79088,-0.00910,0.12666,-1.01891,-0.07212,0.20430,-1.32327,-0.09105,0.20766,-1.55321,-0.07136,0.18479,-1.73040,-0.04453
ok,-0.00000,0.00000,0.00000,-0.27743,-0.14638,-0.02415,-0.47453,-0.37503,-0.03190,-0.62354,-0.61036,-0.06506,-0.72386,-0.85272,-0.08541,-0.14675,-0.87372,0.17955,-0.33554,-1.06068,0.11101,-0.49015,-1.04253,0.04241,-0.59294,-0.94586,0.02396,-0.02070,-0.99979,0.14360,-0.10097,-1.37095,0.15212,-0.20074,-1.56973,0.14843,-0.29640,-1.75274,0.15569,0.10911,-1.04185,0.07267,0.12334,-1.39016,0.06344,0.07250,-1.62001,0.07102,0.00846,-1.79609,0.08902,0.23560,-1.01236,-0.01250,0.33844,-1.30976,-0.01306,0.36377,-1.54165,0.01449,0.35277,-1.72133,0.04684
ok,-0.00000,0.00000,0.00000,-0.29270,-0.17026,-0.02017,-0.48468,-0.41446,-0.01775,-0.61443,-0.67381,-0.04082,-0.71057,-0.93792,-0.05015,-0.10079,-0.87461,0.21206,-0.27878,-1.10648,0.14304,-0.43731,-1.10795,0.06802,-0.55138,-1.01008,0.04760,0.03479,-0.99939,0.18099,-0.02141,-1.38696,0.19293,-0.11646,-1.60231,0.17996,-0.21284,-1.78585,0.18022,0.17140,-1.03308,0.11339,0.19367,-1.38735,0.10975,0.15416,-1.62064,0.11161,0.09713,-1.79868,0.12589,0.30680,-0.99271,0.03213,0.42352,-1.29098,0.04030,0.46255,-1.52727,0.06878,0.46218,-1.71594,0.10115
ok,-0.00000,0.00000,0.00000,-0.28148,-0.17951,-0.01845,-0.45143,-0.45312,-0.01102,-0.56082,-0.71679,-0.02685,-0.64036,-0.98101,-0.03038,-0.05939,-0.87806,0.19866,-0.22767,-1.12870,0.13318,-0.38368,-1.13459,0.06475,-0.50075,-1.03333,0.04847,0.08186,-0.99664,0.16752,0.05155,-1.39568,0.17734,-0.03783,-1.62033,0.16176,-0.13167,-1.81191,0.16094,0.22034,-1.01866,0.10216,0.26621,-1.37761,0.09189,0.23308,-1.61733,0.08398,0.18092,-1.80986,0.09247,0.35748,-0.96499,0.02524,0.48629,-1.25626,0.02764,0.53533,-1.48908,0.05045,0.54523,-1.68525,0.07842
ok,-0.00000,0.00000,0.00000,-0.24878,-0.20869,-0.03811,-0.39329,-0.49547,-0.04566,-0.49080,-0.75966,-0.07157,-0.55188,-1.02238,-0.08472,0.00633,-0.88250,0.13830,-0.15641,-1.15931,0.03994,-0.31391,-1.16117,-0.05010,-0.43383,-1.05810,-0.07929,0.14947,-0.98877,0.10918,0.14065,-1.39775,0.08750,0.06278,-1.64247,0.05570,-0.01645,-1.84608,0.04363,0.28532,-0.99122,0.04610,0.35112,-1.35809,0.00802,0.33454,-1.61455,-0.01338,0.29593,-1.82435,-0.01213,0.41466,-0.91375,-0.02865,0.55606,-1.19838,-0.04976,0.61837,-1.43277,-0.03800,0.64265,-1.63588,-0.01675
ok,-0.00000,0.00000,0.00000,-0.22309,-0.24483,-0.04427,-0.34704,-0.54548,-0.06241,-0.42948,-0.81521,-0.09753,-0.46853,-1.08770,-0.11871,0.06876,-0.89126,0.10860,-0.07173,-1.19307,-0.00842,-0.23005,-1.20854,-0.10949,-0.35713,-1.10973,-0.14404,0.21128,-0.97743,0.07776,0.23115,-1.38495,0.03736,0.16000,-1.64084,-0.00121,0.08385,-1.84504,-0.01667,0.34301,-0.96341,0.01335,0.43616,-1.32868,-0.03956,0.43335,-1.59253,-0.06477,0.40252,-1.80746,-0.06451,0.46120,-0.86910,-0.06259,0.62437,-1.14208,-0.09423,0.70341,-1.37201,-0.08557,0.74130,-1.57165,-0.06555
ok,-0.00000,0.00000,0.00000,-0.21927,-0.26020,-0.05020,-0.34068,-0.56814,-0.07028,-0.40861,-0.84213,-0.10454,-0.43406,-1.11999,-0.12546,0.07898,-0.89607,0.10074,-0.04581,-1.20702,-0.01479,-0.19772,-1.23671,-0.11725,-0.32917,-1.15714,-0.15441,0.22737,-0.97381,0.07526,0.25602,-1.37648,0.03497,0.20322,-1.64089,-0.00877,0.14532,-1.85992,-0.02977,0.36220,-0.94680,0.01711,0.45935,-1.31005,-0.03692,0.46544,-1.56466,-0.06535,0.44321,-1.78180,-0.06873,0.48292,-0.83819,-0.05195,0.65126,-1.08598,-0.08243,0.73573,-1.29546,-0.07365,0.78015,-1.49404,-0.05493
ok,-0.00000,0.00000,0.00000,-0.18924,-0.27462,-0.05921,-0.28750,-0.60503,-0.08915,-0.33841,-0.90279,-0.13333,-0.36046,-1.18633,-0.16445,0.14222,-0.89483,0.07862,0.04907,-1.20144,-0.03714,-0.09842,-1.26625,-0.13472,-0.23959,-1.22553,-0.17175,0.29113,-0.95668,0.04756,0.35675,-1.38771,0.00346,0.34276,-1.68333,-0.03598,0.32264,-1.93909,-0.05514,0.42411,-0.91734,-0.01614,0.55402,-1.28850,-0.07519,0.59322,-1.55914,-0.10381,0.60569,-1.79294,-0.10868,0.53864,-0.78946,-0.09214,0.73747,-1.03512,-0.13031,0.83844,-1.24435,-0.12546,0.89865,-1.43783,-0.11066
ok,-0.00000,0.00000,0.00000,-0.19080,-0.28725,-0.06782,-0.29129,-0.61966,-0.10475,-0.34786,-0.92323,-0.15382,-0.36110,-1.20063,-0.19262,0.14455,-0.90390,0.06055,0.04401,-1.22309,-0.07122,-0.10168,-1.27964,-0.19080,-0.23647,-1.23439,-0.24186,0.30130,-0.95353,0.03680,0.35215,-1.38212,-0.01392,0.33888,-1.67566,-0.06814,0.32104,-1.92451,-0.10079,0.43801,-0.90107,-0.01931,0.55904,-1.28631,-0.07984,0.59342,-1.54822,-0.11667,0.59632,-1.76974,-0.12905,0.55322,-0.76085,-0.08760,0.73628,-1.00460,-0.12112,0.83219,-1.20559,-0.11467,0.88792,-1.39259,-0.10071
ok,-0.00000,0.00000,0.00000,-0.18151,-0.29545,-0.06056,-0.27028,-0.64258,-0.09249,-0.32297,-0.94745,-0.13699,-0.33128,-1.22243,-0.17108,0.17631,-0.89856,0.05911,0.08984,-1.22113,-0.06788,-0.05595,-1.28607,-0.18188,-0.19387,-1.24573,-0.23041,0.33069,-0.94374,0.03048,0.40626,-1.37622,-0.01719,0.40343,-1.66890,-0.06980,0.39361,-1.91542,-0.10224,0.46171,-0.88560,-0.02876,0.60312,-1.25869,-0.08631,0.64616,-1.52095,-0.12397,0.65714,-1.74783,-0.13881,0.56777,-0.73894,-0.09947,0.76711,-0.96573,-0.13254,0.87135,-1.15772,-0.12743,0.93253,-1.33676,-0.11542
ok,-0.00000,0.00000,0.00000,-0.17320,-0.29986,-0.05974,-0.25667,-0.65169,-0.09303,-0.30893,-0.95321,-0.13916,-0.32194,-1.22416,-0.17575,0.19241,-0.90112,0.05846,0.10562,-1.22346,-0.07117,-0.03862,-1.28820,-0.18976,-0.17475,-1.25007,-0.24186,0.34787,-0.93754,0.02826,0.42658,-1.36850,-0.02214,0.42484,-1.66257,-0.07711,0.41787,-1.90995,-0.11090,0.47867,-0.87244,-0.03264,0.62644,-1.24794,-0.09395,0.67608,-1.51364,-0.13435,0.69365,-1.74366,-0.15025,0.58377,-0.72097,-0.10448,0.78207,-0.94582,-0.13977,0.88783,-1.13744,-0.13479,0.95241,-1.32081,-0.12280
ok,-0.00000,0.00000,0.00000,-0.17017,-0.30668,-0.06947,-0.25227,-0.66677,-0.10539,-0.30500,-0.97331,-0.15261,-0.30183,-1.24501,-0.18887,0.20832,-0.90097,0.04540,0.13252,-1.24185,-0.08762,-0.01858,-1.30996,-0.20626,-0.15905,-1.26819,-0.25671,0.36121,-0.93249,0.01938,0.44456,-1.36425,-0.03331,0.44693,-1.66023,-0.09021,0.44484,-1.90261,-0.12617,0.48909,-0.86261,-0.03813,0.63926,-1.23276,-0.09827,0.69033,-1.49986,-0.14131,0.71019,-1.72883,-0.16053,0.59018,-0.70985,-0.10786,0.79197,-0.92483,-0.14174,0.89614,-1.11163,-0.13856,0.95743,-1.28674,-0.12878
ok,-0.00000,0.00000,0.00000,-0.17816,-0.31152,-0.07768,-0.25864,-0.67496,-0.11672,-0.31213,-0.99034,-0.16616,-0.30464,-1.27413,-0.20334,0.21195,-0.90479,0.04536,0.14279,-1.26483,-0.09328,-0.00874,-1.32123,-0.21593,-0.14830,-1.26605,-0.26617,0.36791,-0.92986,0.02306,0.45867,-1.35851,-0.03077,0.46807,-1.65624,-0.09039,0.47145,-1.90313,-0.12731,0.49421,-0.85037,-0.03253,0.64504,-1.21763,-0.09529,0.69728,-1.48218,-0.13735,0.72018,-1.71149,-0.15412,0.59152,-0.69176,-0.10120,0.79946,-0.91264,-0.13770,0.91121,-1.10484,-0.13387,0.97884,-1.29087,-0.12227
ok,-0.00000,0.00000,0.00000,-0.17229,-0.30946,-0.07108,-0.25297,-0.67781,-0.10888,-0.30434,-0.99114,-0.15912,-0.28542,-1.26939,-0.19777,0.20740,-0.90840,0.05220,0.15024,-1.25297,-0.08026,0.01032,-1.32912,-0.19706,-0.12674,-1.29400,-0.24482,0.36448,-0.93121,0.02423,0.46132,-1.35978,-0.02637,0.47443,-1.65724,-0.08075,0.47813,-1.90810,-0.11325,0.49477,-0.85201,-0.03670,0.64672,-1.22097,-0.09788,0.70175,-1.48350,-0.13547,0.72762,-1.71032,-0.14918,0.59757,-0.69327,-0.11053,0.80692,-0.91742,-0.14857,0.92132,-1.10774,-0.14386,0.99447,-1.28967,-0.13096
ok,-0.00000,0.00000,0.00000,-0.18275,-0.31878,-0.06796,-0.25880,-0.68664,-0.10526,-0.30847,-1.00680,-0.15502,-0.29644,-1.29301,-0.19394,0.20143,-0.91006,0.04930,0.13911,-1.27715,-0.08801,-0.00041,-1.35181,-0.21110,-0.14237,-1.31281,-0.26433,0.35860,-0.93349,0.02187,0.45003,-1.36484,-0.03382,0.45601,-1.67069,-0.09761,0.45346,-1.93158,-0.13861,0.48811,-0.85484,-0.03763,0.63830,-1.23879,-0.10033,0.69122,-1.50707,-0.14611,0.71418,-1.74295,-0.16796,0.59128,-0.69737,-0.10905,0.80141,-0.91964,-0.14686,0.91697,-1.11263,-0.14768,0.99036,-1.30597,-0.14125
ok,-0.00000,0.00000,0.00000,-0.17881,-0.31289,-0.07094,-0.26584,-0.68698,-0.10965,-0.31884,-1.00295,-0.15885,-0.30981,-1.28354,-0.19747,0.18930,-0.91829,0.03643,0.11897,-1.28647,-0.10505,-0.02434,-1.35666,-0.23228,-0.16271,-1.31776,-0.28917,0.34434,-0.93885,0.00943,0.42572,-1.36894,-0.05326,0.42984,-1.67830,-0.12509,0.43051,-1.94166,-0.17271,0.47505,-0.85945,-0.04858,0.61779,-1.25257,-0.11804,0.67052,-1.51943,-0.17266,0.69603,-1.75099,-0.20048,0.58363,-0.69934,-0.11784,0.79081,-0.93070,-0.16102,0.90275,-1.12448,-0.16677,0.97255,-1.31901,-0.16403
ok,-0.00000,0.00000,0.00000,-0.16827,-0.30283,-0.06400,-0.25935,-0.65760,-0.10292,-0.32172,-0.95600,-0.15296,-0.31359,-1.23111,-0.19122,0.18418,-0.91552,0.03869,0.10626,-1.27642,-0.10669,-0.04336,-1.32672,-0.23687,-0.18103,-1.27359,-0.29422,0.32654,-0.94518,0.00869,0.39244,-1.36610,-0.05329,0.38610,-1.66556,-0.12398,0.38099,-1.91769,-0.17127,0.45143,-0.87489,-0.05233,0.57588,-1.26099,-0.11951,0.62010,-1.52740,-0.17351,0.64255,-1.76064,-0.20176,0.55880,-0.72114,-0.12417,0.75874,-0.95500,-0.16402,0.86347,-1.15257,-0.16853,0.92709,-1.35126,-0.16558
ok,-0.00000,0.00000,0.00000,-0.17216,-0.28980,-0.07801,-0.27484,-0.63280,-0.13076,-0.35547,-0.93466,-0.19195,-0.35712,-1.20994,-0.24102,0.15256,-0.92353,0.00255,0.05950,-1.28618,-0.15897,-0.10170,-1.32325,-0.29811,-0.24083,-1.26237,-0.36041,0.28849,-0.95748,-0.02449,0.34070,-1.39412,-0.10104,0.32042,-1.69709,-0.17518,0.30278,-1.94798,-0.22428,0.40882,-0.88836,-0.08282,0.52316,-1.28545,-0.16043,0.55704,-1.55754,-0.21508,0.57120,-1.79059,-0.24319,0.51403,-0.73541,-0.15286,0.70308,-0.98805,-0.20127,0.80631,-1.19655,-0.20873,0.87107,-1.40218,-0.20746
ok,-0.00000,0.00000,0.00000,-0.17735,-0.26256,-0.07840,-0.28575,-0.59988,-0.13402,-0.38406,-0.88758,-0.19713,-0.41002,-1.15325,-0.24895,0.11090,-0.92577,-0.01440,0.01378,-1.27714,-0.17129,-0.14085,-1.29576,-0.30517,-0.27067,-1.21644,-0.36624,0.24565,-0.96936,-0.04243,0.27895,-1.39927,-0.12256,0.24036,-1.69141,-0.19542,0.20371,-1.92773,-0.24315,0.36712,-0.90798,-0.09948,0.46572,-1.30228,-0.17811,0.48171,-1.57111,-0.23119,0.47969,-1.80290,-0.25920,0.47130,-0.76307,-0.16777,0.64294,-1.02447,-0.21765,0.73205,-1.23800,-0.22525,0.78550,-1.44766,-0.22516
ok,-0.00000,0.00000,0.00000,-0.18006,-0.25759,-0.07055,-0.28978,-0.59588,-0.11915,-0.38752,-0.87167,-0.17632,-0.41986,-1.13387,-0.22165,0.09641,-0.92767,-0.00369,-0.01318,-1.27199,-0.15261,-0.16836,-1.28381,-0.27694,-0.29590,-1.19340,-0.33191,0.22648,-0.97402,-0.03484,0.24965,-1.39322,-0.11039,0.20033,-1.68136,-0.17910,0.15529,-1.90962,-0.22388,0.34619,-0.91510,-0.09460,0.43156,-1.31201,-0.16993,0.43724,-1.58118,-0.22107,0.42729,-1.80899,-0.24839,0.45131,-0.77394,-0.16506,0.61723,-1.03901,-0.21662,0.70233,-1.25620,-0.22650,0.75187,-1.46732,-0.22770
ok,-0.00000,0.00000,0.00000,-0.17823,-0.25196,-0.07281,-0.29170,-0.59026,-0.12346,-0.39380,-0.86619,-0.18262,-0.42882,-1.12781,-0.23025,0.08314,-0.92861,-0.00930,-0.02957,-1.26489,-0.15837,-0.18358,-1.27489,-0.28204,-0.30815,-1.18520,-0.33726,0.21242,-0.97718,-0.04075,0.23340,-1.39015,-0.11796,0.18202,-1.67394,-0.18583,0.13585,-1.89866,-0.22978,0.33241,-0.92075,-0.10055,0.41657,-1.31106,-0.17783,0.42134,-1.57544,-0.22755,0.41086,-1.79896,-0.25327,0.43705,-0.78229,-0.17133,0.60114,-1.04759,-0.22568,0.68490,-1.26371,-0.23582,0.73447,-1.47082,-0.23648
ok,-0.00000,0.00000,0.00000,-0.18177,-0.24788,-0.07151,-0.29825,-0.58600,-0.11984,-0.40026,-0.85969,-0.17719,-0.43916,-1.12068,-0.22249,0.06702,-0.92888,-0.00144,-0.04849,-1.25999,-0.14756,-0.20152,-1.26146,-0.26928,-0.32169,-1.16569,-0.32296,0.19440,-0.98092,-0.03295,0.21026,-1.38985,-0.10726,0.15578,-1.67078,-0.17420,0.10813,-1.89403,-0.21737,0.31530,-0.92918,-0.09313,0.39282,-1.31582,-0.16707,0.39258,-1.57939,-0.21493,0.37870,-1.80225,-0.23963,0.42299,-0.79634,-0.16459,0.58309,-1.06286,-0.21569,0.65961,-1.27961,-0.22389,0.70196,-1.48693,-0.22329
ok,-0.00000,0.00000,0.00000,-0.18633,-0.24790,-0.07523,-0.31116,-0.58078,-0.12673,-0.41470,-0.84963,-0.18559,-0.45758,-1.10674,-0.23245,0.04825,-0.93169,-0.01117,-0.07181,-1.25624,-0.15856,-0.22411,-1.25006,-0.28018,-0.34038,-1.14731,-0.33382,0.17400,-0.98475,-0.04114,0.18455,-1.39850,-0.11823,0.12484,-1.67546,-0.18709,0.07260,-1.89090,-0.23141,0.29532,-0.93390,-0.09919,0.36652,-1.32165,-0.17543,0.36124,-1.58644,-0.22682,0.34235,-1.80623,-0.25373,0.40572,-0.80035,-0.16827,0.55557,-1.07618,-0.22086,0.62900,-1.29384,-0.23071,0.67063,-1.49471,-0.23121
ok,-0.00000,0.00000,0.00000,-0.19332,-0.25113,-0.06773,-0.32747,-0.58212,-0.11676,-0.43407,-0.84133,-0.17559,-0.48399,-1.09597,-0.22244,0.02884,-0.93663,-0.00097,-0.09949,-1.25411,-0.14895,-0.25278,-1.23962,-0.27062,-0.36749,-1.13005,-0.32365,0.15210,-0.98837,-0.03496,0.16089,-1.39488,-0.11142,0.09963,-1.66650,-0.17922,0.04655,-1.87579,-0.22225,0.27203,-0.93704,-0.09717,0.34383,-1.32265,-0.17399,0.33790,-1.58501,-0.22342,0.31840,-1.80167,-0.24790,0.38136,-0.80388,-0.16994,0.52851,-1.08234,-0.22420,0.60109,-1.30163,-0.23376,0.64306,-1.50291,-0.23289
ok,-0.00000,0.00000,0.00000,-0.20093,-0.25520,-0.06437,-0.34042,-0.57612,-0.11112,-0.44903,-0.82888,-0.16880,-0.50133,-1.08127,-0.21466,0.00995,-0.93866,0.01009,-0.12390,-1.25121,-0.13710,-0.27662,-1.23123,-0.26036,-0.38808,-1.11777,-0.31464,0.13060,-0.99144,-0.02508,0.13256,-1.39687,-0.09994,0.06581,-1.66422,-0.17007,0.00913,-1.87162,-0.21551,0.25072,-0.94367,-0.08895,0.31253,-1.32667,-0.16331,0.30299,-1.58871,-0.21429,0.28073,-1.80596,-0.24077,0.36399,-0.81559,-0.16350,0.50485,-1.09762,-0.21476,0.57138,-1.31687,-0.22393,0.60690,-1.51799,-0.22372
ok,-0.00000,0.00000,0.00000,-0.20142,-0.25162,-0.06644,-0.34418,-0.56521,-0.11373,-0.44965,-0.81248,-0.17063,-0.50161,-1.06356,-0.21559,-0.00096,-0.93966,0.00493,-0.13623,-1.24344,-0.13808,-0.28330,-1.22253,-0.25648,-0.39072,-1.10981,-0.30873,0.11801,-0.99301,-0.02844,0.11288,-1.39015,-0.10373,0.04465,-1.65352,-0.17334,-0.01278,-1.85779,-0.21861,0.23638,-0.94575,-0.08981,0.29037,-1.32808,-0.16623,0.27702,-1.58575,-0.21773,0.25086,-1.79739,-0.24453,0.34798,-0.81679,-0.16147,0.48720,-1.09735,-0.21663,0.55171,-1.31574,-0.22855,0.58434,-1.51577,-0.22989
ok,-0.00000,0.00000,0.00000,-0.19703,-0.24729,-0.06900,-0.34141,-0.56074,-0.11607,-0.44876,-0.80762,-0.17191,-0.50317,-1.05809,-0.21512,-0.00644,-0.93938,0.00451,-0.14519,-1.24198,-0.13660,-0.29014,-1.21467,-0.25327,-0.39355,-1.09661,-0.30416,0.11240,-0.99366,-0.02587,0.10367,-1.38559,-0.10006,0.03283,-1.64403,-0.16830,-0.02658,-1.84462,-0.21202,0.23068,-0.94713,-0.08422,0.28076,-1.32600,-0.15922,0.26471,-1.57966,-0.20883,0.23579,-1.78740,-0.23381,0.34233,-0.81896,-0.15311,0.47755,-1.09760,-0.20680,0.53984,-1.31323,-0.21738,0.57064,-1.50888,-0.21713
ok,-0.00000,0.00000,0.00000,-0.19978,-0.24371,-0.06938,-0.34438,-0.55482,-0.11694,-0.45565,-0.80209,-0.17299,-0.51258,-1.05045,-0.21671,-0.01340,-0.93953,-0.00031,-0.15072,-1.24183,-0.14095,-0.29630,-1.21643,-0.25651,-0.39984,-1.10015,-0.30713,0.10509,-0.99446,-0.03078,0.09632,-1.38911,-0.10578,0.02333,-1.64791,-0.17377,-0.03729,-1.84961,-0.21741,0.22349,-0.94836,-0.08873,0.27205,-1.32805,-0.16386,0.25338,-1.58365,-0.21312,0.22368,-1.79467,-0.23815,0.33651,-0.82147,-0.15715,0.46868,-1.10383,-0.21054,0.52582,-1.32081,-0.22050,0.55178,-1.51879,-0.22010
ok,-0.00000,0.00000,0.00000,-0.20009,-0.25385,-0.05879,-0.33664,-0.56427,-0.10177,-0.44976,-0.80824,-0.15621,-0.50854,-1.05220,-0.19858,-0.01249,-0.94190,0.01795,-0.14613,-1.23787,-0.11794,-0.29174,-1.21230,-0.23274,-0.39761,-1.10013,-0.28395,0.10253,-0.99473,-0.01728,0.09343,-1.38176,-0.08738,0.01895,-1.63723,-0.15367,-0.04361,-1.83579,-0.19633,0.21719,-0.94852,-0.07995,0.26420,-1.32218,-0.15019,0.24470,-1.57627,-0.19760,0.21359,-1.78470,-0.22164,0.32373,-0.82366,-0.15278,0.45267,-1.10011,-0.20376,0.51107,-1.31530,-0.21343,0.53854,-1.50850,-0.21252
ok,-0.00000,0.00000,0.00000,-0.19892,-0.25428,-0.05861,-0.33459,-0.56970,-0.10206,-0.44660,-0.81702,-0.15657,-0.50543,-1.05974,-0.19940,-0.01022,-0.94501,0.00929,-0.14087,-1.23193,-0.12695,-0.28861,-1.21330,-0.23941,-0.39727,-1.10915,-0.28924,0.10534,-0.99444,-0.02683,0.09940,-1.37631,-0.09851,0.02617,-1.63453,-0.16262,-0.03551,-1.83730,-0.20378,0.21976,-0.94746,-0.08977,0.27081,-1.32358,-0.16264,0.25135,-1.57980,-0.20815,0.22028,-1.79137,-0.23069,0.32650,-0.82216,-0.16267,0.45826,-1.10288,-0.21652,0.51683,-1.32037,-0.22622,0.54350,-1.51868,-0.22513
ok,-0.00000,0.00000,0.00000,-0.19968,-0.25368,-0.05830,-0.33334,-0.57158,-0.10164,-0.44660,-0.81993,-0.15561,-0.50605,-1.06016,-0.19850,-0.00759,-0.94497,0.00265,-0.14043,-1.22554,-0.13086,-0.28784,-1.21165,-0.23931,-0.39552,-1.11434,-0.28752,0.10750,-0.99421,-0.03470,0.10294,-1.38028,-0.10693,0.02860,-1.64344,-0.16911,-0.03462,-1.84845,-0.20834,0.21981,-0.94643,-0.09802,0.27642,-1.32623,-0.17322,0.25578,-1.58984,-0.21928,0.22360,-1.80625,-0.24152,0.32344,-0.82047,-0.17072,0.45775,-1.10432,-0.22735,0.51366,-1.32696,-0.23790,0.53706,-1.53095,-0.23697
ok,-0.00000,0.00000,0.00000,-0.20078,-0.25348,-0.06098,-0.33228,-0.56519,-0.10750,-0.44570,-0.81362,-0.16425,-0.50795,-1.05503,-0.21047,-0.00482,-0.94400,-0.00488,-0.13952,-1.22662,-0.14121,-0.28798,-1.21491,-0.25180,-0.39599,-1.12166,-0.30153,0.11035,-0.99389,-0.04226,0.10567,-1.38802,-0.11638,0.03087,-1.65301,-0.17919,-0.03290,-1.85823,-0.21902,0.22221,-0.94494,-0.10532,0.27745,-1.33112,-0.18186,0.25613,-1.59699,-0.22699,0.22395,-1.81395,-0.24839,0.32453,-0.81783,-0.17795,0.45400,-1.10971,-0.23544,0.50577,-1.33942,-0.24506,0.52542,-1.54981,-0.24316
ok,-0.00000,0.00000,0.00000,-0.20135,-0.24112,-0.07128,-0.33382,-0.55376,-0.12090,-0.44945,-0.80175,-0.17873,-0.52241,-1.03787,-0.22505,-0.01081,-0.93913,-0.01164,-0.16047,-1.21720,-0.14956,-0.31253,-1.20018,-0.26018,-0.41780,-1.10544,-0.31010,0.10112,-0.99487,-0.04340,0.08344,-1.39073,-0.12134,0.00151,-1.65145,-0.18334,-0.06915,-1.84745,-0.22046,0.21010,-0.95123,-0.10160,0.25851,-1.34113,-0.18167,0.23502,-1.60305,-0.22566,0.19944,-1.80862,-0.24413,0.30962,-0.82718,-0.17020,0.42321,-1.11729,-0.23029,0.47123,-1.34275,-0.24007,0.48899,-1.54548,-0.23658
ok,-0.00000,0.00000,0.00000,-0.20571,-0.23268,-0.07043,-0.34150,-0.54230,-0.12012,-0.46223,-0.78629,-0.17876,-0.55083,-1.01797,-0.22644,-0.03324,-0.93804,-0.00748,-0.18807,-1.21053,-0.14532,-0.33990,-1.18273,-0.25710,-0.44372,-1.08030,-0.30803,0.07615,-0.99710,-0.03934,0.05196,-1.38734,-0.11756,-0.03358,-1.63951,-0.18005,-0.10831,-1.82998,-0.21792,0.18413,-0.95641,-0.09794,0.22655,-1.34826,-0.17752,0.19874,-1.60461,-0.22081,0.15866,-1.80650,-0.23910,0.28351,-0.83813,-0.16707,0.38520,-1.13471,-0.22581,0.42759,-1.36161,-0.23516,0.44243,-1.56620,-0.23191
ok,-0.00000,0.00000,0.00000,-0.20204,-0.22979,-0.06180,-0.33602,-0.53973,-0.10965,-0.45505,-0.78126,-0.16823,-0.54459,-1.01299,-0.21641,-0.03282,-0.93788,-0.00088,-0.18577,-1.21347,-0.14056,-0.33991,-1.18141,-0.25282,-0.44338,-1.07064,-0.30256,0.07489,-0.99719,-0.03936,0.05749,-1.38755,-0.11693,-0.02975,-1.64284,-0.17928,-0.10167,-1.83905,-0.21641,0.18151,-0.95511,-0.10427,0.22886,-1.34381,-0.18337,0.19649,-1.61248,-0.22446,0.15539,-1.83002,-0.24130,0.27981,-0.83620,-0.17915,0.39583,-1.13480,-0.23726,0.43217,-1.36843,-0.24342,0.43556,-1.57939,-0.23778
ok,-0.00000,0.00000,0.00000,-0.20564,-0.22582,-0.06175,-0.33912,-0.53378,-0.10939,-0.45848,-0.77525,-0.16808,-0.55716,-1.00175,-0.21644,-0.03637,-0.93658,0.00337,-0.18646,-1.21156,-0.13565,-0.33783,-1.17899,-0.24835,-0.44070,-1.06630,-0.29867,0.07040,-0.99752,-0.03433,0.04957,-1.39004,-0.11034,-0.03861,-1.64347,-0.17227,-0.11245,-1.84067,-0.20948,0.17615,-0.95831,-0.09888,0.22161,-1.34924,-0.17612,0.19057,-1.61585,-0.21715,0.14956,-1.83252,-0.23440,0.27527,-0.84172,-0.17359,0.38908,-1.14130,-0.22900,0.42472,-1.37270,-0.23460,0.42751,-1.58281,-0.22933
ok,-0.00000,0.00000,0.00000,-0.20666,-0.22659,-0.05906,-0.34185,-0.53027,-0.10611,-0.46326,-0.76835,-0.16471,-0.56161,-0.99488,-0.21364,-0.03706,-0.93624,0.00565,-0.18492,-1.20767,-0.13319,-0.33912,-1.17843,-0.24808,-0.44625,-1.07178,-0.30081,0.06762,-0.99771,-0.03401,0.04228,-1.39146,-0.10940,-0.04529,-1.64824,-0.17403,-0.11780,-1.84990,-0.21435,0.17296,-0.96040,-0.10011,0.21389,-1.35413,-0.17649,0.18400,-1.62446,-0.21952,0.14489,-1.84538,-0.23919,0.27210,-0.84532,-0.17615,0.38335,-1.14785,-0.23053,0.41766,-1.38102,-0.23623,0.41954,-1.59259,-0.23183
ok,-0.00000,0.00000,0.00000,-0.20682,-0.22428,-0.06020,-0.34864,-0.52269,-0.10930,-0.47517,-0.75786,-0.16941,-0.57444,-0.98491,-0.22007,-0.04893,-0.93522,0.00163,-0.19827,-1.20225,-0.13672,-0.35074,-1.17041,-0.25208,-0.45614,-1.06274,-0.30544,0.05616,-0.99842,-0.03800,0.02866,-1.39142,-0.11297,-0.05900,-1.64594,-0.17877,-0.13175,-1.84461,-0.22048,0.16291,-0.96206,-0.10355,0.20089,-1.35480,-0.17943,0.16933,-1.62236,-0.22362,0.12878,-1.84032,-0.24453,0.26347,-0.84665,-0.17895,0.37231,-1.15235,-0.23232,0.40523,-1.38553,-0.23756,0.40604,-1.59401,-0.23322
ok,-0.00000,0.00000,0.00000,-0.21378,-0.22355,-0.06230,-0.36222,-0.51446,-0.11428,-0.49379,-0.74637,-0.17704,-0.59529,-0.97500,-0.23112,-0.06375,-0.93293,-0.00497,-0.21690,-1.19497,-0.14558,-0.37068,-1.15998,-0.26213,-0.47780,-1.05385,-0.31742,0.04022,-0.99919,-0.04486,0.00881,-1.39541,-0.12412,-0.08212,-1.64819,-0.19264,-0.15944,-1.84714,-0.23679,0.14696,-0.96312,-0.11043,0.18123,-1.36219,-0.19102,0.15001,-1.63095,-0.23838,0.10911,-1.85126,-0.26165,0.24813,-0.84658,-0.18557,0.35220,-1.15568,-0.24367,0.38382,-1.39118,-0.25214,0.38438,-1.60238,-0.25026
ok,-0.00000,0.00000,0.00000,-0.21733,-0.21061,-0.06759,-0.37514,-0.50372,-0.12291,-0.51387,-0.73331,-0.18695,-0.61828,-0.95753,-0.24227,-0.08184,-0.93047,-0.02041,-0.24690,-1.18886,-0.16549,-0.40180,-1.14250,-0.28442,-0.50503,-1.02507,-0.34060,0.02426,-0.99971,-0.05818,-0.01349,-1.40550,-0.14063,-0.10947,-1.65860,-0.21083,-0.19140,-1.85646,-0.25620,0.13170,-0.96374,-0.12103,0.16441,-1.37029,-0.20382,0.12834,-1.64210,-0.25434,0.08252,-1.86509,-0.28023,0.23153,-0.84574,-0.19332,0.33230,-1.16335,-0.25298,0.36055,-1.40229,-0.26286,0.35755,-1.61469,-0.26255
ok,-0.00000,0.00000,0.00000,-0.23510,-0.18857,-0.06298,-0.39914,-0.46537,-0.11342,-0.54484,-0.67274,-0.17502,-0.66510,-0.86983,-0.22807,-0.12674,-0.92314,-0.00627,-0.32730,-1.15784,-0.15039,-0.48165,-1.08319,-0.27099,-0.57317,-0.95294,-0.32775,-0.02134,-0.99977,-0.04622,-0.08903,-1.41360,-0.12854,-0.20465,-1.65435,-0.19639,-0.30582,-1.83223,-0.23756,0.08803,-0.97445,-0.11228,0.09704,-1.39358,-0.19671,0.04724,-1.65755,-0.24922,-0.01096,-1.85935,-0.27302,0.19201,-0.86818,-0.18746,0.26182,-1.20167,-0.24405,0.27365,-1.44085,-0.25141,0.25779,-1.64312,-0.24830
ok,-0.00000,0.00000,0.00000,-0.23984,-0.18612,-0.05991,-0.41843,-0.44392,-0.11680,-0.57439,-0.63465,-0.18659,-0.70304,-0.82360,-0.24851,-0.17062,-0.91589,-0.00837,-0.35578,-1.14151,-0.15910,-0.50630,-1.06332,-0.28357,-0.60059,-0.92606,-0.34289,-0.06859,-0.99764,-0.05397,-0.13249,-1.40614,-0.14207,-0.24153,-1.64934,-0.21793,-0.33650,-1.83952,-0.26670,0.04384,-0.97421,-0.12530,0.05746,-1.39068,-0.21264,0.01747,-1.66257,-0.27088,-0.03179,-1.88346,-0.30131,0.15284,-0.86823,-0.20539,0.22699,-1.20182,-0.26520,0.24504,-1.44423,-0.27746,0.23649,-1.65194,-0.27949
ok,-0.00000,0.00000,0.00000,-0.27497,-0.10601,-0.04797,-0.49706,-0.28995,-0.11922,-0.67958,-0.41026,-0.20807,-0.83470,-0.52335,-0.29315,-0.35119,-0.86112,-0.01738,-0.57770,-0.97860,-0.17573,-0.71693,-0.83414,-0.31307,-0.78848,-0.66950,-0.38347,-0.26832,-0.96333,-0.07761,-0.39047,-1.34841,-0.18394,-0.55413,-1.54570,-0.26489,-0.69670,-1.69317,-0.31401,-0.16044,-0.96488,-0.16164,-0.18207,-1.40073,-0.26694,-0.26882,-1.66281,-0.33644,-0.35891,-1.87652,-0.37002,-0.05465,-0.88162,-0.25232,-0.01052,-1.24685,-0.31107,-0.01297,-1.50513,-0.32177,-0.02930,-1.73099,-0.32558
ok,-0.00000,0.00000,0.00000,-0.23007,-0.25678,-0.05321,-0.38211,-0.54225,-0.08417,-0.49442,-0.76349,-0.13150,-0.53904,-1.00305,-0.17052,-0.08358,-0.93765,0.00435,-0.21182,-1.19785,-0.12198,-0.35521,-1.16806,-0.21264,-0.46059,-1.05281,-0.24896,0.04337,-0.99906,-0.02888,0.02654,-1.40736,-0.09145,-0.04616,-1.64464,-0.12358,-0.10715,-1.84058,-0.13733,0.16026,-0.97983,-0.08738,0.22002,-1.35524,-0.14949,0.19944,-1.60003,-0.15468,0.16540,-1.79001,-0.14609,0.26802,-0.87605,-0.15857,0.41203,-1.14792,-0.21305,0.46761,-1.36262,-0.20915,0.49579,-1.54699,-0.19090
ok,-0.00000,0.00000,0.00000,-0.20099,-0.24464,-0.06384,-0.33510,-0.52717,-0.10816,-0.44775,-0.77867,-0.16605,-0.50380,-1.02648,-0.21113,0.00254,-0.93074,0.02565,-0.12626,-1.21575,-0.10758,-0.26871,-1.19536,-0.21351,-0.37241,-1.07143,-0.25619,0.12886,-0.99166,-0.00170,0.12590,-1.38747,-0.06594,0.05495,-1.63155,-0.11675,-0.00471,-1.82857,-0.14623,0.25143,-0.95824,-0.05815,0.31629,-1.34585,-0.12626,0.30479,-1.59387,-0.15789,0.27443,-1.79178,-0.16833,0.36510,-0.84365,-0.12605,0.51157,-1.10672,-0.17682,0.57702,-1.31162,-0.18062,0.60833,-1.49358,-0.17200
ok,-0.00000,0.00000,0.00000,-0.18173,-0.25500,-0.06787,-0.30996,-0.56475,-0.11444,-0.41400,-0.81781,-0.16937,-0.45274,-1.05622,-0.21156,0.04244,-0.93892,-0.00221,-0.08141,-1.23467,-0.13891,-0.22628,-1.22025,-0.24961,-0.33146,-1.11338,-0.29743,0.17416,-0.98472,-0.03185,0.18209,-1.39259,-0.10283,0.11408,-1.64647,-0.16008,0.05817,-1.84344,-0.19371,0.29921,-0.93242,-0.08816,0.37453,-1.33007,-0.16651,0.37334,-1.58866,-0.21144,0.35765,-1.79940,-0.22981,0.40905,-0.79102,-0.15389,0.56148,-1.05304,-0.21373,0.63860,-1.25631,-0.22378,0.68928,-1.44175,-0.21953
ok,-0.00000,0.00000,0.00000,-0.17864,-0.25702,-0.06837,-0.30343,-0.56510,-0.11738,-0.40907,-0.82358,-0.17709,-0.44638,-1.07058,-0.22523,0.06085,-0.93629,0.01160,-0.05660,-1.24638,-0.13227,-0.20280,-1.22793,-0.25664,-0.31280,-1.11087,-0.31308,0.19118,-0.98155,-0.01864,0.20078,-1.38161,-0.09282,0.13901,-1.64911,-0.16376,0.08554,-1.86657,-0.21061,0.31482,-0.92923,-0.07762,0.39426,-1.31454,-0.15338,0.39783,-1.57837,-0.20848,0.38052,-1.80074,-0.23787,0.42473,-0.79454,-0.14710,0.58616,-1.05013,-0.19939,0.67088,-1.25677,-0.21216,0.72180,-1.45353,-0.21469
ok,-0.00000,0.00000,0.00000,-0.17757,-0.25318,-0.06639,-0.29714,-0.56650,-0.11526,-0.40384,-0.82215,-0.17461,-0.44209,-1.06493,-0.22311,0.06758,-0.93861,0.00642,-0.04654,-1.24715,-0.13956,-0.19396,-1.23058,-0.26707,-0.30788,-1.12039,-0.32625,0.19649,-0.98051,-0.02650,0.21081,-1.38035,-0.10304,0.15067,-1.65383,-0.17719,0.09670,-1.87647,-0.22635,0.31824,-0.92280,-0.08756,0.39917,-1.30707,-0.16577,0.40351,-1.57437,-0.22564,0.38715,-1.79960,-0.25836,0.42497,-0.78184,-0.15854,0.58772,-1.03700,-0.21285,0.67725,-1.24462,-0.22861,0.73309,-1.44294,-0.23380
ok,-0.00000,0.00000,0.00000,-0.18020,-0.25936,-0.07589,-0.30300,-0.56660,-0.13468,-0.41583,-0.82172,-0.20208,-0.45341,-1.06904,-0.25887,0.05974,-0.94152,-0.02134,-0.05684,-1.25131,-0.17814,-0.20842,-1.22701,-0.30928,-0.32174,-1.11276,-0.37082,0.18529,-0.98268,-0.05412,0.20875,-1.38920,-0.14472,0.14390,-1.66606,-0.22476,0.08590,-1.89149,-0.27783,0.30309,-0.91920,-0.11487,0.38981,-1.30754,-0.20468,0.39316,-1.58422,-0.27189,0.37836,-1.82304,-0.30961,0.40431,-0.77390,-0.18545,0.57186,-1.03533,-0.24807,0.66084,-1.24940,-0.26968,0.71670,-1.45320,-0.27994
ok,-0.00000,0.00000,0.00000,-0.18048,-0.25899,-0.07176,-0.29911,-0.56400,-0.12978,-0.41602,-0.81364,-0.19740,-0.46350,-1.05451,-0.25513,0.05213,-0.94064,-0.02074,-0.06449,-1.24507,-0.18005,-0.21550,-1.22288,-0.31305,-0.32895,-1.10998,-0.37666,0.17677,-0.98425,-0.05785,0.19685,-1.39482,-0.15190,0.12455,-1.66833,-0.23234,0.05894,-1.88926,-0.28545,0.29633,-0.92399,-0.12299,0.37706,-1.32058,-0.21685,0.37532,-1.59759,-0.28453,0.35647,-1.83669,-0.32237,0.40114,-0.78125,-0.19748,0.56750,-1.04789,-0.26356,0.65260,-1.26531,-0.28621,0.70466,-1.47328,-0.29745
ok,-0.00000,0.00000,0.00000,-0.17999,-0.25460,-0.07394,-0.29724,-0.56125,-0.13130,-0.41538,-0.80994,-0.19766,-0.45721,-1.05282,-0.25374,0.05381,-0.94059,-0.02402,-0.06278,-1.24689,-0.18094,-0.21538,-1.22199,-0.31020,-0.32871,-1.10513,-0.37050,0.17558,-0.98446,-0.05891,0.18878,-1.39127,-0.15019,0.11165,-1.66355,-0.22737,0.04290,-1.88033,-0.27789,0.29283,-0.92489,-0.12189,0.36844,-1.32010,-0.21262,0.36360,-1.59661,-0.27728,0.34246,-1.83336,-0.31326,0.39562,-0.78338,-0.19469,0.56151,-1.05107,-0.25951,0.64362,-1.26892,-0.28138,0.69096,-1.47644,-0.29168
ok,-0.00000,0.00000,0.00000,-0.18034,-0.25046,-0.07521,-0.29789,-0.56083,-0.13258,-0.41458,-0.81026,-0.19842,-0.46025,-1.05702,-0.25363,0.05442,-0.93987,-0.02529,-0.05977,-1.25214,-0.18164,-0.21348,-1.23039,-0.30926,-0.32801,-1.11533,-0.36793,0.17269,-0.98498,-0.05932,0.18112,-1.39204,-0.14863,0.09950,-1.66579,-0.22318,0.02623,-1.88003,-0.27144,0.28624,-0.92782,-0.12157,0.35616,-1.32170,-0.20875,0.34749,-1.60211,-0.26907,0.32344,-1.84200,-0.30248,0.38721,-0.78940,-0.19421,0.55170,-1.05671,-0.25709,0.62927,-1.27728,-0.27682,0.67060,-1.48737,-0.28522
ok,-0.00000,0.00000,0.00000,-0.18210,-0.24579,-0.06398,-0.30064,-0.55568,-0.11728,-0.41694,-0.80499,-0.18077,-0.46782,-1.04963,-0.23373,0.05118,-0.93753,-0.01598,-0.07301,-1.25572,-0.16692,-0.22641,-1.23244,-0.28968,-0.33586,-1.11455,-0.34525,0.16418,-0.98643,-0.05488,0.16160,-1.40147,-0.13799,0.07666,-1.67400,-0.20784,0.00194,-1.88659,-0.25323,0.27406,-0.93279,-0.12085,0.33993,-1.33142,-0.20214,0.32503,-1.61495,-0.25905,0.29690,-1.85568,-0.29115,0.37056,-0.79757,-0.19638,0.52727,-1.07260,-0.25479,0.59871,-1.29962,-0.27121,0.63566,-1.51495,-0.27795
ok,-0.00000,0.00000,0.00000,-0.18587,-0.25461,-0.06528,-0.30256,-0.56301,-0.11981,-0.41623,-0.81470,-0.18423,-0.47723,-1.06519,-0.23859,0.04044,-0.94154,-0.01829,-0.07970,-1.26386,-0.17108,-0.23370,-1.24542,-0.29429,-0.34676,-1.12916,-0.35049,0.15397,-0.98808,-0.05744,0.15568,-1.40318,-0.14565,0.07059,-1.67849,-0.21960,-0.00499,-1.89146,-0.26789,0.26568,-0.93170,-0.12370,0.33267,-1.33723,-0.21116,0.31639,-1.62356,-0.27153,0.28613,-1.86537,-0.30548,0.36570,-0.79422,-0.19906,0.52722,-1.07330,-0.26266,0.59874,-1.30317,-0.28251,0.63419,-1.52186,-0.29166
ok,-0.00000,0.00000,0.00000,-0.18995,-0.25546,-0.07028,-0.30822,-0.56985,-0.12456,-0.42170,-0.82294,-0.18742,-0.48741,-1.07545,-0.24071,0.03067,-0.94383,-0.02235,-0.08758,-1.25672,-0.17094,-0.23818,-1.24598,-0.29013,-0.35211,-1.14320,-0.34537,0.14670,-0.98918,-0.05888,0.15093,-1.39931,-0.14669,0.07222,-1.67333,-0.21967,-0.00006,-1.88598,-0.26736,0.25932,-0.93069,-0.12246,0.32216,-1.33247,-0.21170,0.30788,-1.61387,-0.27108,0.27934,-1.84951,-0.30377,0.36065,-0.79112,-0.19536,0.51698,-1.07246,-0.26206,0.58813,-1.30195,-0.28256,0.62416,-1.52016,-0.29147
ok,-0.00000,0.00000,0.00000,-0.18837,-0.25384,-0.06978,-0.30892,-0.56913,-0.12248,-0.42072,-0.82481,-0.18401,-0.48620,-1.07693,-0.23562,0.02822,-0.94233,-0.01480,-0.09187,-1.25228,-0.16067,-0.24103,-1.24227,-0.27888,-0.35415,-1.13780,-0.33319,0.14528,-0.98939,-0.05045,0.14832,-1.39350,-0.13500,0.06849,-1.66710,-0.20645,-0.00445,-1.87797,-0.25278,0.25898,-0.93315,-0.11346,0.32011,-1.33035,-0.20024,0.30475,-1.60853,-0.25801,0.27535,-1.83788,-0.28946,0.36251,-0.79545,-0.18592,0.51641,-1.07127,-0.25107,0.58680,-1.29697,-0.27010,0.62317,-1.51141,-0.27755
ok,-0.00000,0.00000,0.00000,-0.19010,-0.25202,-0.06761,-0.31137,-0.56885,-0.11858,-0.42119,-0.82411,-0.17911,-0.48248,-1.07719,-0.22961,0.03207,-0.94253,-0.00930,-0.08611,-1.25287,-0.15278,-0.23615,-1.24387,-0.26909,-0.35084,-1.13972,-0.32205,0.14906,-0.98883,-0.04576,0.15210,-1.38963,-0.12726,0.07267,-1.66301,-0.19667,0.00110,-1.87383,-0.24147,0.26142,-0.93329,-0.10979,0.32339,-1.32763,-0.19502,0.30892,-1.60677,-0.25155,0.28141,-1.83667,-0.28188,0.36217,-0.79765,-0.18326,0.51892,-1.07228,-0.24855,0.59000,-1.29915,-0.26756,0.62560,-1.51444,-0.27438
ok,-0.00000,0.00000,0.00000,-0.19044,-0.25766,-0.06851,-0.31300,-0.56888,-0.12091,-0.42175,-0.82513,-0.18295,-0.47949,-1.07881,-0.23485,0.03790,-0.94146,-0.00867,-0.08148,-1.25472,-0.15410,-0.23087,-1.24760,-0.27250,-0.34459,-1.14196,-0.32644,0.15716,-0.98757,-0.04483,0.15911,-1.39451,-0.12683,0.07953,-1.67113,-0.19762,0.00774,-1.88542,-0.24387,0.27089,-0.93274,-0.10891,0.33357,-1.33118,-0.19470,0.31880,-1.61371,-0.25359,0.28968,-1.84481,-0.28576,0.37286,-0.79638,-0.18242,0.52993,-1.07208,-0.24752,0.60223,-1.30020,-0.26757,0.63870,-1.51708,-0.27563
ok,-0.00000,0.00000,0.00000,-0.19083,-0.25579,-0.06990,-0.31338,-0.57092,-0.12480,-0.42205,-0.83051,-0.18965,-0.47778,-1.08821,-0.24470,0.04054,-0.94101,-0.00994,-0.07622,-1.25757,-0.15623,-0.22527,-1.25987,-0.27550,-0.34370,-1.15859,-0.33011,0.16382,-0.98649,-0.04635,0.16649,-1.39705,-0.12775,0.08994,-1.67708,-0.19805,0.01950,-1.89494,-0.24424,0.28111,-0.93131,-0.11074,0.34576,-1.33689,-0.19522,0.33478,-1.62280,-0.25326,0.30798,-1.85704,-0.28558,0.38409,-0.79262,-0.18484,0.54280,-1.06883,-0.24886,0.61614,-1.29959,-0.26833,0.65254,-1.51686,-0.27635
ok,-0.00000,0.00000,0.00000,-0.19202,-0.25729,-0.06656,-0.31442,-0.57399,-0.11834,-0.42190,-0.83531,-0.18013,-0.46866,-1.09508,-0.23229,0.04587,-0.93880,-0.00903,-0.06745,-1.25748,-0.15434,-0.21558,-1.26430,-0.27272,-0.33449,-1.16842,-0.32664,0.17130,-0.98522,-0.04597,0.17733,-1.39825,-0.12696,0.10293,-1.68118,-0.19690,0.03390,-1.90134,-0.24261,0.29030,-0.92961,-0.11032,0.35720,-1.33560,-0.19407,0.34817,-1.62144,-0.25231,0.32230,-1.85565,-0.28459,0.39405,-0.79123,-0.18401,0.55550,-1.06600,-0.24722,0.63002,-1.29582,-0.26682,0.66618,-1.51255,-0.27477
ok,-0.00000,0.00000,0.00000,-0.19275,-0.25333,-0.07121,-0.31414,-0.57254,-0.12433,-0.41812,-0.83667,-0.18640,-0.47232,-1.09716,-0.23792,0.04955,-0.93436,-0.01019,-0.06403,-1.25898,-0.15472,-0.21295,-1.26564,-0.27151,-0.33288,-1.16866,-0.32330,0.17302,-0.98492,-0.04420,0.17715,-1.40123,-0.12380,0.10184,-1.68443,-0.19194,0.03012,-1.90093,-0.23517,0.28993,-0.93410,-0.10605,0.35688,-1.33665,-0.18898,0.34855,-1.61879,-0.24560,0.32217,-1.84577,-0.27553,0.39421,-0.79912,-0.17768,0.55271,-1.07841,-0.23884,0.62954,-1.30870,-0.25597,0.66750,-1.52399,-0.26142
ok,-0.00000,0.00000,0.00000,-0.19827,-0.24834,-0.07006,-0.32721,-0.56207,-0.12346,-0.43715,-0.82236,-0.18502,-0.49331,-1.08145,-0.23596,0.03780,-0.93403,-0.01666,-0.08718,-1.26420,-0.16496,-0.23937,-1.26530,-0.28355,-0.35646,-1.16407,-0.33687,0.15888,-0.98730,-0.05222,0.15923,-1.41320,-0.13866,0.07854,-1.69356,-0.20988,0.00389,-1.90490,-0.25470,0.27527,-0.93716,-0.11505,0.33869,-1.34825,-0.20357,0.32343,-1.62828,-0.26234,0.29340,-1.85520,-0.29317,0.37975,-0.80328,-0.18697,0.53687,-1.08641,-0.25230,0.61237,-1.31893,-0.27122,0.65108,-1.53680,-0.27789
ok,-0.00000,0.00000,0.00000,-0.19721,-0.23665,-0.06979,-0.32942,-0.54610,-0.12552,-0.44784,-0.79595,-0.18985,-0.51156,-1.04352,-0.24430,0.01763,-0.93298,-0.02399,-0.12289,-1.24040,-0.17380,-0.27539,-1.22658,-0.29366,-0.38789,-1.11739,-0.34880,0.13460,-0.99090,-0.06150,0.12107,-1.41440,-0.15166,0.03028,-1.68380,-0.22195,-0.05640,-1.88442,-0.26468,0.24808,-0.94198,-0.12552,0.30428,-1.35463,-0.21597,0.28412,-1.63240,-0.27267,0.24679,-1.85576,-0.30092,0.34641,-0.80736,-0.19866,0.48446,-1.09871,-0.26517,0.54927,-1.33649,-0.28278,0.57924,-1.55294,-0.28764
ok,-0.00000,0.00000,0.00000,-0.20756,-0.22297,-0.05404,-0.35737,-0.51231,-0.10512,-0.49095,-0.74544,-0.16826,-0.55895,-0.97247,-0.22382,-0.03826,-0.92968,-0.00702,-0.20121,-1.20797,-0.15124,-0.35311,-1.16188,-0.27190,-0.45631,-1.03116,-0.32728,0.07112,-0.99747,-0.04951,0.02301,-1.42171,-0.12792,-0.08418,-1.66719,-0.19442,-0.18486,-1.84324,-0.23621,0.18538,-0.96089,-0.11741,0.21424,-1.38945,-0.19644,0.18120,-1.65995,-0.25203,0.13202,-1.86933,-0.28159,0.29042,-0.83813,-0.19314,0.40269,-1.14748,-0.24596,0.44432,-1.38123,-0.25645,0.45265,-1.58662,-0.25835
ok,-0.00000,0.00000,0.00000,-0.21861,-0.20368,-0.04371,-0.38306,-0.46580,-0.09831,-0.53315,-0.66217,-0.16868,-0.62994,-0.86399,-0.23239,-0.10138,-0.92719,0.00459,-0.29591,-1.17838,-0.14727,-0.44933,-1.08728,-0.27380,-0.53960,-0.93881,-0.33133,-0.01034,-0.99995,-0.04834,-0.09443,-1.42003,-0.13684,-0.22619,-1.65445,-0.20667,-0.34303,-1.81775,-0.24702,0.09435,-0.96761,-0.12733,0.08272,-1.41199,-0.21662,0.01523,-1.67767,-0.27282,-0.05597,-1.87691,-0.29793,0.18935,-0.85545,-0.21306,0.27006,-1.19189,-0.27131,0.28552,-1.43971,-0.28215,0.27249,-1.65455,-0.28217
ok,-0.00000,0.00000,0.00000,-0.22855,-0.16950,-0.03062,-0.39732,-0.41499,-0.08108,-0.55113,-0.58955,-0.15183,-0.68293,-0.76347,-0.21627,-0.16102,-0.91552,0.02121,-0.35884,-1.14390,-0.12899,-0.50690,-1.03620,-0.25036,-0.59208,-0.86535,-0.30353,-0.08728,-0.99618,-0.04137,-0.17882,-1.40210,-0.12787,-0.31777,-1.61570,-0.19652,-0.43913,-1.75598,-0.23604,0.00846,-0.97588,-0.12952,-0.01626,-1.41803,-0.21625,-0.10099,-1.68033,-0.26948,-0.18675,-1.87654,-0.29368,0.10067,-0.87738,-0.22395,0.15171,-1.22447,-0.27880,0.13840,-1.48036,-0.28721,0.09917,-1.69393,-0.28679
ok,-0.00000,0.00000,0.00000,-0.23266,-0.17404,-0.03314,-0.40691,-0.41402,-0.07954,-0.55830,-0.58291,-0.14558,-0.69436,-0.74966,-0.20356,-0.18035,-0.91527,0.02959,-0.37464,-1.14730,-0.11830,-0.51982,-1.03242,-0.24065,-0.60119,-0.86367,-0.29576,-0.11101,-0.99382,-0.02862,-0.22073,-1.38326,-0.11188,-0.36259,-1.58212,-0.18164,-0.48351,-1.72471,-0.22453,-0.01715,-0.97813,-0.11354,-0.06345,-1.38941,-0.19293,-0.15303,-1.64711,-0.24524,-0.24263,-1.85171,-0.27226,0.08012,-0.88748,-0.20636,0.11514,-1.22587,-0.25621,0.09714,-1.47191,-0.26540,0.05547,-1.67845,-0.26739
ok,-0.00000,0.00000,0.00000,-0.23946,-0.17823,-0.02445,-0.41576,-0.41448,-0.06909,-0.57315,-0.57640,-0.13532,-0.72060,-0.73368,-0.19408,-0.19541,-0.91679,0.03474,-0.39376,-1.14448,-0.11297,-0.53962,-1.02642,-0.23406,-0.62081,-0.85397,-0.28852,-0.12938,-0.99159,-0.02861,-0.24403,-1.37923,-0.11398,-0.39499,-1.57443,-0.18332,-0.52405,-1.71085,-0.22533,-0.03673,-0.97436,-0.11803,-0.08480,-1.38891,-0.19813,-0.18084,-1.64884,-0.24954,-0.27787,-1.85346,-0.27618,0.05907,-0.88394,-0.21472,0.09087,-1.22387,-0.26582,0.06625,-1.47356,-0.27572,0.01764,-1.68415,-0.27845
ok,-0.00000,0.00000,0.00000,-0.24263,-0.17460,-0.02009,-0.42162,-0.40787,-0.06204,-0.57944,-0.56760,-0.12669,-0.72620,-0.72801,-0.18371,-0.19901,-0.91157,0.04612,-0.40062,-1.13515,-0.09814,-0.54665,-1.02080,-0.21900,-0.62810,-0.85020,-0.27420,-0.13580,-0.99074,-0.01778,-0.25081,-1.36914,-0.09897,-0.40141,-1.56650,-0.16750,-0.52912,-1.70479,-0.21021,-0.04663,-0.97737,-0.10786,-0.09623,-1.38614,-0.18348,-0.19101,-1.64127,-0.23171,-0.28549,-1.84138,-0.25751,0.04487,-0.88842,-0.20540,0.07591,-1.22041,-0.25389,0.05045,-1.46581,-0.26196,0.00248,-1.67396,-0.26386
ok,-0.00000,0.00000,0.00000,-0.24529,-0.17762,-0.02068,-0.42627,-0.40370,-0.06249,-0.58415,-0.56097,-0.12652,-0.72823,-0.72158,-0.18304,-0.20513,-0.90905,0.04433,-0.40703,-1.13013,-0.10109,-0.55217,-1.01709,-0.22245,-0.63268,-0.84836,-0.27755,-0.14088,-0.99003,-0.01849,-0.25914,-1.36755,-0.10056,-0.41059,-1.56227,-0.16909,-0.53964,-1.70018,-0.21177,-0.04977,-0.97858,-0.10745,-0.10212,-1.38524,-0.18401,-0.20013,-1.63755,-0.23236,-0.29858,-1.83518,-0.25779,0.04535,-0.89113,-0.20381,0.07299,-1.22520,-0.25298,0.04477,-1.47032,-0.26096,-0.00615,-1.67625,-0.26235
ok,-0.00000,0.00000,0.00000,-0.24201,-0.17884,-0.02312,-0.42373,-0.40720,-0.06569,-0.58172,-0.56399,-0.12979,-0.72243,-0.72619,-0.18639,-0.19929,-0.90784,0.03947,-0.40655,-1.12945,-0.10731,-0.55235,-1.01493,-0.22899,-0.63143,-0.84663,-0.28381,-0.13453,-0.99091,-0.02227,-0.25627,-1.37035,-0.10452,-0.40856,-1.56855,-0.17301,-0.53698,-1.71030,-0.21579,-0.04216,-0.98085,-0.11027,-0.09926,-1.39058,-0.18807,-0.19945,-1.64333,-0.23727,-0.29808,-1.84074,-0.26296,0.05445,-0.89497,-0.20566,0.07958,-1.23332,-0.25626,0.04978,-1.48146,-0.26484,-0.00172,-1.68867,-0.26629
ok,-0.00000,0.00000,0.00000,-0.23482,-0.17901,-0.02768,-0.41059,-0.41657,-0.06958,-0.56508,-0.58156,-0.13071,-0.70307,-0.75046,-0.18381,-0.17966,-0.91030,0.03324,-0.38597,-1.13494,-0.10836,-0.53469,-1.02568,-0.22507,-0.61378,-0.86343,-0.27731,-0.11345,-0.99354,-0.02461,-0.22672,-1.37654,-0.10397,-0.37799,-1.57468,-0.16979,-0.50376,-1.71575,-0.21069,-0.02141,-0.98203,-0.10813,-0.06766,-1.39013,-0.18395,-0.16740,-1.64548,-0.23282,-0.26454,-1.84545,-0.25865,0.07388,-0.89460,-0.19912,0.10646,-1.23277,-0.24963,0.07892,-1.48075,-0.25863,0.03009,-1.68906,-0.26036
ok,-0.00000,0.00000,0.00000,-0.23308,-0.17960,-0.03164,-0.40670,-0.42446,-0.07488,-0.55652,-0.59740,-0.13601,-0.68631,-0.77893,-0.18870,-0.16933,-0.91566,0.02425,-0.36400,-1.15090,-0.11936,-0.51193,-1.04810,-0.23483,-0.59321,-0.88770,-0.28551,-0.09855,-0.99513,-0.03233,-0.19877,-1.38655,-0.11524,-0.34513,-1.59197,-0.18164,-0.46843,-1.73853,-0.22214,-0.00469,-0.97857,-0.11460,-0.03576,-1.38929,-0.19427,-0.12928,-1.65288,-0.24546,-0.22316,-1.86257,-0.27232,0.09013,-0.88581,-0.20423,0.13433,-1.22623,-0.25798,0.11425,-1.47965,-0.26922,0.06996,-1.69599,-0.27246
ok,-0.00000,0.00000,0.00000,-0.22763,-0.17529,-0.03799,-0.39641,-0.41969,-0.08607,-0.54540,-0.59814,-0.15063,-0.66631,-0.78839,-0.20652,-0.15982,-0.91984,0.01142,-0.34433,-1.15904,-0.13369,-0.48763,-1.05825,-0.24860,-0.57007,-0.89964,-0.29941,-0.08411,-0.99646,-0.04322,-0.17518,-1.38510,-0.12968,-0.31632,-1.59069,-0.19639,-0.43772,-1.73921,-0.23690,0.01236,-0.97390,-0.12341,-0.01242,-1.38154,-0.20566,-0.09877,-1.64465,-0.25755,-0.18768,-1.85860,-0.28524,0.10770,-0.87044,-0.21122,0.16035,-1.20511,-0.26759,0.14577,-1.45906,-0.28105,0.10461,-1.68128,-0.28606
ok,-0.00000,0.00000,0.00000,-0.21803,-0.18354,-0.04484,-0.38991,-0.43511,-0.09435,-0.53446,-0.61932,-0.15827,-0.63651,-0.81537,-0.21244,-0.15193,-0.92463,0.00419,-0.34396,-1.15578,-0.14384,-0.48251,-1.04779,-0.26056,-0.55741,-0.88309,-0.31104,-0.06489,-0.99789,-0.04646,-0.14722,-1.39409,-0.13402,-0.28316,-1.59216,-0.19830,-0.39976,-1.72855,-0.23419,0.03851,-0.97049,-0.12286,0.02241,-1.37862,-0.20505,-0.05898,-1.63244,-0.25095,-0.14527,-1.83679,-0.27215,0.14033,-0.85968,-0.20768,0.19797,-1.18307,-0.26435,0.18330,-1.42252,-0.27320,0.14088,-1.63273,-0.27236
ok,-0.00000,0.00000,0.00000,-0.21360,-0.19886,-0.04677,-0.38323,-0.45424,-0.09819,-0.52366,-0.64748,-0.16363,-0.62216,-0.85748,-0.21965,-0.13792,-0.92715,0.00023,-0.32300,-1.17200,-0.14708,-0.46149,-1.07122,-0.26108,-0.53637,-0.90820,-0.30886,-0.04618,-0.99893,-0.04956,-0.12609,-1.40524,-0.13858,-0.26279,-1.60627,-0.20239,-0.38010,-1.74031,-0.23637,0.06036,-0.97191,-0.12475,0.04692,-1.38932,-0.20857,-0.03647,-1.64807,-0.25440,-0.12579,-1.85298,-0.27437,0.16624,-0.86237,-0.20816,0.22851,-1.18835,-0.26625,0.20828,-1.42576,-0.27426,0.15766,-1.63151,-0.27152
ok,-0.00000,0.00000,0.00000,-0.21182,-0.21627,-0.04251,-0.37606,-0.48956,-0.08906,-0.51224,-0.69390,-0.15010,-0.60303,-0.91206,-0.20192,-0.11514,-0.93461,0.00708,-0.29067,-1.19678,-0.13476,-0.43114,-1.10848,-0.24451,-0.51080,-0.95323,-0.28993,-0.02169,-0.99976,-0.04318,-0.09211,-1.40920,-0.12991,-0.22666,-1.60454,-0.19179,-0.34292,-1.72393,-0.22244,0.08339,-0.96901,-0.11823,0.07882,-1.38056,-0.19798,0.00251,-1.64020,-0.24097,-0.08176,-1.84016,-0.25844,0.18592,-0.85695,-0.20136,0.26210,-1.17372,-0.25715,0.24889,-1.40316,-0.26348,0.20226,-1.59826,-0.25862
ok,-0.00000,0.00000,0.00000,-0.21337,-0.22245,-0.04896,-0.37473,-0.50707,-0.09777,-0.51522,-0.72261,-0.15924,-0.60599,-0.94236,-0.21246,-0.11753,-0.93615,-0.00198,-0.29075,-1.20495,-0.14931,-0.43655,-1.12356,-0.26774,-0.52528,-0.97525,-0.31887,-0.02084,-0.99978,-0.04792,-0.09168,-1.41539,-0.13591,-0.22704,-1.61629,-0.20094,-0.34517,-1.74041,-0.23435,0.08742,-0.96822,-0.11889,0.07412,-1.38873,-0.19950,-0.00777,-1.64743,-0.24431,-0.09578,-1.84286,-0.26260,0.19532,-0.85486,-0.19829,0.27121,-1.17766,-0.25242,0.25176,-1.40235,-0.25740,0.19739,-1.58809,-0.25168
ok,-0.00000,0.00000,0.00000,-0.20516,-0.23445,-0.03644,-0.34949,-0.53242,-0.07892,-0.48835,-0.74672,-0.13679,-0.58068,-0.96044,-0.18670,-0.08967,-0.94652,0.01189,-0.25517,-1.22475,-0.13147,-0.40209,-1.14653,-0.24662,-0.49643,-0.99633,-0.29605,0.00072,-1.00000,-0.03982,-0.06520,-1.40988,-0.12598,-0.20229,-1.60945,-0.18931,-0.32464,-1.72971,-0.22132,0.10205,-0.95891,-0.11631,0.09455,-1.37032,-0.19418,0.01199,-1.63228,-0.23833,-0.07930,-1.82824,-0.25699,0.20004,-0.83734,-0.20056,0.28307,-1.15413,-0.25440,0.26452,-1.38431,-0.26164,0.20756,-1.57553,-0.25821
ok,-0.00000,0.00000,0.00000,-0.20276,-0.24984,-0.03578,-0.33637,-0.56475,-0.07595,-0.46553,-0.79254,-0.13133,-0.56177,-1.00444,-0.17852,-0.07327,-0.95377,0.01146,-0.22452,-1.26063,-0.13366,-0.37277,-1.19169,-0.24971,-0.47330,-1.04964,-0.30004,0.01747,-0.99985,-0.03822,-0.04365,-1.41440,-0.12631,-0.17723,-1.61523,-0.18788,-0.29802,-1.73825,-0.21764,0.11503,-0.95192,-0.11289,0.11684,-1.36647,-0.19240,0.03502,-1.63129,-0.23372,-0.05799,-1.83130,-0.24947,0.20810,-0.82601,-0.19532,0.29300,-1.13819,-0.25086,0.27590,-1.36838,-0.25888,0.21958,-1.56081,-0.25511
ok,-0.00000,0.00000,0.00000,-0.18092,-0.29386,-0.04716,-0.28833,-0.63569,-0.09258,-0.39609,-0.89611,-0.15131,-0.48308,-1.13701,-0.20330,-0.00851,-0.97020,-0.02234,-0.12113,-1.32855,-0.17138,-0.27512,-1.29611,-0.28213,-0.39613,-1.18529,-0.33169,0.09684,-0.99530,-0.07319,0.05713,-1.44463,-0.17180,-0.06933,-1.67343,-0.23723,-0.19410,-1.81893,-0.27310,0.20724,-0.93269,-0.14892,0.21519,-1.38267,-0.24658,0.11911,-1.66811,-0.29851,0.00265,-1.87379,-0.32197,0.31440,-0.80263,-0.23211,0.41712,-1.14897,-0.30958,0.39039,-1.39397,-0.33265,0.30727,-1.58410,-0.33936
ok,-0.00000,0.00000,0.00000,-0.14796,-0.32658,-0.04476,-0.24262,-0.67167,-0.09392,-0.34796,-0.94159,-0.16013,-0.39827,-1.20077,-0.22245,0.06984,-0.96388,0.00425,-0.04801,-1.32692,-0.16235,-0.20355,-1.29027,-0.29791,-0.32672,-1.16317,-0.35895,0.17946,-0.98377,-0.04946,0.14500,-1.45333,-0.16551,0.02107,-1.68333,-0.25481,-0.10054,-1.82708,-0.30127,0.29483,-0.91544,-0.13016,0.31159,-1.38784,-0.23432,0.22061,-1.68051,-0.29858,0.11248,-1.89323,-0.32576,0.40556,-0.77341,-0.21847,0.51446,-1.12618,-0.28901,0.47948,-1.38330,-0.30885,0.38914,-1.58611,-0.31225
ok,-0.00000,0.00000,0.00000,-0.15569,-0.29915,-0.08309,-0.26124,-0.67283,-0.14956,-0.35883,-0.99474,-0.21795,-0.39460,-1.27264,-0.28037,0.07075,-0.97874,-0.09399,-0.00939,-1.37645,-0.23890,-0.15315,-1.40513,-0.34305,-0.28113,-1.32738,-0.38519,0.23066,-0.97304,-0.11780,0.25183,-1.50654,-0.20518,0.18731,-1.79739,-0.27329,0.11242,-1.97117,-0.31793,0.38006,-0.86870,-0.16022,0.46725,-1.34016,-0.23990,0.41389,-1.59219,-0.28468,0.34017,-1.74600,-0.30813,0.50390,-0.69972,-0.20996,0.60914,-1.08459,-0.26040,0.58365,-1.30780,-0.25727,0.51772,-1.45565,-0.24740
ok,0.00000,0.00000,0.00000,0.23540,-0.21162,-0.05018,0.44047,-0.51197,-0.12036,0.59237,-0.76437,-0.19513,0.67203,-0.95337,-0.25438,0.14798,-0.97293,-0.11590,0.34402,-1.36330,-0.24338,0.48456,-1.20011,-0.30674,0.54126,-0.96964,-0.32018,-0.02225,-0.99975,-0.13103,0.20270,-1.39341,-0.21109,0.34048,-1.24773,-0.21867,0.38649,-1.05878,-0.21296,-0.16821,-0.95862,-0.15466,0.05486,-1.30817,-0.19779,0.16718,-1.19543,-0.16407,0.20319,-1.02845,-0.13349,-0.29447,-0.87182,-0.18476,-0.12219,-1.16193,-0.18638,-0.01730,-1.12020,-0.14119,0.02907,-1.00209,-0.09926
ok,0.00000,0.00000,0.00000,-0.19984,-0.17218,-0.04616,-0.36002,-0.44578,-0.11258,-0.51471,-0.63372,-0.20077,-0.64370,-0.78626,-0.29210,-0.11092,-0.94363,-0.01995,-0.30683,-1.16422,-0.15760,-0.45746,-1.11819,-0.27921,-0.55109,-1.01849,-0.34567,-0.00810,-0.99997,-0.07208,-0.10956,-1.42677,-0.19126,-0.26877,-1.61622,-0.28038,-0.41959,-1.70237,-0.32718,0.09158,-0.97391,-0.14238,0.07234,-1.40925,-0.24765,-0.03528,-1.65433,-0.31568,-0.13744,-1.80463,-0.34265,0.17565,-0.87507,-0.21880,0.26033,-1.20162,-0.27859,0.27277,-1.44884,-0.30824,0.25719,-1.66097,-0.32180
ok,0.00000,0.00000,0.00000,-0.23299,-0.16287,-0.06707,-0.41971,-0.40961,-0.13712,-0.59443,-0.58711,-0.21796,-0.73869,-0.76916,-0.29544,-0.21250,-0.91717,-0.04047,-0.39524,-1.12684,-0.18276,-0.54632,-1.02205,-0.30107,-0.61833,-0.87010,-0.36154,-0.11263,-0.99364,-0.08292,-0.16728,-1.42197,-0.20438,-0.33739,-1.61309,-0.28260,-0.49366,-1.71562,-0.31888,-0.00682,-0.97116,-0.14788,-0.00459,-1.42475,-0.24896,-0.11317,-1.67233,-0.30842,-0.21765,-1.85245,-0.33576,0.07781,-0.87284,-0.22080,0.15615,-1.20980,-0.28928,0.16185,-1.45608,-0.31953,0.14577,-1.66970,-0.33401
ok,0.00000,0.00000,0.00000,-0.23372,-0.17990,-0.02321,-0.39915,-0.44328,-0.06455,-0.55468,-0.62624,-0.12156,-0.69927,-0.77798,-0.17990,-0.17781,-0.92258,0.01038,-0.36014,-1.11110,-0.10792,-0.50912,-1.00059,-0.21852,-0.57631,-0.84900,-0.27959,-0.08849,-0.99608,-0.05070,-0.15007,-1.40114,-0.14309,-0.31368,-1.58654,-0.21419,-0.46243,-1.70121,-0.25697,0.00417,-0.96858,-0.13143,0.02508,-1.42387,-0.22028,-0.07172,-1.68346,-0.27907,-0.16389,-1.88632,-0.31589,0.08057,-0.86516,-0.21575,0.18285,-1.20901,-0.28887,0.20862,-1.46209,-0.32039,0.21334,-1.69487,-0.34110
ok,0.00000,0.00000,0.00000,-0.22309,-0.18414,-0.02707,-0.38291,-0.45275,-0.06893,-0.53799,-0.63710,-0.12913,-0.68253,-0.80451,-0.18914,-0.16969,-0.92429,0.02821,-0.34797,-1.11692,-0.09500,-0.50478,-1.02507,-0.20854,-0.57628,-0.88566,-0.26826,-0.08667,-0.99624,-0.02985,-0.13563,-1.40957,-0.12777,-0.29711,-1.60193,-0.20045,-0.44443,-1.72485,-0.23782,0.00659,-0.97449,-0.10984,0.05142,-1.42333,-0.20069,-0.03635,-1.69589,-0.25925,-0.12282,-1.91277,-0.28970,0.07760,-0.88042,-0.19478,0.20561,-1.21314,-0.26440,0.24071,-1.47385,-0.29584,0.25688,-1.71423,-0.31292
ok,0.00000,0.00000,0.00000,-0.21566,-0.19290,-0.01766,-0.36520,-0.45983,-0.05817,-0.51309,-0.64223,-0.12003,-0.64686,-0.81535,-0.18312,-0.14904,-0.92637,0.03822,-0.31712,-1.11561,-0.08378,-0.47079,-1.03850,-0.19835,-0.55019,-0.90730,-0.25922,-0.07112,-0.99747,-0.02405,-0.11367,-1.39452,-0.11454,-0.26127,-1.58968,-0.18567,-0.40159,-1.72324,-0.22469,0.01805,-0.97719,-0.10781,0.06471,-1.41338,-0.19207,-0.01297,-1.68701,-0.24796,-0.09234,-1.90837,-0.27911,0.08548,-0.88549,-0.19638,0.21396,-1.21011,-0.26271,0.25104,-1.46647,-0.29175,0.26812,-1.70304,-0.30788
ok,0.00000,0.00000,0.00000,-0.21162,-0.19672,-0.01927,-0.35891,-0.46214,-0.06050,-0.50416,-0.64502,-0.12268,-0.63018,-0.82164,-0.18579,-0.12722,-0.93050,0.03460,-0.29771,-1.12386,-0.09301,-0.46150,-1.04994,-0.21316,-0.54777,-0.92075,-0.27694,-0.04968,-0.99876,-0.02666,-0.08624,-1.40696,-0.12231,-0.23270,-1.60505,-0.19632,-0.37030,-1.74072,-0.23577,0.03798,-0.97930,-0.10952,0.09105,-1.41889,-0.19672,0.01458,-1.69379,-0.25273,-0.06067,-1.91445,-0.28180,0.10241,-0.89100,-0.19746,0.23262,-1.21944,-0.26397,0.27113,-1.47697,-0.29141,0.29148,-1.71362,-0.30506
ok,0.00000,0.00000,0.00000,-0.21039,-0.20108,-0.01153,-0.35412,-0.46891,-0.05227,-0.50284,-0.65458,-0.11673,-0.62916,-0.83359,-0.18266,-0.11360,-0.93173,0.03660,-0.29214,-1.12942,-0.09100,-0.45820,-1.05421,-0.21091,-0.54132,-0.92010,-0.27569,-0.03343,-0.99944,-0.03122,-0.06904,-1.42121,-0.12763,-0.21243,-1.63097,-0.20354,-0.34731,-1.77296,-0.24731,0.05379,-0.97959,-0.12023,0.11415,-1.43289,-0.20821,0.04051,-1.71456,-0.26814,-0.03323,-1.93675,-0.30270,0.11526,-0.89107,-0.21328,0.25661,-1.22671,-0.28016,0.30195,-1.49053,-0.31054,0.32622,-1.72916,-0.32883
ok,0.00000,0.00000,0.00000,-0.20337,-0.19515,-0.01309,-0.34215,-0.47550,-0.05008,-0.48333,-0.67745,-0.11127,-0.60030,-0.87101,-0.17341,-0.08165,-0.92303,0.04511,-0.24836,-1.14169,-0.07478,-0.41538,-1.08252,-0.18859,-0.50525,-0.95732,-0.24931,0.00221,-1.00000,-0.02088,-0.02696,-1.42647,-0.10852,-0.16463,-1.64784,-0.18072,-0.29617,-1.79754,-0.22337,0.09199,-0.98830,-0.10841,0.15717,-1.44019,-0.19178,0.08441,-1.72460,-0.24988,0.00811,-1.94596,-0.28347,0.15659,-0.90931,-0.20046,0.30273,-1.25081,-0.26153,0.35502,-1.51537,-0.28786,0.38371,-1.75043,-0.30370
ok,0.00000,0.00000,0.00000,-0.20118,-0.21014,-0.02236,-0.34073,-0.49117,-0.06927,-0.48199,-0.70985,-0.14052,-0.59032,-0.92008,-0.21037,-0.06841,-0.92110,0.03323,-0.23043,-1.15013,-0.09969,-0.39900,-1.10730,-0.21804,-0.49142,-0.98620,-0.27746,0.01659,-0.99986,-0.02846,0.00474,-1.42697,-0.11989,-0.12497,-1.65494,-0.18392,-0.24965,-1.80944,-0.21771,0.11066,-0.99087,-0.11366,0.18522,-1.43628,-0.19569,0.11249,-1.72276,-0.23866,0.03457,-1.94225,-0.25912,0.18057,-0.91520,-0.20575,0.34107,-1.24889,-0.26276,0.39466,-1.51376,-0.28076,0.42103,-1.74597,-0.28762
ok,0.00000,0.00000,0.00000,-0.17770,-0.25627,-0.01176,-0.28216,-0.57887,-0.03235,-0.39111,-0.83290,-0.07892,-0.47561,-1.06324,-0.12495,0.03658,-0.91638,0.07857,-0.09729,-1.17163,-0.04235,-0.25729,-1.16231,-0.15289,-0.35467,-1.07045,-0.20538,0.13301,-0.99112,0.02017,0.13583,-1.41334,-0.05226,0.03542,-1.65318,-0.11125,-0.06223,-1.82766,-0.14226,0.23793,-0.98583,-0.06373,0.33658,-1.41298,-0.14111,0.29365,-1.70733,-0.18884,0.24330,-1.93717,-0.20972,0.32006,-0.91813,-0.15361,0.51494,-1.23004,-0.21219,0.59782,-1.48950,-0.23408,0.65333,-1.71592,-0.24112
ok,0.00000,0.00000,0.00000,-0.16441,-0.26767,-0.01857,-0.24760,-0.61639,-0.04500,-0.33232,-0.89367,-0.09668,-0.38391,-1.14211,-0.14656,0.09907,-0.91690,0.06128,-0.02167,-1.19738,-0.07480,-0.19063,-1.24440,-0.19439,-0.30329,-1.19254,-0.25089,0.20700,-0.97834,0.00419,0.25761,-1.39442,-0.07868,0.17641,-1.65856,-0.13539,0.08958,-1.86272,-0.16206,0.31334,-0.95613,-0.07937,0.45064,-1.37067,-0.16265,0.43226,-1.66498,-0.20001,0.40317,-1.89751,-0.21044,0.38903,-0.87296,-0.17048,0.60828,-1.17324,-0.23306,0.70999,-1.42259,-0.24983,0.78485,-1.64117,-0.24978
ok,0.00000,0.00000,0.00000,-0.16178,-0.27049,-0.01984,-0.22268,-0.63100,-0.04689,-0.29331,-0.91937,-0.09723,-0.34835,-1.16642,-0.14447,0.12437,-0.92487,0.05185,0.03007,-1.21597,-0.08260,-0.13472,-1.27762,-0.19862,-0.25299,-1.23182,-0.25207,0.22950,-0.97331,-0.00386,0.31336,-1.38357,-0.08724,0.24691,-1.64940,-0.14100,0.17406,-1.85198,-0.16339,0.32922,-0.93514,-0.08487,0.49503,-1.34035,-0.16760,0.49717,-1.63455,-0.20538,0.48627,-1.86257,-0.21459,0.39278,-0.84042,-0.17313,0.62921,-1.12834,-0.23446,0.74619,-1.36753,-0.25142,0.83587,-1.57028,-0.25069
ok,0.00000,0.00000,0.00000,-0.16768,-0.28553,-0.01411,-0.22727,-0.64597,-0.03682,-0.28891,-0.93461,-0.08427,-0.32973,-1.18479,-0.12906,0.13069,-0.92367,0.06200,0.03249,-1.22108,-0.05418,-0.13759,-1.26943,-0.15459,-0.24472,-1.20708,-0.20118,0.23904,-0.97101,0.00378,0.33078,-1.38735,-0.07102,0.26918,-1.65668,-0.11914,0.20849,-1.85883,-0.14059,0.33777,-0.92956,-0.07922,0.51522,-1.32994,-0.15820,0.52105,-1.63218,-0.19827,0.51678,-1.86609,-0.21198,0.40128,-0.83323,-0.16854,0.64517,-1.11776,-0.23029,0.76881,-1.36218,-0.25168,0.86461,-1.56789,-0.25670
ok,0.00000,0.00000,0.00000,-0.15779,-0.28813,-0.01250,-0.20583,-0.66369,-0.02899,-0.25726,-0.95833,-0.07097,-0.29337,-1.21190,-0.11142,0.15570,-0.92139,0.07370,0.06235,-1.22192,-0.03636,-0.10459,-1.28219,-0.13531,-0.21790,-1.23760,-0.18205,0.26584,-0.96402,0.01359,0.36699,-1.37601,-0.05275,0.31528,-1.64460,-0.10178,0.25780,-1.84285,-0.12423,0.36179,-0.91442,-0.07133,0.53950,-1.31032,-0.14616,0.55060,-1.61387,-0.18734,0.54777,-1.84538,-0.20202,0.41913,-0.81204,-0.16275,0.66151,-1.08786,-0.22588,0.79030,-1.32365,-0.24820,0.88968,-1.52101,-0.25317
ok,0.00000,0.00000,0.00000,-0.15093,-0.28375,-0.01212,-0.18634,-0.66060,-0.02625,-0.23384,-0.95353,-0.06537,-0.27509,-1.20525,-0.10176,0.17727,-0.91622,0.07818,0.08797,-1.21560,-0.03389,-0.07381,-1.28642,-0.13580,-0.18475,-1.24749,-0.18264,0.28748,-0.95779,0.02085,0.39980,-1.36790,-0.04546,0.35347,-1.63358,-0.09316,0.30022,-1.82744,-0.11211,0.38582,-0.90760,-0.06164,0.57707,-1.30224,-0.13601,0.58995,-1.60050,-0.17339,0.58965,-1.82765,-0.18214,0.44575,-0.80616,-0.15067,0.69719,-1.08464,-0.20942,0.82642,-1.31579,-0.22564,0.92596,-1.50631,-0.22387
ok,0.00000,0.00000,0.00000,-0.14490,-0.29220,-0.01454,-0.17189,-0.65643,-0.03528,-0.21760,-0.94057,-0.08069,-0.26542,-1.18667,-0.12400,0.18494,-0.91746,0.06619,0.10063,-1.22078,-0.04599,-0.05400,-1.27606,-0.14385,-0.15729,-1.21849,-0.18807,0.29571,-0.95528,0.00950,0.41115,-1.35563,-0.05855,0.36935,-1.61400,-0.10412,0.32162,-1.80627,-0.12265,0.39095,-0.90225,-0.07173,0.58005,-1.28308,-0.14519,0.60026,-1.56975,-0.18262,0.60868,-1.79309,-0.19364,0.44587,-0.79964,-0.15953,0.69060,-1.06725,-0.21634,0.82031,-1.29213,-0.23385,0.92149,-1.47954,-0.23496
ok,0.00000,0.00000,0.00000,-0.12575,-0.29591,-0.00119,-0.14072,-0.65004,-0.01437,-0.19456,-0.92076,-0.05374,-0.25864,-1.13941,-0.09031,0.21092,-0.92392,0.08348,0.13596,-1.22247,-0.03031,-0.01944,-1.25989,-0.13350,-0.12232,-1.18754,-0.18305,0.30918,-0.95100,0.02159,0.44067,-1.34739,-0.05359,0.39861,-1.60950,-0.10585,0.34848,-1.80523,-0.13063,0.39409,-0.89685,-0.06463,0.60462,-1.26511,-0.13653,0.63805,-1.54489,-0.18131,0.66201,-1.76541,-0.20094,0.44031,-0.79579,-0.15646,0.68485,-1.05065,-0.20660,0.80879,-1.27664,-0.22696,0.90832,-1.46920,-0.23468
ok,0.00000,0.00000,0.00000,-0.11125,-0.28068,-0.00504,-0.11943,-0.63275,-0.01851,-0.16415,-0.88813,-0.05832,-0.23015,-1.09114,-0.09666,0.21603,-0.91689,0.07309,0.12548,-1.21263,-0.03880,-0.02651,-1.22814,-0.13732,-0.12279,-1.13010,-0.18226,0.31960,-0.94755,0.01492,0.42312,-1.32594,-0.05322,0.38210,-1.58666,-0.10067,0.33117,-1.77964,-0.12369,0.40662,-0.89175,-0.06677,0.58148,-1.25654,-0.13754,0.59701,-1.52873,-0.17837,0.60007,-1.74293,-0.19471,0.45323,-0.79174,-0.15414,0.67843,-1.04904,-0.20274,0.79275,-1.26352,-0.21951,0.87873,-1.44796,-0.22388
ok,0.00000,0.00000,0.00000,-0.13209,-0.25505,-0.01993,-0.14287,-0.60322,-0.03482,-0.17033,-0.85623,-0.07168,-0.20840,-1.04461,-0.10487,0.21235,-0.91931,0.05391,0.13226,-1.22080,-0.06201,-0.03318,-1.22459,-0.16550,-0.14631,-1.12174,-0.21242,0.31164,-0.95020,0.00805,0.41436,-1.32223,-0.05693,0.37509,-1.57882,-0.10382,0.32290,-1.77027,-0.12640,0.39288,-0.89840,-0.06156,0.55288,-1.27486,-0.12836,0.56092,-1.53463,-0.16658,0.55472,-1.73847,-0.18078,0.43590,-0.80092,-0.13808,0.64512,-1.06345,-0.18659,0.75594,-1.26169,-0.20257,0.84313,-1.43777,-0.20471
ok,0.00000,0.00000,0.00000,-0.16801,-0.27138,-0.01835,-0.20943,-0.63507,-0.03905,-0.25033,-0.90673,-0.08340,-0.27850,-1.11045,-0.12358,0.15232,-0.92657,0.04341,0.06507,-1.23711,-0.08845,-0.10426,-1.22417,-0.19900,-0.22615,-1.10317,-0.24614,0.26284,-0.96484,-0.00553,0.37168,-1.34737,-0.08477,0.33083,-1.60184,-0.12837,0.26466,-1.78282,-0.14051,0.34942,-0.92080,-0.07907,0.51082,-1.30285,-0.15631,0.51380,-1.57337,-0.18558,0.49414,-1.77413,-0.18540,0.39257,-0.82822,-0.15969,0.59499,-1.09538,-0.21598,0.69785,-1.30418,-0.22862,0.77735,-1.48349,-0.22224
ok,0.00000,0.00000,0.00000,-0.20890,-0.25955,0.02244,-0.30329,-0.52219,-0.01058,-0.40553,-0.72791,-0.08149,-0.47255,-0.90492,-0.15443,-0.02409,-0.92890,0.09264,-0.19682,-1.16170,-0.03336,-0.36233,-1.10677,-0.16052,-0.46258,-0.93109,-0.22123,0.07876,-0.99689,0.01553,0.06848,-1.39980,-0.04537,-0.00374,-1.62763,-0.08831,-0.09602,-1.70791,-0.10314,0.16569,-0.98667,-0.08405,0.21441,-1.40613,-0.12221,0.17972,-1.65153,-0.11649,0.12620,-1.77076,-0.10128,0.21359,-0.93037,-0.19234,0.32130,-1.20597,-0.20730,0.36305,-1.40900,-0.18231,0.38228,-1.56313,-0.15382
ok,0.00000,0.00000,0.00000,-0.23631,-0.26081,0.05101,-0.36595,-0.51713,0.03137,-0.50193,-0.69994,-0.02804,-0.60833,-0.85554,-0.09199,-0.14553,-0.93575,0.08979,-0.34110,-1.14713,-0.03579,-0.51170,-1.06647,-0.15261,-0.61265,-0.90555,-0.20784,-0.05850,-0.99829,-0.00212,-0.05977,-1.42124,-0.08072,-0.15102,-1.64667,-0.12848,-0.25523,-1.76258,-0.14678,0.01802,-0.97304,-0.11277,0.08948,-1.40598,-0.17515,0.05067,-1.67168,-0.19810,-0.00359,-1.84118,-0.20265,0.05333,-0.88570,-0.22534,0.16890,-1.18252,-0.26971,0.20480,-1.41904,-0.27354,0.22325,-1.61669,-0.26653
ok,0.00000,0.00000,0.00000,-0.24971,-0.20671,0.00671,-0.41695,-0.43561,-0.02837,-0.58006,-0.57998,-0.09114,-0.72245,-0.70601,-0.15827,-0.23818,-0.91893,0.05713,-0.44674,-1.05299,-0.05858,-0.60062,-0.95074,-0.17291,-0.68029,-0.80543,-0.23565,-0.16514,-0.98627,-0.01756,-0.19474,-1.39275,-0.11049,-0.31850,-1.59964,-0.18453,-0.43988,-1.73761,-0.22554,-0.08618,-0.96294,-0.11131,-0.03632,-1.37895,-0.19241,-0.08358,-1.64544,-0.25363,-0.13981,-1.85094,-0.28867,-0.03520,-0.85796,-0.20756,0.06718,-1.14860,-0.25866,0.09862,-1.37182,-0.27818,0.11057,-1.57053,-0.29045
ok,0.00000,0.00000,0.00000,-0.27630,-0.19172,0.02061,-0.46165,-0.38978,-0.01541,-0.64462,-0.50351,-0.08418,-0.79971,-0.61342,-0.15659,-0.31820,-0.89381,0.06088,-0.54114,-1.01700,-0.05847,-0.69173,-0.86605,-0.17172,-0.75482,-0.68135,-0.23220,-0.24511,-0.96949,-0.02108,-0.31336,-1.37016,-0.10706,-0.44583,-1.57692,-0.17561,-0.56484,-1.72029,-0.21765,-0.16645,-0.95506,-0.12117,-0.14564,-1.38588,-0.19443,-0.21257,-1.64679,-0.24160,-0.28209,-1.84646,-0.27036,-0.10954,-0.85675,-0.22340,-0.02392,-1.17597,-0.27385,-0.00951,-1.41893,-0.28759,-0.01106,-1.63240,-0.29494
ok,0.00000,0.00000,0.00000,-0.28155,-0.17033,0.02017,-0.48174,-0.35184,-0.01766,-0.67354,-0.43436,-0.08541,-0.84056,-0.51959,-0.15855,-0.37665,-0.87983,0.04480,-0.60550,-0.97092,-0.08171,-0.75358,-0.81662,-0.20601,-0.81722,-0.63620,-0.27500,-0.32225,-0.94665,-0.03812,-0.40729,-1.35799,-0.13553,-0.55098,-1.55918,-0.21769,-0.68266,-1.70453,-0.26828,-0.24872,-0.92312,-0.13701,-0.23062,-1.37157,-0.22148,-0.30207,-1.66122,-0.28516,-0.38017,-1.89290,-0.32416,-0.19033,-0.80792,-0.23613,-0.10586,-1.14283,-0.28890,-0.10516,-1.39350,-0.30372,-0.12090,-1.62125,-0.31301
ok,0.00000,0.00000,0.00000,-0.29476,-0.15004,0.01929,-0.50279,-0.33172,-0.02134,-0.69803,-0.40928,-0.09150,-0.87616,-0.47915,-0.16807,-0.39395,-0.87014,0.02630,-0.62752,-0.94383,-0.10016,-0.77749,-0.76608,-0.22196,-0.84547,-0.58102,-0.29193,-0.34258,-0.93949,-0.06017,-0.44868,-1.35491,-0.15574,-0.60710,-1.56241,-0.23955,-0.74742,-1.72259,-0.29666,-0.26724,-0.91331,-0.16086,-0.26482,-1.36354,-0.25368,-0.35192,-1.66474,-0.32444,-0.43608,-1.91461,-0.37100,-0.20294,-0.79857,-0.26039,-0.12224,-1.15488,-0.32956,-0.12596,-1.41801,-0.35240,-0.14169,-1.65964,-0.36807
ok,0.00000,0.00000,0.00000,-0.29474,-0.13733,0.01219,-0.49639,-0.32346,-0.02538,-0.68081,-0.41377,-0.09114,-0.86266,-0.47379,-0.16449,-0.39658,-0.86077,0.04001,-0.62082,-0.92939,-0.07455,-0.76283,-0.75900,-0.19145,-0.82878,-0.58818,-0.26144,-0.34600,-0.93823,-0.04325,-0.45991,-1.33769,-0.12761,-0.62386,-1.53085,-0.21030,-0.76941,-1.68406,-0.27026,-0.27276,-0.91503,-0.14260,-0.28311,-1.36955,-0.23429,-0.37624,-1.65211,-0.31250,-0.46894,-1.88328,-0.36717,-0.21051,-0.79667,-0.24123,-0.13165,-1.14175,-0.31610,-0.13041,-1.39834,-0.34914,-0.14614,-1.63219,-0.37471
ok,0.00000,0.00000,0.00000,-0.29435,-0.12651,0.00959,-0.49924,-0.31652,-0.02618,-0.68473,-0.41791,-0.08969,-0.86268,-0.48681,-0.15958,-0.39393,-0.85160,0.04102,-0.62024,-0.94062,-0.07785,-0.77583,-0.77709,-0.19707,-0.84844,-0.60592,-0.26686,-0.33822,-0.94107,-0.03973,-0.44190,-1.35548,-0.12908,-0.60608,-1.56233,-0.21147,-0.75179,-1.71877,-0.26924,-0.26520,-0.93067,-0.13743,-0.26459,-1.39887,-0.23199,-0.35282,-1.68307,-0.30400,-0.44181,-1.91590,-0.35155,-0.20095,-0.82696,-0.23505,-0.11804,-1.18949,-0.30838,-0.11400,-1.45454,-0.33472,-0.12810,-1.69533,-0.35365
ok,0.00000,0.00000,0.00000,-0.28053,-0.12779,0.00979,-0.47799,-0.31721,-0.02633,-0.65733,-0.42460,-0.08952,-0.83261,-0.49809,-0.15885,-0.36677,-0.85859,0.03579,-0.59319,-0.93324,-0.08195,-0.75493,-0.77558,-0.19818,-0.82861,-0.60849,-0.26554,-0.31274,-0.94984,-0.04518,-0.41732,-1.36150,-0.13721,-0.58451,-1.56440,-0.21691,-0.72878,-1.71184,-0.27118,-0.24130,-0.94354,-0.14256,-0.23535,-1.40341,-0.23881,-0.31954,-1.69466,-0.30884,-0.39881,-1.93154,-0.35345,-0.17841,-0.84668,-0.23986,-0.09614,-1.21753,-0.31401,-0.09047,-1.48939,-0.34009,-0.09937,-1.73610,-0.35789
ok,0.00000,0.00000,0.00000,-0.27313,-0.13090,-0.00007,-0.46661,-0.32867,-0.03963,-0.64530,-0.44387,-0.10200,-0.81791,-0.53257,-0.16886,-0.32663,-0.88181,0.02008,-0.55473,-0.98876,-0.09786,-0.71421,-0.82706,-0.21521,-0.78524,-0.65532,-0.28416,-0.27087,-0.96262,-0.05295,-0.37061,-1.39206,-0.14866,-0.53790,-1.58649,-0.23264,-0.68535,-1.73112,-0.28975,-0.20174,-0.94869,-0.14135,-0.19480,-1.41577,-0.23846,-0.27656,-1.70762,-0.31114,-0.35565,-1.95279,-0.35819,-0.14363,-0.85179,-0.22963,-0.05879,-1.21812,-0.30168,-0.04839,-1.47906,-0.32655,-0.05596,-1.72262,-0.34444
ok,0.00000,0.00000,0.00000,-0.25432,-0.15991,-0.00111,-0.43534,-0.37556,-0.03122,-0.60704,-0.50470,-0.08521,-0.76285,-0.62001,-0.14162,-0.26193,-0.89340,0.04464,-0.47466,-1.03302,-0.07265,-0.64627,-0.90246,-0.18563,-0.72838,-0.74450,-0.24718,-0.20653,-0.97844,-0.02291,-0.28434,-1.40422,-0.10523,-0.43697,-1.60816,-0.17047,-0.57144,-1.75401,-0.21114,-0.14383,-0.97592,-0.11020,-0.13106,-1.44166,-0.19871,-0.20210,-1.71971,-0.25338,-0.26824,-1.94246,-0.28366,-0.09723,-0.89223,-0.19973,0.00080,-1.25435,-0.27374,0.03019,-1.51688,-0.29638,0.04189,-1.75082,-0.30675
ok,0.00000,0.00000,0.00000,-0.24724,-0.16590,-0.00265,-0.41109,-0.41078,-0.02668,-0.56626,-0.56855,-0.07191,-0.70400,-0.70734,-0.11705,-0.20678,-0.90915,0.05125,-0.40992,-1.06837,-0.06106,-0.58022,-0.95814,-0.16936,-0.65909,-0.80743,-0.22630,-0.14679,-0.98917,-0.00934,-0.20675,-1.40764,-0.08619,-0.35432,-1.61107,-0.14662,-0.48442,-1.75196,-0.18175,-0.07992,-0.98775,-0.08978,-0.04669,-1.43341,-0.17308,-0.11529,-1.71120,-0.22580,-0.17738,-1.93281,-0.25348,-0.03422,-0.91007,-0.17270,0.08024,-1.25092,-0.24053,0.12048,-1.49694,-0.26246,0.14372,-1.71999,-0.27150
ok,0.00000,0.00000,0.00000,-0.23477,-0.18771,-0.00324,-0.37221,-0.46682,-0.02109,-0.50878,-0.65245,-0.05968,-0.62939,-0.80904,-0.09910,-0.13005,-0.92445,0.05263,-0.31393,-1.11056,-0.05945,-0.48714,-1.02942,-0.16671,-0.57938,-0.89354,-0.22219,-0.06051,-0.99817,-0.00620,-0.10058,-1.41545,-0.07586,-0.22977,-1.62815,-0.13014,-0.34878,-1.77289,-0.16077,0.01479,-0.98512,-0.08570,0.06082,-1.43263,-0.16748,0.00532,-1.71338,-0.21853,-0.04899,-1.93542,-0.24408,0.06466,-0.89872,-0.16787,0.19630,-1.23400,-0.24271,0.24803,-1.48375,-0.27076,0.28125,-1.70930,-0.28244
ok,0.00000,0.00000,0.00000,-0.22449,-0.21107,0.00341,-0.34060,-0.48692,-0.01940,-0.46645,-0.68671,-0.06619,-0.58435,-0.85422,-0.11513,-0.07641,-0.93684,0.06178,-0.25058,-1.13155,-0.05184,-0.43125,-1.07562,-0.16278,-0.53220,-0.95162,-0.22141,0.00096,-1.00000,-0.00533,-0.01644,-1.41791,-0.07608,-0.13044,-1.63913,-0.13530,-0.23729,-1.79748,-0.17085,0.07861,-0.97666,-0.09323,0.14883,-1.41328,-0.17317,0.11210,-1.69868,-0.22842,0.07281,-1.92929,-0.25970,0.12440,-0.88342,-0.18376,0.27071,-1.20758,-0.25459,0.33816,-1.45429,-0.28353,0.38507,-1.68161,-0.29879
ok,0.00000,0.00000,0.00000,-0.22290,-0.23193,0.00515,-0.33359,-0.51454,-0.01949,-0.46105,-0.72952,-0.06949,-0.57375,-0.91657,-0.12046,-0.06679,-0.93932,0.07043,-0.23336,-1.15312,-0.04756,-0.41412,-1.11576,-0.16522,-0.51496,-1.00395,-0.22826,0.01636,-0.99987,0.00182,0.02625,-1.41446,-0.06910,-0.07338,-1.64307,-0.12747,-0.17132,-1.80704,-0.16189,0.09593,-0.97435,-0.08872,0.19155,-1.40206,-0.16153,0.16520,-1.69125,-0.20842,0.13244,-1.92844,-0.23562,0.13953,-0.87927,-0.18305,0.30641,-1.17830,-0.23946,0.38519,-1.41248,-0.25639,0.44134,-1.63514,-0.26502
ok,0.00000,0.00000,0.00000,-0.22755,-0.24562,0.00960,-0.33599,-0.55216,-0.00395,-0.45387,-0.78433,-0.04269,-0.55800,-0.98513,-0.08100,-0.04084,-0.94479,0.08124,-0.20244,-1.17712,-0.02528,-0.37925,-1.14724,-0.12820,-0.48116,-1.04102,-0.17823,0.04564,-0.99896,0.01746,0.05981,-1.41953,-0.04093,-0.03220,-1.65349,-0.08546,-0.12040,-1.82092,-0.10729,0.12578,-0.97617,-0.06807,0.21565,-1.41414,-0.13521,0.18169,-1.69815,-0.17214,0.14532,-1.92253,-0.18826,0.17441,-0.89670,-0.15721,0.34677,-1.19524,-0.21511,0.43036,-1.43222,-0.23295,0.49272,-1.65165,-0.23771
ok,0.00000,0.00000,0.00000,-0.21008,-0.28789,0.03140,-0.29912,-0.60059,0.02177,-0.41355,-0.82593,-0.01922,-0.51056,-1.02929,-0.06179,0.02159,-0.95320,0.09522,-0.14226,-1.19604,-0.01441,-0.32664,-1.18556,-0.12050,-0.43652,-1.09231,-0.17246,0.10588,-0.99438,0.01741,0.12551,-1.42238,-0.04464,0.03376,-1.66237,-0.09163,-0.05674,-1.83769,-0.11427,0.18216,-0.96187,-0.08021,0.27305,-1.40612,-0.14921,0.23585,-1.69560,-0.18337,0.19771,-1.92240,-0.19704,0.21942,-0.87874,-0.17998,0.39808,-1.16984,-0.24133,0.48656,-1.40446,-0.25794,0.55685,-1.61814,-0.26010
ok,0.00000,0.00000,0.00000,-0.20511,-0.28076,0.01411,-0.29112,-0.59588,-0.00078,-0.40141,-0.83098,-0.04389,-0.49928,-1.03238,-0.08629,0.01937,-0.94892,0.08874,-0.13230,-1.20085,-0.02390,-0.31477,-1.19920,-0.12899,-0.42301,-1.10817,-0.17682,0.10640,-0.99432,0.02232,0.13260,-1.41578,-0.04032,0.04967,-1.66054,-0.08123,-0.03070,-1.83815,-0.09508,0.18838,-0.96265,-0.06618,0.28075,-1.40234,-0.13064,0.25228,-1.68808,-0.15321,0.21988,-1.90644,-0.15472,0.23286,-0.88004,-0.15942,0.40269,-1.17764,-0.21037,0.49109,-1.41385,-0.21668,0.56065,-1.62281,-0.20916
ok,0.00000,0.00000,0.00000,-0.20613,-0.28976,0.00922,-0.29356,-0.61004,-0.01005,-0.40238,-0.84695,-0.05639,-0.49932,-1.05009,-0.10296,0.01940,-0.95286,0.07809,-0.12887,-1.20924,-0.03684,-0.31273,-1.20694,-0.14341,-0.42437,-1.11634,-0.19268,0.10703,-0.99426,0.01248,0.14696,-1.41059,-0.05352,0.06381,-1.65997,-0.09686,-0.01720,-1.84154,-0.11340,0.18545,-0.95607,-0.07512,0.29094,-1.38340,-0.14252,0.26803,-1.67308,-0.16844,0.24130,-1.89488,-0.17320,0.22513,-0.86656,-0.16750,0.40398,-1.15618,-0.22133,0.49484,-1.39219,-0.22971,0.56749,-1.60263,-0.22447
ok,0.00000,0.00000,0.00000,-0.20453,-0.29067,0.00497,-0.29168,-0.60988,-0.01480,-0.39835,-0.85133,-0.05972,-0.49297,-1.05842,-0.10419,0.02813,-0.95325,0.07120,-0.11845,-1.20879,-0.04197,-0.30093,-1.21569,-0.14712,-0.41423,-1.13292,-0.19643,0.11619,-0.99323,0.00862,0.16417,-1.40243,-0.06083,0.08127,-1.65339,-0.10598,-0.00110,-1.84076,-0.12357,0.19222,-0.95568,-0.07572,0.30835,-1.36984,-0.14677,0.29094,-1.66789,-0.17851,0.27008,-1.90203,-0.18742,0.22960,-0.86577,-0.16459,0.41699,-1.14125,-0.22160,0.50780,-1.37411,-0.23494,0.57996,-1.58311,-0.23384
ok,0.00000,0.00000,0.00000,-0.19654,-0.29477,0.00387,-0.28372,-0.61179,-0.01716,-0.38908,-0.84784,-0.06248,-0.47570,-1.06026,-0.10727,0.04816,-0.95802,0.05978,-0.09770,-1.20820,-0.05254,-0.28326,-1.21216,-0.15427,-0.39805,-1.12749,-0.20308,0.13883,-0.99032,-0.00692,0.19888,-1.39024,-0.08086,0.11698,-1.64995,-0.12774,0.03573,-1.84394,-0.14862,0.20994,-0.94538,-0.09515,0.34909,-1.33753,-0.17546,0.33471,-1.64179,-0.21492,0.31769,-1.88189,-0.22945,0.24077,-0.84924,-0.18698,0.44117,-1.11925,-0.25582,0.53358,-1.35786,-0.27775,0.60565,-1.57087,-0.28287
ok,0.00000,0.00000,0.00000,-0.19255,-0.29214,-0.00218,-0.28207,-0.61068,-0.02616,-0.38789,-0.85526,-0.07342,-0.46806,-1.07645,-0.11870,0.06267,-0.95449,0.05701,-0.08128,-1.21091,-0.05549,-0.27310,-1.21323,-0.15656,-0.38893,-1.12100,-0.20589,0.15443,-0.98800,-0.00663,0.21835,-1.38452,-0.08037,0.13954,-1.64738,-0.12532,0.06328,-1.85031,-0.14601,0.22207,-0.94394,-0.09278,0.36920,-1.32695,-0.17363,0.36590,-1.63313,-0.21091,0.35845,-1.88350,-0.22519,0.24764,-0.84842,-0.18300,0.45465,-1.10177,-0.25565,0.55272,-1.33318,-0.27896,0.62880,-1.54613,-0.28532
ok,0.00000,0.00000,0.00000,-0.19299,-0.25673,-0.02133,-0.29631,-0.56638,-0.05152,-0.40297,-0.80714,-0.10033,-0.46760,-1.03875,-0.14557,0.04488,-0.95306,0.03436,-0.09540,-1.20417,-0.08098,-0.28737,-1.21366,-0.18473,-0.40930,-1.12862,-0.23559,0.13954,-0.99022,-0.01879,0.20983,-1.37251,-0.09094,0.13913,-1.63582,-0.13392,0.06600,-1.84315,-0.15394,0.20926,-0.94510,-0.09565,0.34933,-1.31686,-0.17853,0.34953,-1.62065,-0.21833,0.34136,-1.86735,-0.23342,0.23995,-0.84305,-0.17782,0.44644,-1.09242,-0.25435,0.54613,-1.32274,-0.28028,0.61858,-1.53112,-0.28727
ok,0.00000,0.00000,0.00000,-0.19340,-0.27172,-0.00939,-0.29420,-0.57155,-0.04060,-0.41016,-0.79910,-0.09252,-0.46840,-1.02485,-0.14053,0.04747,-0.95700,0.03286,-0.09243,-1.21301,-0.09668,-0.28104,-1.21355,-0.21361,-0.40367,-1.12356,-0.27223,0.13459,-0.99090,-0.02782,0.21435,-1.38317,-0.11602,0.14547,-1.64375,-0.16962,0.06704,-1.84661,-0.19512,0.20009,-0.94236,-0.11075,0.36502,-1.31039,-0.19887,0.37800,-1.60788,-0.23815,0.37863,-1.85555,-0.25207,0.22319,-0.83497,-0.19804,0.44004,-1.08142,-0.26761,0.53695,-1.30874,-0.28370,0.60912,-1.51520,-0.28424
ok,0.00000,0.00000,0.00000,-0.20001,-0.25691,-0.01152,-0.30795,-0.54840,-0.04727,-0.42509,-0.77267,-0.10455,-0.47300,-1.00559,-0.15793,0.03488,-0.95916,0.03165,-0.10956,-1.20965,-0.10222,-0.29916,-1.20592,-0.22135,-0.41906,-1.10744,-0.27867,0.11779,-0.99304,-0.02896,0.18356,-1.39864,-0.10983,0.11245,-1.65635,-0.15871,0.03627,-1.85464,-0.18122,0.18372,-0.95472,-0.11332,0.31976,-1.35369,-0.19290,0.31921,-1.65289,-0.22901,0.31141,-1.89626,-0.24250,0.21119,-0.86388,-0.20335,0.40712,-1.14129,-0.27173,0.50255,-1.37762,-0.29090,0.57717,-1.59226,-0.29342
ok,0.00000,0.00000,0.00000,-0.21024,-0.25403,-0.01306,-0.32726,-0.52340,-0.05314,-0.45787,-0.73324,-0.11580,-0.51739,-0.96201,-0.17454,-0.00813,-0.96312,0.03418,-0.16892,-1.19786,-0.10424,-0.36251,-1.17503,-0.22920,-0.47774,-1.06470,-0.29018,0.06895,-0.99762,-0.02639,0.11827,-1.40644,-0.10830,0.04057,-1.66318,-0.16146,-0.03702,-1.86175,-0.18799,0.13297,-0.96183,-0.11130,0.25086,-1.37709,-0.19108,0.23627,-1.67235,-0.22906,0.21769,-1.91166,-0.24421,0.15788,-0.87675,-0.20200,0.33503,-1.17038,-0.27023,0.42240,-1.40828,-0.28932,0.49374,-1.62672,-0.29179
ok,0.00000,0.00000,0.00000,-0.22024,-0.22857,-0.00760,-0.33979,-0.48277,-0.05014,-0.47878,-0.67863,-0.11474,-0.56835,-0.88201,-0.17668,-0.05769,-0.95047,0.02747,-0.24214,-1.17885,-0.10324,-0.42665,-1.11830,-0.22697,-0.52474,-0.98357,-0.29145,0.02555,-0.99967,-0.03641,0.04090,-1.40503,-0.11200,-0.04989,-1.66314,-0.17057,-0.14203,-1.85850,-0.20868,0.09535,-0.97306,-0.12211,0.19235,-1.39682,-0.19284,0.16072,-1.68902,-0.23580,0.11763,-1.92306,-0.26319,0.12333,-0.88921,-0.21261,0.27348,-1.18656,-0.27126,0.33946,-1.42585,-0.28968,0.37998,-1.64835,-0.29872
ok,0.00000,0.00000,0.00000,-0.22766,-0.19074,-0.03044,-0.37398,-0.41420,-0.08408,-0.52659,-0.57713,-0.15569,-0.63380,-0.75194,-0.22348,-0.12368,-0.94590,0.00383,-0.32417,-1.12337,-0.13302,-0.50108,-1.03389,-0.25441,-0.59947,-0.88527,-0.31255,-0.06448,-0.99792,-0.04499,-0.10177,-1.40642,-0.12049,-0.21512,-1.63834,-0.16538,-0.32489,-1.81686,-0.18807,0.00303,-0.97238,-0.11697,0.02343,-1.41042,-0.18448,-0.03336,-1.67980,-0.21253,-0.09677,-1.89124,-0.22330,0.03735,-0.88649,-0.19692,0.11656,-1.21820,-0.24388,0.14226,-1.45319,-0.25006,0.14906,-1.66109,-0.24602
ok,0.00000,0.00000,0.00000,-0.23636,-0.17113,-0.04219,-0.40045,-0.37417,-0.10177,-0.58068,-0.51820,-0.17886,-0.70589,-0.69409,-0.25283,-0.18476,-0.92725,0.00767,-0.38892,-1.07505,-0.13748,-0.56669,-0.96079,-0.27068,-0.64830,-0.80695,-0.33961,-0.11934,-0.99285,-0.04351,-0.16602,-1.39849,-0.12770,-0.28955,-1.62357,-0.18994,-0.40265,-1.80190,-0.22740,-0.04407,-0.97087,-0.12055,-0.01403,-1.40985,-0.19859,-0.07680,-1.69552,-0.24391,-0.14169,-1.93565,-0.26965,0.00190,-0.87441,-0.20594,0.10885,-1.20989,-0.26790,0.14749,-1.46392,-0.28719,0.16913,-1.69618,-0.29492
ok,0.00000,0.00000,0.00000,-0.24520,-0.15873,-0.02272,-0.42298,-0.36110,-0.07236,-0.61504,-0.48237,-0.14205,-0.76094,-0.63211,-0.21196,-0.23780,-0.91564,0.01573,-0.45310,-1.05038,-0.11530,-0.61527,-0.91596,-0.24006,-0.68827,-0.76234,-0.30933,-0.17951,-0.98376,-0.04652,-0.26459,-1.38217,-0.12994,-0.40484,-1.59367,-0.20232,-0.53259,-1.75827,-0.25121,-0.10515,-0.96282,-0.13056,-0.09601,-1.40768,-0.21342,-0.17152,-1.69015,-0.27803,-0.24858,-1.92998,-0.32080,-0.05448,-0.86745,-0.21893,0.03979,-1.21021,-0.28610,0.06758,-1.46378,-0.31581,0.07626,-1.69617,-0.33559
ok,0.00000,0.00000,0.00000,-0.24774,-0.10868,-0.00332,-0.42920,-0.30775,-0.04694,-0.60358,-0.42846,-0.11606,-0.74822,-0.52936,-0.18888,-0.30665,-0.86520,0.02418,-0.51087,-0.97875,-0.09740,-0.65586,-0.85489,-0.20466,-0.71791,-0.72740,-0.26348,-0.23135,-0.97287,-0.05527,-0.34024,-1.37584,-0.14615,-0.50125,-1.56730,-0.20844,-0.64251,-1.71194,-0.24409,-0.13418,-0.98948,-0.15446,-0.16760,-1.44292,-0.24790,-0.26167,-1.70184,-0.30962,-0.35520,-1.90923,-0.34730,-0.03892,-0.92364,-0.25602,0.03539,-1.26169,-0.33202,0.05249,-1.52073,-0.36637,0.04473,-1.74639,-0.38924
ok,0.00000,0.00000,0.00000,-0.23907,-0.12838,-0.00889,-0.42228,-0.32552,-0.04933,-0.60299,-0.42025,-0.11457,-0.74170,-0.49105,-0.18378,-0.29423,-0.86217,0.01942,-0.50101,-0.97956,-0.10959,-0.64596,-0.84817,-0.22798,-0.71112,-0.69601,-0.29172,-0.22020,-0.97546,-0.04725,-0.32165,-1.34251,-0.13132,-0.47427,-1.53944,-0.19559,-0.61910,-1.68729,-0.23427,-0.11128,-0.99515,-0.13356,-0.13755,-1.43274,-0.22587,-0.22506,-1.68982,-0.28603,-0.31845,-1.89097,-0.31835,-0.00325,-0.92620,-0.22221,0.08147,-1.25996,-0.29620,0.08970,-1.50744,-0.32348,0.07440,-1.71667,-0.33559
ok,0.00000,0.00000,0.00000,-0.23968,-0.14386,-0.01119,-0.41769,-0.33783,-0.06049,-0.61011,-0.44302,-0.13782,-0.77220,-0.52506,-0.21881,-0.30638,-0.85792,0.03723,-0.51852,-0.97006,-0.10405,-0.66588,-0.83445,-0.23377,-0.72474,-0.67342,-0.30327,-0.23475,-0.97206,-0.03231,-0.34381,-1.34737,-0.12244,-0.50658,-1.53847,-0.19518,-0.65227,-1.67958,-0.23898,-0.12786,-0.99729,-0.12436,-0.15683,-1.43643,-0.21494,-0.25032,-1.69565,-0.27931,-0.33765,-1.89431,-0.31598,-0.02501,-0.93585,-0.22022,0.06555,-1.27377,-0.29051,0.07778,-1.52753,-0.32078,0.07128,-1.74188,-0.33653
ok,0.00000,0.00000,0.00000,-0.22056,-0.11447,-0.00727,-0.40486,-0.32975,-0.03358,-0.55434,-0.47790,-0.08224,-0.67389,-0.58748,-0.13627,-0.27715,-0.85640,0.02981,-0.46470,-0.99518,-0.09171,-0.61677,-0.90043,-0.20790,-0.69751,-0.76642,-0.27322,-0.20699,-0.97834,-0.03412,-0.31806,-1.35830,-0.11355,-0.47620,-1.54639,-0.18708,-0.61706,-1.67943,-0.23594,-0.09596,-1.00443,-0.11702,-0.12172,-1.44480,-0.20493,-0.21626,-1.69227,-0.27956,-0.30555,-1.87963,-0.32718,0.02087,-0.94238,-0.20192,0.11447,-1.29097,-0.27894,0.12778,-1.54495,-0.32153,0.12176,-1.76049,-0.34929
ok,0.00000,0.00000,0.00000,-0.23446,-0.13081,-0.02004,-0.42714,-0.35801,-0.05757,-0.58629,-0.50270,-0.11739,-0.72371,-0.60364,-0.18206,-0.27825,-0.86864,0.01855,-0.48118,-1.01489,-0.10709,-0.64002,-0.92625,-0.22201,-0.72279,-0.79108,-0.28286,-0.20398,-0.97897,-0.04177,-0.31253,-1.37625,-0.12570,-0.46115,-1.56794,-0.19688,-0.58855,-1.70244,-0.24028,-0.09372,-1.00262,-0.12264,-0.10561,-1.45686,-0.21396,-0.21178,-1.71591,-0.28859,-0.30920,-1.91242,-0.33282,0.01238,-0.94364,-0.20658,0.11934,-1.30297,-0.27945,0.14140,-1.56990,-0.31830,0.14113,-1.79840,-0.34224
ok,0.00000,0.00000,0.00000,-0.22838,-0.15344,-0.01890,-0.41553,-0.38596,-0.05485,-0.57810,-0.53996,-0.11227,-0.71686,-0.67920,-0.17227,-0.24091,-0.87422,0.02054,-0.44628,-1.01359,-0.11292,-0.61025,-0.93461,-0.23155,-0.69681,-0.80168,-0.29086,-0.16294,-0.98664,-0.03579,-0.25441,-1.37022,-0.12396,-0.40236,-1.56118,-0.18862,-0.53516,-1.68603,-0.22120,-0.05465,-1.01463,-0.11313,-0.06017,-1.45483,-0.20607,-0.15956,-1.71297,-0.26431,-0.25123,-1.90385,-0.29051,0.04739,-0.95553,-0.19415,0.16416,-1.29911,-0.27087,0.19031,-1.56106,-0.30166,0.19561,-1.78531,-0.31237
ok,0.00000,0.00000,0.00000,-0.23978,-0.17032,-0.01358,-0.42836,-0.40334,-0.04598,-0.59401,-0.56606,-0.10191,-0.72935,-0.71967,-0.15735,-0.22876,-0.88028,0.04152,-0.44190,-1.01842,-0.09552,-0.61011,-0.95365,-0.21660,-0.70075,-0.83872,-0.27450,-0.14628,-0.98924,-0.01717,-0.22653,-1.37975,-0.10486,-0.36457,-1.58015,-0.16464,-0.49143,-1.71119,-0.19111,-0.04294,-1.01481,-0.09880,-0.04709,-1.44989,-0.18731,-0.14721,-1.70919,-0.23351,-0.23768,-1.90097,-0.24903,0.04764,-0.96069,-0.18542,0.16588,-1.30307,-0.25559,0.19528,-1.56733,-0.27919,0.20812,-1.79550,-0.28250
ok,0.00000,0.00000,0.00000,-0.23524,-0.16423,-0.00689,-0.41097,-0.41679,-0.03181,-0.56612,-0.60289,-0.08159,-0.69546,-0.75889,-0.13010,-0.20202,-0.88978,0.05738,-0.39534,-1.06185,-0.06582,-0.55896,-1.00295,-0.17475,-0.64360,-0.88933,-0.22727,-0.11845,-0.99296,-0.00364,-0.18174,-1.39412,-0.08371,-0.31179,-1.59848,-0.13659,-0.43246,-1.73346,-0.15975,-0.01471,-1.01047,-0.08768,-0.01206,-1.43676,-0.16897,-0.09648,-1.70233,-0.21240,-0.17567,-1.90291,-0.22855,0.07764,-0.95008,-0.17714,0.20430,-1.29053,-0.24052,0.24188,-1.55117,-0.26406,0.26080,-1.77319,-0.27039
ok,0.00000,0.00000,0.00000,-0.22537,-0.16441,-0.01873,-0.39555,-0.42922,-0.04736,-0.53676,-0.63035,-0.09804,-0.65833,-0.80019,-0.14713,-0.19077,-0.89244,0.04308,-0.38114,-1.07397,-0.08955,-0.54290,-1.03472,-0.20648,-0.63794,-0.93617,-0.26243,-0.10180,-0.99480,-0.01245,-0.15465,-1.39743,-0.10061,-0.28148,-1.60474,-0.16109,-0.40707,-1.73735,-0.18713,0.00681,-1.01330,-0.09116,0.02025,-1.44261,-0.17942,-0.05837,-1.70929,-0.22498,-0.13476,-1.90725,-0.23911,0.10194,-0.95755,-0.17606,0.23280,-1.30610,-0.24059,0.27910,-1.56749,-0.26165,0.30604,-1.78747,-0.26403
ok,0.00000,0.00000,0.00000,-0.22990,-0.16575,-0.01717,-0.40373,-0.43559,-0.04324,-0.54477,-0.64226,-0.08957,-0.65955,-0.82047,-0.13370,-0.19133,-0.89406,0.03651,-0.37815,-1.07679,-0.09367,-0.53669,-1.03796,-0.20734,-0.62942,-0.93783,-0.26177,-0.10345,-0.99463,-0.01499,-0.17020,-1.38945,-0.09776,-0.29324,-1.59331,-0.15315,-0.41340,-1.72683,-0.17710,0.00845,-1.01164,-0.08851,0.00084,-1.43613,-0.17255,-0.07970,-1.69561,-0.21528,-0.15415,-1.89010,-0.22949,0.10924,-0.95539,-0.16762,0.23666,-1.28898,-0.23437,0.28638,-1.54274,-0.25946,0.31910,-1.76115,-0.26520
ok,0.00000,0.00000,0.00000,-0.22393,-0.17653,-0.01696,-0.39554,-0.45617,-0.04037,-0.53487,-0.66695,-0.08667,-0.64575,-0.85430,-0.13245,-0.15750,-0.89142,0.04445,-0.34491,-1.08855,-0.08461,-0.51598,-1.06061,-0.19857,-0.62197,-0.96283,-0.25275,-0.06944,-0.99759,-0.00782,-0.13229,-1.39087,-0.08305,-0.25936,-1.59692,-0.13449,-0.37946,-1.73317,-0.15618,0.04209,-1.01740,-0.08295,0.04454,-1.43928,-0.16152,-0.04144,-1.69966,-0.19870,-0.12031,-1.88939,-0.20906,0.14004,-0.95935,-0.16462,0.28023,-1.28206,-0.23262,0.33446,-1.54048,-0.25542,0.37141,-1.76381,-0.25762
ok,0.00000,0.00000,0.00000,-0.22936,-0.16684,-0.01228,-0.39998,-0.47200,-0.02573,-0.54275,-0.68996,-0.06414,-0.65855,-0.86756,-0.10158,-0.16270,-0.88535,0.07105,-0.34123,-1.09197,-0.04524,-0.50887,-1.07946,-0.14819,-0.61529,-0.99299,-0.19579,-0.06914,-0.99761,0.01918,-0.12780,-1.37846,-0.04444,-0.25083,-1.58551,-0.08724,-0.36312,-1.72076,-0.10302,0.04805,-1.01695,-0.05709,0.05445,-1.42966,-0.12965,-0.02819,-1.68198,-0.16190,-0.10359,-1.86059,-0.16759,0.15279,-0.95682,-0.14013,0.29364,-1.26754,-0.20257,0.34449,-1.51677,-0.22315,0.37469,-1.72675,-0.22355
ok,0.00000,0.00000,0.00000,-0.22908,-0.16605,-0.01906,-0.39986,-0.47896,-0.03217,-0.52836,-0.70632,-0.06678,-0.62493,-0.90150,-0.09974,-0.15364,-0.88773,0.05311,-0.32595,-1.10196,-0.06581,-0.48511,-1.08450,-0.16804,-0.58496,-0.99180,-0.21439,-0.05425,-0.99853,0.00674,-0.10998,-1.37658,-0.05896,-0.22647,-1.59297,-0.10240,-0.33345,-1.74400,-0.11970,0.06706,-1.01381,-0.06388,0.07752,-1.42114,-0.14218,-0.00003,-1.67439,-0.17975,-0.07194,-1.85831,-0.18896,0.17547,-0.94803,-0.14061,0.31236,-1.25705,-0.21134,0.36524,-1.50249,-0.23743,0.39901,-1.70916,-0.24105
ok,0.00000,0.00000,0.00000,-0.22402,-0.17472,-0.02784,-0.39239,-0.49185,-0.04847,-0.52290,-0.72854,-0.08890,-0.62745,-0.92845,-0.12711,-0.14185,-0.89208,0.04554,-0.31225,-1.10645,-0.07763,-0.46447,-1.09129,-0.18455,-0.55923,-1.00241,-0.23423,-0.03828,-0.99927,0.00160,-0.09065,-1.37754,-0.06903,-0.20319,-1.59463,-0.11689,-0.30877,-1.74777,-0.13735,0.08634,-1.00961,-0.06715,0.09774,-1.41375,-0.14646,0.02793,-1.66743,-0.18248,-0.03790,-1.86035,-0.19129,0.19712,-0.94034,-0.14298,0.32982,-1.25276,-0.21023,0.38677,-1.49757,-0.23197,0.42544,-1.70940,-0.23366
ok,0.00000,0.00000,0.00000,-0.22875,-0.18004,-0.02222,-0.39715,-0.49564,-0.04133,-0.52951,-0.73211,-0.08081,-0.63938,-0.92111,-0.11898,-0.14706,-0.89789,0.04393,-0.31720,-1.12056,-0.07852,-0.47330,-1.09686,-0.18642,-0.56726,-1.00242,-0.23835,-0.04102,-0.99916,-0.00257,-0.09411,-1.37783,-0.07162,-0.20911,-1.60567,-0.12264,-0.31639,-1.77139,-0.14889,0.08358,-1.00176,-0.07265,0.09266,-1.41031,-0.15042,0.01882,-1.67497,-0.19170,-0.05125,-1.87823,-0.20764,0.19181,-0.92634,-0.14887,0.32700,-1.23520,-0.21892,0.38119,-1.48837,-0.24753,0.41616,-1.71169,-0.25638
ok,0.00000,0.00000,0.00000,-0.23099,-0.17951,-0.02510,-0.40732,-0.48164,-0.05169,-0.54320,-0.71750,-0.09884,-0.65005,-0.91716,-0.14448,-0.15141,-0.89762,0.04708,-0.31844,-1.12154,-0.07112,-0.47037,-1.09460,-0.17984,-0.56566,-1.00077,-0.23568,-0.04638,-0.99892,-0.00128,-0.10112,-1.38304,-0.07394,-0.22157,-1.60931,-0.13474,-0.33782,-1.76931,-0.16962,0.07818,-1.00708,-0.07270,0.08331,-1.41917,-0.14991,0.01019,-1.68245,-0.19820,-0.06173,-1.88568,-0.22198,0.18942,-0.93690,-0.15051,0.31972,-1.25009,-0.21265,0.37624,-1.49753,-0.23929,0.41140,-1.71871,-0.25103
ok,0.00000,0.00000,0.00000,-0.23561,-0.17497,-0.02599,-0.41768,-0.46823,-0.05493,-0.55830,-0.70127,-0.10500,-0.65904,-0.91231,-0.15272,-0.16592,-0.89211,0.04811,-0.32702,-1.12285,-0.07158,-0.47371,-1.09712,-0.17954,-0.56469,-1.00182,-0.23381,-0.06161,-0.99810,-0.00037,-0.11986,-1.38765,-0.07431,-0.24331,-1.61470,-0.13470,-0.36162,-1.77561,-0.16901,0.06520,-1.01226,-0.07250,0.06931,-1.42649,-0.14955,-0.00637,-1.68968,-0.19799,-0.08057,-1.89257,-0.22185,0.18008,-0.94729,-0.15123,0.30815,-1.26720,-0.21087,0.36498,-1.51597,-0.23674,0.40063,-1.73649,-0.24829
ok,0.00000,0.00000,0.00000,-0.23632,-0.16832,-0.03380,-0.42150,-0.44636,-0.06661,-0.56566,-0.67266,-0.11961,-0.65100,-0.90030,-0.16880,-0.17286,-0.89096,0.04647,-0.33535,-1.12413,-0.07594,-0.48157,-1.08333,-0.18540,-0.56459,-0.97162,-0.23913,-0.06971,-0.99757,0.00349,-0.13166,-1.38498,-0.06888,-0.25740,-1.60855,-0.12798,-0.37579,-1.77010,-0.16129,0.05689,-1.01563,-0.06457,0.05673,-1.42739,-0.13795,-0.01968,-1.68739,-0.18386,-0.09330,-1.88686,-0.20574,0.17060,-0.95391,-0.14049,0.28635,-1.27825,-0.19773,0.33798,-1.52437,-0.22145,0.37154,-1.73999,-0.23041
ok,0.00000,0.00000,0.00000,-0.24091,-0.16166,-0.03374,-0.43419,-0.43482,-0.06583,-0.57995,-0.65989,-0.11776,-0.67002,-0.88192,-0.16557,-0.19346,-0.88308,0.04116,-0.36059,-1.11228,-0.08079,-0.50152,-1.06559,-0.18593,-0.57467,-0.94828,-0.23532,-0.09135,-0.99582,-0.00030,-0.16353,-1.37169,-0.06920,-0.28366,-1.59658,-0.11971,-0.39184,-1.76286,-0.14692,0.03552,-1.01568,-0.06682,0.03128,-1.41505,-0.13835,-0.04472,-1.67300,-0.17556,-0.11633,-1.87342,-0.19067,0.15021,-0.95574,-0.14139,0.26077,-1.27679,-0.19885,0.30654,-1.52373,-0.21868,0.33559,-1.73865,-0.22308
ok,0.00000,0.00000,0.00000,-0.23582,-0.15908,-0.03037,-0.42736,-0.42525,-0.06231,-0.57479,-0.63786,-0.11458,-0.67019,-0.84648,-0.16527,-0.20408,-0.88185,0.03237,-0.37174,-1.09143,-0.09396,-0.51036,-1.04623,-0.20267,-0.58206,-0.93076,-0.25397,-0.09982,-0.99501,-0.01249,-0.16706,-1.36271,-0.07796,-0.28005,-1.58925,-0.12661,-0.38162,-1.75910,-0.15454,0.03019,-1.01113,-0.08253,0.03251,-1.40708,-0.15652,-0.03469,-1.66294,-0.19765,-0.09950,-1.86036,-0.21649,0.15156,-0.94560,-0.15968,0.27464,-1.26571,-0.22583,0.32773,-1.51553,-0.25163,0.36074,-1.72893,-0.26009
ok,0.00000,0.00000,0.00000,-0.23756,-0.15426,-0.02948,-0.41771,-0.42649,-0.05490,-0.56421,-0.63519,-0.10009,-0.64622,-0.83516,-0.14344,-0.20153,-0.87428,0.04296,-0.36962,-1.07930,-0.08857,-0.50537,-1.05311,-0.20101,-0.57082,-0.93634,-0.25147,-0.09700,-0.99528,0.00254,-0.15669,-1.37210,-0.06828,-0.26015,-1.59088,-0.11544,-0.35775,-1.74535,-0.13667,0.03938,-1.01938,-0.06438,0.04817,-1.41264,-0.14324,-0.00847,-1.67827,-0.18599,-0.06550,-1.88028,-0.20025,0.16733,-0.95064,-0.13811,0.30495,-1.28069,-0.20131,0.36735,-1.52912,-0.22353,0.40695,-1.73655,-0.22696
ok,0.00000,0.00000,0.00000,-0.22816,-0.14923,-0.03894,-0.41263,-0.41444,-0.06844,-0.56150,-0.63360,-0.11420,-0.61973,-0.86797,-0.15725,-0.16316,-0.87236,0.03348,-0.32592,-1.08027,-0.08623,-0.45339,-1.06595,-0.19004,-0.51235,-0.97712,-0.24028,-0.05324,-0.99858,-0.00670,-0.11888,-1.38642,-0.07825,-0.21864,-1.61772,-0.13566,-0.30794,-1.78765,-0.16945,0.08412,-1.02402,-0.07241,0.10589,-1.43524,-0.15822,0.06035,-1.70502,-0.21824,0.01257,-1.91476,-0.24756,0.21381,-0.95917,-0.14389,0.35805,-1.30450,-0.21673,0.43315,-1.56068,-0.25124,0.48399,-1.77280,-0.26663
ok,0.00000,0.00000,0.00000,-0.23408,-0.15906,-0.04177,-0.42499,-0.44000,-0.07432,-0.57269,-0.68625,-0.12274,-0.59447,-0.93577,-0.16643,-0.15082,-0.87702,0.03270,-0.31182,-1.10272,-0.09278,-0.44480,-1.10988,-0.19899,-0.50958,-1.03728,-0.24981,-0.03084,-0.99952,-0.00769,-0.08453,-1.39540,-0.08251,-0.17563,-1.64658,-0.13885,-0.25816,-1.83335,-0.17093,0.11184,-1.01879,-0.07430,0.14160,-1.43137,-0.16129,0.10133,-1.71030,-0.21401,0.05674,-1.93144,-0.23661,0.24090,-0.94978,-0.14728,0.38883,-1.29132,-0.21835,0.46595,-1.54780,-0.24697,0.51757,-1.76257,-0.25647
ok,0.00000,0.00000,0.00000,-0.23266,-0.16838,-0.04765,-0.41922,-0.45485,-0.08352,-0.55284,-0.71427,-0.13338,-0.56302,-0.96630,-0.17768,-0.11138,-0.88173,0.02452,-0.26768,-1.12373,-0.09908,-0.40807,-1.14479,-0.20442,-0.48338,-1.08373,-0.25661,0.01019,-0.99995,-0.01236,-0.04093,-1.39826,-0.08745,-0.12948,-1.65749,-0.14607,-0.20919,-1.85555,-0.18169,0.14870,-1.01872,-0.07491,0.18373,-1.42798,-0.16247,0.14855,-1.71005,-0.21673,0.10745,-1.93798,-0.24198,0.27119,-0.95075,-0.14420,0.42471,-1.28261,-0.21578,0.50511,-1.53656,-0.24633,0.55788,-1.75300,-0.25854
ok,0.00000,0.00000,0.00000,-0.22540,-0.17202,-0.03690,-0.39864,-0.49180,-0.06256,-0.51211,-0.76294,-0.10403,-0.51315,-1.00373,-0.14023,-0.07824,-0.89425,0.03471,-0.21981,-1.14745,-0.08393,-0.36167,-1.17410,-0.18808,-0.44744,-1.11331,-0.24005,0.04353,-0.99905,-0.00563,0.02123,-1.39821,-0.07658,-0.06136,-1.66717,-0.13359,-0.14252,-1.86219,-0.16759,0.17454,-1.00884,-0.07022,0.24505,-1.41083,-0.14864,0.21497,-1.69252,-0.19461,0.17411,-1.91376,-0.21539,0.28177,-0.93537,-0.14171,0.45494,-1.24840,-0.20390,0.53842,-1.49633,-0.22643,0.59420,-1.71277,-0.23345
ok,0.00000,0.00000,0.00000,-0.22717,-0.18560,-0.01845,-0.36284,-0.50688,-0.03924,-0.45473,-0.75111,-0.08122,-0.45210,-0.95060,-0.11718,-0.05372,-0.91355,0.05621,-0.17605,-1.18701,-0.06186,-0.31775,-1.17195,-0.16242,-0.39597,-1.05873,-0.20646,0.05346,-0.99857,0.01001,0.05821,-1.40177,-0.05127,-0.01380,-1.65882,-0.08923,-0.08762,-1.84431,-0.10513,0.17008,-0.99500,-0.06189,0.25669,-1.40343,-0.12332,0.25143,-1.67296,-0.15172,0.23833,-1.88159,-0.15973,0.26410,-0.92237,-0.14140,0.42552,-1.23788,-0.19280,0.51155,-1.47158,-0.20612,0.58100,-1.66844,-0.20391
ok,0.00000,0.00000,0.00000,-0.21419,-0.21282,-0.01318,-0.34392,-0.53357,-0.03237,-0.43459,-0.78830,-0.07560,-0.45514,-1.02103,-0.11475,-0.03974,-0.91188,0.07460,-0.15482,-1.17858,-0.04885,-0.29472,-1.18829,-0.15858,-0.37626,-1.09742,-0.20744,0.06891,-0.99762,0.02422,0.08547,-1.41511,-0.03794,0.01321,-1.67114,-0.08319,-0.05834,-1.85772,-0.10433,0.18737,-1.00059,-0.05200,0.27817,-1.41857,-0.11187,0.26056,-1.69166,-0.13984,0.23479,-1.89788,-0.14698,0.27857,-0.93646,-0.13624,0.43747,-1.26470,-0.17874,0.51653,-1.50717,-0.18439,0.57707,-1.70655,-0.17787
ok,0.00000,0.00000,0.00000,-0.21951,-0.22275,-0.01202,-0.35495,-0.54534,-0.03063,-0.45356,-0.80195,-0.07439,-0.44314,-1.02331,-0.11185,-0.03401,-0.90922,0.08812,-0.15206,-1.18342,-0.03995,-0.29378,-1.20532,-0.15297,-0.37359,-1.11807,-0.20169,0.07207,-0.99740,0.04034,0.08932,-1.42186,-0.02019,0.02207,-1.67939,-0.06032,-0.04541,-1.86372,-0.07550,0.18826,-1.00630,-0.03540,0.27185,-1.42258,-0.09178,0.25485,-1.69534,-0.11316,0.23250,-1.89970,-0.11314,0.27602,-0.95320,-0.12014,0.43687,-1.28176,-0.15983,0.51790,-1.52506,-0.16367,0.58197,-1.72826,-0.15355
ok,0.00000,0.00000,0.00000,-0.20874,-0.22525,-0.00783,-0.33450,-0.56296,-0.02059,-0.42736,-0.83065,-0.05824,-0.43135,-1.06502,-0.08900,0.01220,-0.90856,0.08608,-0.09555,-1.19597,-0.04229,-0.24238,-1.23323,-0.15463,-0.32888,-1.14802,-0.20083,0.11683,-0.99315,0.03857,0.14140,-1.42778,-0.01759,0.07419,-1.69855,-0.05152,0.00747,-1.89513,-0.06204,0.23259,-1.00063,-0.03670,0.33134,-1.43047,-0.09024,0.31453,-1.71579,-0.10450,0.29115,-1.92678,-0.09865,0.31917,-0.94761,-0.12081,0.49816,-1.27965,-0.15992,0.58531,-1.53055,-0.16035,0.65567,-1.73522,-0.14591
ok,0.00000,0.00000,0.00000,-0.20017,-0.24472,-0.03070,-0.29969,-0.57561,-0.05891,-0.39120,-0.85653,-0.11161,-0.37718,-1.12010,-0.15594,0.05003,-0.90577,0.09567,-0.05322,-1.19472,-0.03444,-0.20755,-1.21478,-0.15013,-0.29711,-1.11973,-0.20313,0.16382,-0.98649,0.05058,0.20634,-1.41882,-0.02797,0.12284,-1.67948,-0.08243,0.04228,-1.86853,-0.10513,0.28349,-0.98203,-0.02551,0.38820,-1.40638,-0.09554,0.36369,-1.69346,-0.12732,0.33549,-1.91670,-0.13293,0.37548,-0.90834,-0.11212,0.55570,-1.23336,-0.15525,0.63453,-1.49139,-0.16452,0.69226,-1.70732,-0.15988
ok,0.00000,0.00000,0.00000,-0.18629,-0.25965,-0.01398,-0.27841,-0.59621,-0.03115,-0.36103,-0.88383,-0.07435,-0.34726,-1.15548,-0.10870,0.09693,-0.90520,0.11514,-0.00702,-1.19566,-0.01663,-0.15605,-1.25184,-0.13795,-0.24639,-1.18176,-0.18991,0.20834,-0.97806,0.06726,0.26548,-1.42318,0.00291,0.19273,-1.70265,-0.04276,0.11813,-1.90515,-0.05914,0.32480,-0.96997,-0.01144,0.44294,-1.40623,-0.06908,0.41244,-1.70427,-0.08906,0.38017,-1.93042,-0.08511,0.40996,-0.90440,-0.10030,0.60343,-1.23593,-0.13355,0.68850,-1.48966,-0.13350,0.75325,-1.69852,-0.11968
ok,0.00000,0.00000,0.00000,-0.18793,-0.27602,-0.00997,-0.26972,-0.61597,-0.02617,-0.33792,-0.90444,-0.07098,-0.32142,-1.17973,-0.10744,0.10563,-0.90191,0.12884,0.01519,-1.19237,-0.00266,-0.12614,-1.27107,-0.12399,-0.22145,-1.22103,-0.17538,0.22059,-0.97537,0.07710,0.28505,-1.41656,0.01669,0.21422,-1.69849,-0.02502,0.14178,-1.90335,-0.03796,0.34064,-0.96333,-0.00662,0.46247,-1.39802,-0.06007,0.44058,-1.69922,-0.07505,0.41590,-1.92381,-0.06770,0.42790,-0.89365,-0.10130,0.62309,-1.21965,-0.13197,0.70862,-1.47405,-0.12928,0.77034,-1.68235,-0.11331
ok,0.00000,0.00000,0.00000,-0.18835,-0.27194,-0.01179,-0.27006,-0.62458,-0.02611,-0.33666,-0.92610,-0.06742,-0.31444,-1.20951,-0.09900,0.11494,-0.90487,0.12285,0.02944,-1.19843,-0.00839,-0.11018,-1.28397,-0.12939,-0.20486,-1.24468,-0.18065,0.23403,-0.97223,0.07372,0.30648,-1.41059,0.01265,0.23461,-1.70335,-0.02895,0.15707,-1.91245,-0.04166,0.35424,-0.95494,-0.00678,0.48035,-1.39171,-0.06210,0.44377,-1.69544,-0.07506,0.40309,-1.91556,-0.06510,0.44090,-0.88581,-0.09796,0.64046,-1.20456,-0.13180,0.72354,-1.45732,-0.13057,0.78218,-1.66015,-0.11401
ok,0.00000,0.00000,0.00000,-0.18547,-0.28814,-0.02073,-0.26472,-0.64437,-0.04134,-0.32189,-0.94943,-0.08679,-0.29344,-1.22959,-0.12214,0.12669,-0.90781,0.10426,0.04824,-1.22332,-0.03014,-0.08947,-1.30920,-0.15175,-0.18483,-1.26268,-0.20408,0.25020,-0.96819,0.05919,0.32604,-1.41034,-0.00927,0.25841,-1.70433,-0.05802,0.18190,-1.91502,-0.07597,0.37189,-0.94645,-0.01634,0.50706,-1.38325,-0.07829,0.47625,-1.68998,-0.09874,0.43606,-1.91262,-0.09430,0.45827,-0.87249,-0.10228,0.66683,-1.17810,-0.14191,0.75737,-1.43131,-0.14687,0.81949,-1.63943,-0.13505
ok,0.00000,0.00000,0.00000,-0.18487,-0.27964,-0.02141,-0.26635,-0.63559,-0.04309,-0.32960,-0.93652,-0.08864,-0.30051,-1.21206,-0.12581,0.12995,-0.90552,0.09550,0.04254,-1.20602,-0.04172,-0.09427,-1.28707,-0.16928,-0.19054,-1.24478,-0.22764,0.25291,-0.96749,0.04922,0.33015,-1.39938,-0.02341,0.26688,-1.68670,-0.07962,0.19057,-1.89060,-0.10387,0.37436,-0.93932,-0.02638,0.50863,-1.37288,-0.09138,0.48588,-1.67598,-0.11932,0.45528,-1.89927,-0.12165,0.45926,-0.85574,-0.11187,0.66566,-1.15457,-0.15354,0.76515,-1.39662,-0.16177,0.84105,-1.60179,-0.15393
ok,0.00000,0.00000,0.00000,-0.17942,-0.27145,-0.02810,-0.25555,-0.62834,-0.05072,-0.31273,-0.92412,-0.09496,-0.28965,-1.19480,-0.13036,0.13772,-0.90391,0.08147,0.05212,-1.20531,-0.05782,-0.08728,-1.28411,-0.18500,-0.18922,-1.23778,-0.24349,0.25923,-0.96582,0.03757,0.33708,-1.39651,-0.04435,0.27412,-1.67947,-0.10498,0.19949,-1.87997,-0.13009,0.37891,-0.93528,-0.03489,0.51119,-1.36570,-0.10990,0.49205,-1.66319,-0.14309,0.46388,-1.88339,-0.14646,0.46194,-0.84115,-0.11709,0.67048,-1.13547,-0.16544,0.77219,-1.37097,-0.17636,0.84902,-1.56838,-0.16957
ok,0.00000,0.00000,0.00000,-0.17477,-0.27739,-0.02855,-0.24729,-0.63511,-0.05040,-0.30232,-0.92424,-0.09396,-0.28108,-1.18901,-0.12986,0.13558,-0.90642,0.07600,0.05632,-1.20864,-0.06156,-0.07915,-1.28988,-0.18610,-0.18371,-1.24738,-0.24241,0.25845,-0.96602,0.03308,0.34669,-1.39305,-0.04859,0.28783,-1.67170,-0.10891,0.21226,-1.86917,-0.13316,0.38127,-0.93178,-0.03756,0.52514,-1.35578,-0.11334,0.50554,-1.65047,-0.14850,0.47370,-1.87040,-0.15238,0.46749,-0.83512,-0.11748,0.68267,-1.12547,-0.16608,0.78915,-1.35974,-0.17724,0.87101,-1.55816,-0.17007
ok,0.00000,0.00000,0.00000,-0.17065,-0.28555,-0.02629,-0.24322,-0.64318,-0.04940,-0.29923,-0.93397,-0.09437,-0.27888,-1.20210,-0.13222,0.14114,-0.90610,0.07167,0.06206,-1.20767,-0.06881,-0.07260,-1.29596,-0.19721,-0.17769,-1.26280,-0.25661,0.26227,-0.96500,0.02692,0.35150,-1.39059,-0.05616,0.29420,-1.67132,-0.11920,0.21839,-1.87155,-0.14627,0.38231,-0.93149,-0.04470,0.53377,-1.35060,-0.12003,0.51711,-1.64570,-0.15517,0.48592,-1.86781,-0.16027,0.46414,-0.83507,-0.12537,0.68516,-1.11648,-0.17396,0.79275,-1.35395,-0.18484,0.87396,-1.55966,-0.17802
ok,0.00000,0.00000,0.00000,-0.17383,-0.28132,-0.02340,-0.25263,-0.63569,-0.04442,-0.31132,-0.92447,-0.08747,-0.30080,-1.19475,-0.12342,0.13041,-0.90898,0.07622,0.04646,-1.19721,-0.06066,-0.08565,-1.28549,-0.18796,-0.18927,-1.25910,-0.24766,0.25107,-0.96797,0.02992,0.33676,-1.39368,-0.05019,0.28166,-1.67214,-0.11199,0.20896,-1.87076,-0.13875,0.37197,-0.93311,-0.04293,0.51779,-1.35168,-0.11557,0.50238,-1.64637,-0.15000,0.47407,-1.86946,-0.15538,0.45668,-0.83534,-0.12477,0.67386,-1.11603,-0.17038,0.77740,-1.35121,-0.17960,0.85406,-1.55459,-0.17243
ok,0.00000,0.00000,0.00000,-0.17834,-0.27889,-0.02765,-0.26281,-0.63183,-0.05133,-0.32651,-0.92076,-0.09720,-0.32034,-1.19348,-0.13555,0.10907,-0.91030,0.07714,0.02251,-1.19670,-0.06353,-0.10695,-1.28100,-0.19110,-0.20773,-1.25149,-0.24925,0.23061,-0.97305,0.03214,0.30754,-1.40122,-0.05007,0.25215,-1.67618,-0.10915,0.18061,-1.87353,-0.13237,0.35483,-0.94445,-0.04083,0.49072,-1.36363,-0.11484,0.47928,-1.65332,-0.14443,0.45544,-1.87460,-0.14476,0.44368,-0.85366,-0.12364,0.65159,-1.14404,-0.16828,0.75482,-1.37594,-0.17329,0.83208,-1.57557,-0.16192
ok,0.00000,0.00000,0.00000,-0.18586,-0.26759,-0.03347,-0.28151,-0.61730,-0.05897,-0.34981,-0.90534,-0.10506,-0.34069,-1.17491,-0.14334,0.08783,-0.90989,0.06770,-0.00189,-1.19425,-0.07331,-0.13300,-1.26963,-0.20051,-0.23328,-1.23400,-0.25854,0.21103,-0.97748,0.02521,0.28473,-1.40555,-0.06004,0.22170,-1.68183,-0.12298,0.14181,-1.87526,-0.14835,0.33816,-0.95098,-0.04471,0.46409,-1.37378,-0.12316,0.44042,-1.66596,-0.15896,0.40572,-1.88241,-0.16252,0.43031,-0.85808,-0.12414,0.63274,-1.15277,-0.17402,0.73275,-1.38924,-0.18384,0.80840,-1.58873,-0.17508
ok,0.00000,0.00000,0.00000,-0.20451,-0.26022,-0.02777,-0.30681,-0.60782,-0.05380,-0.37966,-0.89120,-0.10229,-0.38260,-1.15442,-0.14434,0.05168,-0.91244,0.06464,-0.04406,-1.20936,-0.07244,-0.17952,-1.28623,-0.19471,-0.28343,-1.24548,-0.24955,0.17495,-0.98458,0.02126,0.22393,-1.41049,-0.05682,0.14664,-1.68742,-0.11378,0.05545,-1.88476,-0.13716,0.30041,-0.96486,-0.04859,0.41035,-1.38614,-0.11968,0.37254,-1.67921,-0.15163,0.32198,-1.89619,-0.15553,0.39184,-0.87745,-0.12758,0.58562,-1.17401,-0.17715,0.66980,-1.42250,-0.18963,0.72595,-1.63284,-0.18349
ok,0.00000,0.00000,0.00000,-0.19789,-0.24893,-0.02227,-0.28838,-0.60661,-0.03691,-0.35250,-0.88844,-0.07483,-0.36314,-1.15640,-0.10553,0.06809,-0.91905,0.09264,-0.02218,-1.21884,-0.02974,-0.16318,-1.27801,-0.14210,-0.26936,-1.21773,-0.19083,0.18766,-0.98223,0.04840,0.24051,-1.39387,-0.02283,0.14870,-1.65194,-0.07505,0.03845,-1.81796,-0.09211,0.30487,-0.95890,-0.02375,0.40676,-1.36977,-0.08987,0.35961,-1.66197,-0.11917,0.29526,-1.87274,-0.11953,0.39291,-0.87033,-0.10517,0.57831,-1.15697,-0.15363,0.64411,-1.41108,-0.16802,0.67347,-1.62841,-0.16215
ok,0.00000,0.00000,0.00000,-0.19485,-0.24561,-0.03262,-0.29288,-0.60227,-0.05724,-0.36266,-0.88042,-0.10306,-0.37717,-1.14699,-0.14173,0.04908,-0.92135,0.06690,-0.03899,-1.22126,-0.06641,-0.17800,-1.27905,-0.18439,-0.28323,-1.21924,-0.23642,0.17100,-0.98527,0.02402,0.23528,-1.39522,-0.06154,0.14434,-1.65187,-0.11943,0.03520,-1.81455,-0.13789,0.28942,-0.95822,-0.04641,0.39929,-1.36668,-0.12174,0.35721,-1.65355,-0.15247,0.29942,-1.86200,-0.15220,0.37877,-0.86096,-0.12651,0.56525,-1.14567,-0.18089,0.63428,-1.40020,-0.19581,0.66943,-1.61951,-0.18936
ok,0.00000,0.00000,0.00000,-0.18707,-0.24100,-0.02881,-0.29202,-0.59306,-0.05048,-0.36435,-0.86104,-0.09156,-0.39148,-1.11442,-0.12749,0.04114,-0.92315,0.05141,-0.05988,-1.20485,-0.07805,-0.20257,-1.25274,-0.19639,-0.31180,-1.19659,-0.25160,0.15979,-0.98715,0.00789,0.21307,-1.39207,-0.07443,0.12783,-1.64905,-0.13608,0.02250,-1.81835,-0.16164,0.27560,-0.95760,-0.06010,0.38218,-1.35634,-0.13418,0.34517,-1.64062,-0.17169,0.29056,-1.85399,-0.17988,0.36223,-0.85700,-0.13635,0.54414,-1.13704,-0.19055,0.61359,-1.38297,-0.20678,0.64899,-1.59682,-0.20407
ok,0.00000,0.00000,0.00000,-0.18738,-0.23919,-0.02266,-0.29458,-0.59536,-0.04027,-0.36834,-0.86491,-0.07718,-0.40108,-1.11268,-0.10943,0.03461,-0.92654,0.05281,-0.07078,-1.21095,-0.07521,-0.21560,-1.24940,-0.19375,-0.32362,-1.18491,-0.24920,0.15292,-0.98824,0.00764,0.20396,-1.39327,-0.07343,0.12028,-1.64936,-0.13612,0.01708,-1.81565,-0.16294,0.26790,-0.95792,-0.06102,0.37773,-1.35229,-0.13267,0.34419,-1.63474,-0.17109,0.29376,-1.84900,-0.18088,0.35322,-0.85965,-0.13718,0.53217,-1.13997,-0.18893,0.60385,-1.38180,-0.20458,0.64566,-1.59564,-0.20228
ok,0.00000,0.00000,0.00000,-0.18771,-0.23432,-0.01605,-0.29072,-0.59348,-0.02902,-0.36269,-0.86308,-0.06252,-0.40044,-1.10379,-0.09188,0.04128,-0.92762,0.06116,-0.06538,-1.20159,-0.06267,-0.21315,-1.24094,-0.17783,-0.32117,-1.18122,-0.23130,0.15503,-0.98791,0.01306,0.20023,-1.39167,-0.05835,0.12055,-1.65707,-0.11508,0.02380,-1.84186,-0.14029,0.26611,-0.95793,-0.05856,0.37466,-1.35251,-0.12664,0.34027,-1.64234,-0.16350,0.28937,-1.86676,-0.17357,0.34623,-0.86316,-0.13715,0.52611,-1.14593,-0.18817,0.60240,-1.38926,-0.20315,0.65064,-1.60562,-0.20097
ok,0.00000,0.00000,0.00000,-0.19158,-0.24093,-0.01743,-0.29446,-0.59308,-0.03357,-0.36658,-0.85863,-0.07072,-0.40776,-1.09790,-0.10415,0.03578,-0.92754,0.05744,-0.07586,-1.20382,-0.06872,-0.22550,-1.23836,-0.18445,-0.33112,-1.17368,-0.23748,0.15087,-0.98855,0.00907,0.19953,-1.38777,-0.06407,0.11940,-1.65139,-0.11949,0.02401,-1.83692,-0.14265,0.26302,-0.95807,-0.06299,0.37644,-1.34802,-0.13133,0.34530,-1.63960,-0.16476,0.29961,-1.86676,-0.17184,0.34178,-0.86262,-0.14242,0.51897,-1.14293,-0.19376,0.59673,-1.38462,-0.20606,0.65038,-1.59911,-0.20090
ok,0.00000,0.00000,0.00000,-0.18812,-0.23578,-0.01223,-0.28630,-0.59816,-0.02190,-0.35439,-0.87098,-0.05347,-0.38477,-1.11674,-0.08006,0.05673,-0.91933,0.07198,-0.05138,-1.19059,-0.05222,-0.19959,-1.24749,-0.16712,-0.30659,-1.20387,-0.21920,0.16703,-0.98595,0.02231,0.21269,-1.39334,-0.04388,0.13714,-1.66245,-0.09342,0.04788,-1.85687,-0.11284,0.27826,-0.96427,-0.05191,0.38731,-1.36748,-0.11702,0.35610,-1.65857,-0.14360,0.31078,-1.88417,-0.14511,0.35615,-0.87834,-0.13387,0.53675,-1.16966,-0.18229,0.61935,-1.41162,-0.19009,0.67650,-1.62505,-0.18105
ok,0.00000,0.00000,0.00000,-0.19406,-0.24026,-0.01663,-0.29526,-0.59547,-0.03113,-0.36935,-0.86823,-0.06789,-0.39512,-1.11941,-0.09964,0.04787,-0.91324,0.07018,-0.05572,-1.17975,-0.06330,-0.19344,-1.24503,-0.18835,-0.30015,-1.21223,-0.24645,0.16138,-0.98689,0.02081,0.20872,-1.39955,-0.05409,0.13473,-1.66782,-0.11376,0.04297,-1.85465,-0.13940,0.28078,-0.96915,-0.05325,0.39066,-1.38846,-0.12311,0.35269,-1.67120,-0.15461,0.30198,-1.88194,-0.15785,0.36716,-0.88614,-0.13556,0.54896,-1.19418,-0.18332,0.63380,-1.43664,-0.19107,0.69739,-1.64301,-0.18137
ok,0.00000,0.00000,0.00000,-0.19769,-0.23632,-0.01609,-0.31009,-0.58866,-0.03168,-0.39059,-0.86814,-0.06922,-0.42229,-1.11963,-0.10194,0.03181,-0.91241,0.06702,-0.07727,-1.18160,-0.06749,-0.20871,-1.25764,-0.19227,-0.30805,-1.23437,-0.25142,0.15132,-0.98849,0.01506,0.19506,-1.41883,-0.06960,0.12592,-1.69438,-0.13615,0.03836,-1.88339,-0.16556,0.27597,-0.97352,-0.06078,0.38326,-1.40113,-0.14017,0.34785,-1.69092,-0.17977,0.29846,-1.90907,-0.18720,0.36849,-0.89256,-0.14377,0.55602,-1.20114,-0.19622,0.64694,-1.44627,-0.20833,0.71485,-1.65688,-0.20212
ok,0.00000,0.00000,0.00000,-0.19664,-0.24143,-0.01826,-0.30937,-0.60425,-0.03278,-0.39139,-0.89357,-0.06919,-0.41588,-1.15266,-0.10141,0.03344,-0.91163,0.06880,-0.07758,-1.18317,-0.06323,-0.20759,-1.26200,-0.18645,-0.30484,-1.24792,-0.24743,0.15765,-0.98749,0.01416,0.20070,-1.42584,-0.07147,0.14070,-1.70706,-0.14379,0.06237,-1.90137,-0.17947,0.28505,-0.97233,-0.06493,0.38561,-1.40556,-0.14938,0.36109,-1.70312,-0.20188,0.32184,-1.92731,-0.22036,0.38242,-0.88913,-0.15067,0.58240,-1.19033,-0.21167,0.68463,-1.43523,-0.23527,0.75868,-1.64585,-0.23953
ok,0.00000,0.00000,0.00000,-0.19314,-0.23336,-0.02195,-0.30754,-0.60323,-0.03326,-0.37889,-0.90941,-0.06436,-0.40192,-1.17778,-0.09081,0.04322,-0.91301,0.06515,-0.06086,-1.19969,-0.06104,-0.19557,-1.27739,-0.18106,-0.29856,-1.25792,-0.24112,0.17089,-0.98529,0.01659,0.21616,-1.41931,-0.06072,0.15585,-1.70077,-0.13232,0.07580,-1.89226,-0.17041,0.30181,-0.96623,-0.05601,0.41043,-1.38917,-0.13383,0.39161,-1.68708,-0.18904,0.35638,-1.91044,-0.21228,0.40373,-0.87801,-0.13526,0.61160,-1.16421,-0.19400,0.71750,-1.40740,-0.22135,0.79495,-1.61921,-0.22978
ok,0.00000,0.00000,0.00000,-0.18841,-0.24657,-0.01976,-0.29083,-0.61888,-0.02791,-0.35203,-0.92832,-0.05830,-0.35990,-1.19508,-0.08409,0.05804,-0.90790,0.07949,-0.03334,-1.20680,-0.04169,-0.15804,-1.29429,-0.15506,-0.25404,-1.27741,-0.21038,0.18856,-0.98206,0.02996,0.23514,-1.41015,-0.03948,0.18270,-1.69547,-0.10461,0.10955,-1.89421,-0.13911,0.32209,-0.96347,-0.04509,0.43511,-1.37980,-0.11913,0.42634,-1.67901,-0.17126,0.39640,-1.90229,-0.19335,0.42587,-0.87660,-0.12739,0.64264,-1.14371,-0.18870,0.76011,-1.38187,-0.21946,0.84522,-1.58804,-0.23018
ok,0.00000,0.00000,0.00000,-0.18897,-0.26094,-0.02551,-0.27876,-0.64414,-0.03334,-0.32647,-0.96616,-0.06340,-0.31595,-1.23355,-0.08969,0.07811,-0.90375,0.09032,0.00350,-1.20062,-0.02996,-0.11350,-1.31231,-0.14420,-0.20638,-1.31665,-0.20037,0.21227,-0.97721,0.04462,0.26584,-1.40245,-0.01951,0.22277,-1.68959,-0.08231,0.16088,-1.89550,-0.11637,0.34951,-0.95684,-0.02856,0.46886,-1.36266,-0.10171,0.46703,-1.66162,-0.15211,0.44267,-1.88833,-0.17263,0.45646,-0.86892,-0.11005,0.67601,-1.13448,-0.17085,0.79605,-1.36761,-0.19970,0.88242,-1.56689,-0.20908
ok,0.00000,0.00000,0.00000,-0.18936,-0.27193,-0.02164,-0.26897,-0.66453,-0.02448,-0.30296,-1.00398,-0.05164,-0.26246,-1.27479,-0.07368,0.11837,-0.89552,0.11434,0.05221,-1.21528,0.00097,-0.06277,-1.33776,-0.10724,-0.15191,-1.33025,-0.15738,0.25812,-0.96611,0.07119,0.32982,-1.40946,0.02065,0.29123,-1.70965,-0.03169,0.23136,-1.92143,-0.05830,0.40148,-0.94148,-0.00162,0.53709,-1.35760,-0.06316,0.53669,-1.66809,-0.10513,0.51131,-1.89978,-0.11985,0.51305,-0.85012,-0.08339,0.74688,-1.11200,-0.13544,0.87125,-1.35174,-0.16001,0.95746,-1.55484,-0.16571
ok,0.00000,0.00000,0.00000,-0.18572,-0.28123,-0.02906,-0.24237,-0.68693,-0.03464,-0.25422,-1.02674,-0.06488,-0.19461,-1.29619,-0.08987,0.15090,-0.89361,0.12063,0.10697,-1.20951,0.00950,0.00125,-1.33431,-0.09694,-0.09402,-1.33280,-0.14574,0.30231,-0.95321,0.07773,0.39970,-1.37450,0.02278,0.36754,-1.67056,-0.03204,0.30766,-1.87843,-0.05714,0.44989,-0.91942,0.00387,0.60486,-1.31553,-0.06070,0.61126,-1.63357,-0.10347,0.58867,-1.87309,-0.11669,0.56099,-0.82269,-0.07995,0.79879,-1.08057,-0.13104,0.92619,-1.31589,-0.15200,1.01383,-1.51451,-0.15427
ok,0.00000,0.00000,0.00000,-0.19196,-0.28810,-0.02595,-0.25565,-0.68769,-0.03605,-0.27070,-1.02946,-0.07187,-0.21094,-1.30726,-0.10114,0.15356,-0.89521,0.11946,0.11054,-1.21907,0.00427,-0.00282,-1.34848,-0.10552,-0.10619,-1.34823,-0.15349,0.30304,-0.95298,0.07655,0.41340,-1.37973,0.02671,0.37946,-1.68006,-0.02186,0.32326,-1.89620,-0.04239,0.45152,-0.91851,0.00245,0.61873,-1.32911,-0.05320,0.61987,-1.64617,-0.08712,0.60032,-1.88135,-0.09441,0.56107,-0.82477,-0.08199,0.80146,-1.09607,-0.12382,0.92812,-1.33390,-0.13717,1.01989,-1.53433,-0.13316
ok,0.00000,0.00000,0.00000,-0.18887,-0.29304,-0.02481,-0.26045,-0.67591,-0.03984,-0.28534,-1.00707,-0.08112,-0.23242,-1.29145,-0.11540,0.15133,-0.89541,0.12021,0.09872,-1.21309,0.00338,-0.02436,-1.33818,-0.10856,-0.13119,-1.33855,-0.15826,0.29636,-0.95508,0.07555,0.40140,-1.38555,0.02340,0.35805,-1.68345,-0.02411,0.29894,-1.90141,-0.04397,0.43887,-0.92469,-0.00045,0.60031,-1.34152,-0.05482,0.59738,-1.65433,-0.08495,0.58056,-1.88615,-0.09023,0.54301,-0.83585,-0.08737,0.77483,-1.11522,-0.12563,0.89404,-1.35472,-0.13636,0.98233,-1.55619,-0.13141
ok,0.00000,0.00000,0.00000,-0.18665,-0.28705,-0.03042,-0.26670,-0.66052,-0.05763,-0.31630,-0.97637,-0.10930,-0.27578,-1.25121,-0.15420,0.14231,-0.89572,0.08642,0.06679,-1.20009,-0.04132,-0.06489,-1.31365,-0.15727,-0.16908,-1.30757,-0.20914,0.27589,-0.96119,0.03845,0.36891,-1.39693,-0.02844,0.31374,-1.69510,-0.07670,0.24840,-1.90923,-0.09450,0.40587,-0.93167,-0.03948,0.56049,-1.35272,-0.10658,0.54994,-1.66308,-0.13693,0.53217,-1.89085,-0.13985,0.49197,-0.84300,-0.12786,0.72730,-1.13194,-0.17509,0.84785,-1.37585,-0.18662,0.94147,-1.57963,-0.18120
ok,0.00000,0.00000,0.00000,-0.19123,-0.26100,-0.03342,-0.28326,-0.62333,-0.06086,-0.34727,-0.92702,-0.11093,-0.31641,-1.19681,-0.15353,0.11017,-0.90163,0.07947,0.02781,-1.19569,-0.05378,-0.10081,-1.28874,-0.17621,-0.19966,-1.26091,-0.23192,0.23861,-0.97111,0.03391,0.32286,-1.39704,-0.03881,0.25562,-1.68339,-0.09281,0.17377,-1.88042,-0.11378,0.36303,-0.94491,-0.04149,0.51167,-1.35409,-0.11057,0.48943,-1.65326,-0.14487,0.45835,-1.86827,-0.15043,0.44258,-0.85726,-0.12744,0.67394,-1.13762,-0.17749,0.78384,-1.37885,-0.19325,0.86457,-1.57974,-0.19100
ok,0.00000,0.00000,0.00000,-0.21216,-0.22435,-0.03304,-0.33300,-0.54744,-0.06652,-0.42735,-0.80262,-0.12126,-0.47742,-1.03830,-0.16844,-0.01409,-0.93437,0.04911,-0.14746,-1.21409,-0.08175,-0.30147,-1.21872,-0.18965,-0.39844,-1.12895,-0.23329,0.09970,-0.99502,0.00667,0.12765,-1.39593,-0.07384,0.03277,-1.65120,-0.11347,-0.07301,-1.82676,-0.11939,0.20639,-0.97652,-0.06272,0.28898,-1.38410,-0.12719,0.24255,-1.65765,-0.14069,0.19017,-1.85751,-0.12916,0.27341,-0.90626,-0.14283,0.40535,-1.22327,-0.18226,0.45700,-1.46708,-0.18345,0.49292,-1.68027,-0.16751
ok,0.00000,0.00000,0.00000,-0.22254,-0.20688,-0.01991,-0.35619,-0.52916,-0.04341,-0.46781,-0.76458,-0.08626,-0.55324,-0.97663,-0.12268,-0.05129,-0.92461,0.04936,-0.18999,-1.19066,-0.06564,-0.34689,-1.17526,-0.16373,-0.43925,-1.06224,-0.20418,0.05223,-0.99864,0.00504,0.05211,-1.39869,-0.06123,-0.05854,-1.64076,-0.09199,-0.16726,-1.81270,-0.09637,0.15548,-0.98863,-0.06325,0.20187,-1.40023,-0.11963,0.14292,-1.67876,-0.12607,0.08307,-1.89443,-0.11526,0.22560,-0.92270,-0.14026,0.33407,-1.24851,-0.18239,0.36519,-1.49687,-0.17961,0.37948,-1.71638,-0.16300
ok,0.00000,0.00000,0.00000,-0.23184,-0.21089,-0.00515,-0.37275,-0.50766,-0.02953,-0.49828,-0.71559,-0.07762,-0.59826,-0.91321,-0.12059,-0.08778,-0.93674,0.06263,-0.24867,-1.17711,-0.05640,-0.41428,-1.12999,-0.16105,-0.50402,-0.99666,-0.20565,0.00580,-0.99998,0.00988,-0.00469,-1.40050,-0.05944,-0.12930,-1.62776,-0.09314,-0.25223,-1.78015,-0.09788,0.09616,-0.98376,-0.06616,0.13101,-1.40420,-0.12102,0.05531,-1.67787,-0.12671,-0.02320,-1.88258,-0.11560,0.15176,-0.91286,-0.14991,0.24148,-1.22659,-0.19264,0.25034,-1.47389,-0.19088,0.23903,-1.69495,-0.17449
ok,0.00000,0.00000,0.00000,-0.24328,-0.19632,-0.00932,-0.39080,-0.48919,-0.03439,-0.52395,-0.69577,-0.08302,-0.63364,-0.89203,-0.12666,-0.11571,-0.93663,0.07262,-0.27586,-1.16608,-0.04929,-0.43817,-1.10576,-0.15749,-0.52527,-0.96844,-0.20436,-0.02727,-0.99963,0.01990,-0.05433,-1.39508,-0.04402,-0.18854,-1.61318,-0.07814,-0.31670,-1.76548,-0.08684,0.06260,-0.98356,-0.05894,0.08002,-1.40403,-0.11444,-0.00332,-1.67169,-0.12476,-0.08440,-1.87714,-0.11909,0.12191,-0.91344,-0.14618,0.19300,-1.23948,-0.19468,0.19413,-1.48650,-0.19949,0.17909,-1.71293,-0.18947
ok,0.00000,0.00000,0.00000,-0.24592,-0.19160,-0.00041,-0.39981,-0.47380,-0.02127,-0.53847,-0.66625,-0.06709,-0.64294,-0.86283,-0.10735,-0.14123,-0.93322,0.07734,-0.31078,-1.14534,-0.05206,-0.47481,-1.07635,-0.16485,-0.56327,-0.93561,-0.21248,-0.05470,-0.99850,0.02121,-0.09025,-1.39896,-0.04693,-0.22909,-1.61231,-0.07985,-0.36318,-1.75571,-0.08475,0.03576,-0.98848,-0.06084,0.03200,-1.41485,-0.12007,-0.06736,-1.67470,-0.12790,-0.16176,-1.86678,-0.11691,0.09683,-0.92331,-0.15051,0.15596,-1.25762,-0.20332,0.14436,-1.50780,-0.20842,0.11743,-1.73039,-0.19520
ok,0.00000,0.00000,0.00000,-0.25324,-0.18924,0.00747,-0.41129,-0.45282,-0.01132,-0.55589,-0.62996,-0.05577,-0.66099,-0.82476,-0.09566,-0.16493,-0.92669,0.07513,-0.35640,-1.11549,-0.05253,-0.51696,-1.03932,-0.16420,-0.59757,-0.89445,-0.21121,-0.07727,-0.99701,0.01569,-0.12513,-1.39612,-0.06028,-0.26919,-1.59926,-0.09893,-0.41209,-1.72642,-0.10518,0.01579,-0.99021,-0.06700,0.01189,-1.41536,-0.13200,-0.08688,-1.67038,-0.14369,-0.18562,-1.85727,-0.13338,0.07482,-0.92260,-0.15540,0.13668,-1.25155,-0.21202,0.12450,-1.50337,-0.21881,0.09542,-1.72769,-0.20535
ok,0.00000,0.00000,0.00000,-0.25507,-0.18116,0.00158,-0.41948,-0.44404,-0.01993,-0.56822,-0.61704,-0.06724,-0.67875,-0.80202,-0.11021,-0.18539,-0.91768,0.07517,-0.37870,-1.10729,-0.05207,-0.53320,-1.01897,-0.16207,-0.60703,-0.86626,-0.20764,-0.10038,-0.99495,0.01821,-0.16236,-1.38439,-0.05332,-0.30873,-1.57505,-0.08875,-0.44947,-1.69616,-0.09399,-0.00707,-0.99397,-0.06344,-0.02969,-1.41238,-0.12616,-0.13651,-1.65812,-0.13765,-0.23709,-1.83873,-0.12813,0.05671,-0.93192,-0.15173,0.10637,-1.26577,-0.20693,0.09146,-1.51346,-0.21410,0.06271,-1.73129,-0.20175
ok,0.00000,0.00000,0.00000,-0.25691,-0.18118,-0.00003,-0.42528,-0.43766,-0.02281,-0.57765,-0.60951,-0.07161,-0.69037,-0.79887,-0.11580,-0.19582,-0.91537,0.08134,-0.39114,-1.09604,-0.04734,-0.54624,-1.01068,-0.15905,-0.61768,-0.86161,-0.20488,-0.11197,-0.99371,0.02534,-0.17774,-1.38522,-0.04349,-0.32367,-1.57911,-0.07730,-0.46313,-1.70634,-0.08146,-0.01961,-0.99761,-0.05645,-0.04986,-1.42016,-0.11628,-0.15983,-1.66879,-0.12451,-0.26301,-1.85151,-0.11307,0.04280,-0.93995,-0.14560,0.08315,-1.27296,-0.19844,0.06653,-1.52186,-0.20301,0.03726,-1.74115,-0.18878
ok,0.00000,0.00000,0.00000,-0.25768,-0.16795,-0.00859,-0.43310,-0.42280,-0.03472,-0.58984,-0.59542,-0.08541,-0.70711,-0.77601,-0.13136,-0.21934,-0.90546,0.07567,-0.40802,-1.08946,-0.05717,-0.55857,-1.00840,-0.17245,-0.62732,-0.86310,-0.22117,-0.13817,-0.99041,0.02126,-0.20947,-1.37990,-0.05209,-0.35643,-1.57275,-0.09095,-0.49145,-1.69927,-0.09919,-0.04392,-0.99763,-0.06012,-0.06933,-1.41759,-0.12548,-0.17610,-1.66971,-0.14032,-0.27265,-1.85806,-0.13313,0.02515,-0.93886,-0.14945,0.06702,-1.27938,-0.20389,0.05292,-1.53119,-0.21063,0.02950,-1.75335,-0.19927
ok,0.00000,0.00000,0.00000,-0.26293,-0.16200,-0.00625,-0.44308,-0.40873,-0.03284,-0.60255,-0.57130,-0.08379,-0.72547,-0.74210,-0.13090,-0.23934,-0.90300,0.06806,-0.43959,-1.07822,-0.06234,-0.59071,-0.98451,-0.17565,-0.65695,-0.83241,-0.22408,-0.16095,-0.98696,0.01233,-0.24417,-1.37671,-0.06041,-0.39512,-1.56027,-0.09996,-0.53505,-1.67937,-0.10951,-0.06569,-0.99450,-0.06886,-0.10405,-1.41657,-0.13404,-0.21487,-1.66409,-0.15115,-0.31615,-1.85065,-0.14687,0.00784,-0.93752,-0.15723,0.04241,-1.28248,-0.21374,0.02470,-1.53429,-0.22251,-0.00404,-1.75732,-0.21315
ok,0.00000,0.00000,0.00000,-0.26939,-0.14946,-0.00090,-0.45718,-0.39034,-0.02581,-0.62138,-0.54752,-0.07558,-0.75085,-0.71483,-0.12113,-0.26527,-0.89706,0.06861,-0.47729,-1.05877,-0.06364,-0.62885,-0.95968,-0.17807,-0.69232,-0.80649,-0.22714,-0.18573,-0.98260,0.00948,-0.27983,-1.37181,-0.06526,-0.43690,-1.55314,-0.10500,-0.58142,-1.66864,-0.11396,-0.09075,-0.99194,-0.07451,-0.13496,-1.41799,-0.14155,-0.24990,-1.66394,-0.15807,-0.35382,-1.84828,-0.15291,-0.01830,-0.93593,-0.16497,0.01153,-1.27803,-0.22496,-0.01345,-1.52888,-0.23457,-0.04877,-1.75160,-0.22484
ok,0.00000,0.00000,0.00000,-0.26552,-0.13935,-0.01130,-0.45870,-0.37909,-0.04280,-0.62352,-0.53627,-0.09733,-0.75898,-0.69353,-0.14774,-0.28384,-0.88819,0.05394,-0.49623,-1.05887,-0.08055,-0.64335,-0.95264,-0.19515,-0.69904,-0.79370,-0.24513,-0.20557,-0.97864,-0.00241,-0.30846,-1.37102,-0.08331,-0.47082,-1.54532,-0.12829,-0.61435,-1.65760,-0.14099,-0.10791,-0.98967,-0.08350,-0.15945,-1.42102,-0.15567,-0.27766,-1.66665,-0.17734,-0.38155,-1.85317,-0.17574,-0.02840,-0.92899,-0.17139,-0.00532,-1.27959,-0.23035,-0.03569,-1.53347,-0.23937,-0.07337,-1.75824,-0.23060
ok,0.00000,0.00000,0.00000,-0.26285,-0.13743,-0.00471,-0.45169,-0.36666,-0.03854,-0.61830,-0.50651,-0.09649,-0.75318,-0.65768,-0.15281,-0.28826,-0.89236,0.04361,-0.50763,-1.05070,-0.09900,-0.65856,-0.93642,-0.22191,-0.72209,-0.76847,-0.27814,-0.21577,-0.97644,-0.01713,-0.32543,-1.36750,-0.10840,-0.49908,-1.51918,-0.16154,-0.65953,-1.60531,-0.17846,-0.11904,-0.98039,-0.10029,-0.17794,-1.41144,-0.17741,-0.30029,-1.64278,-0.20221,-0.41536,-1.81645,-0.20242,-0.03790,-0.90883,-0.18925,-0.02605,-1.25557,-0.25321,-0.07317,-1.50083,-0.26436,-0.13140,-1.71750,-0.25606
ok,0.00000,0.00000,0.00000,-0.26163,-0.12356,-0.00311,-0.46113,-0.34751,-0.03146,-0.62948,-0.48456,-0.08416,-0.76932,-0.62532,-0.13366,-0.31389,-0.87883,0.05310,-0.53809,-1.01907,-0.08589,-0.68159,-0.89795,-0.20784,-0.73694,-0.73103,-0.26409,-0.24578,-0.96933,-0.00476,-0.37400,-1.34948,-0.08699,-0.54545,-1.50192,-0.13634,-0.69888,-1.58927,-0.15262,-0.15086,-0.97997,-0.08512,-0.23418,-1.39791,-0.15200,-0.36231,-1.62041,-0.17085,-0.48250,-1.78643,-0.16902,-0.06809,-0.91621,-0.17230,-0.07277,-1.24112,-0.22698,-0.13907,-1.47089,-0.23369,-0.21973,-1.67083,-0.22313
ok,0.00000,0.00000,0.00000,-0.26984,-0.11989,-0.01019,-0.47839,-0.33486,-0.04768,-0.65690,-0.46394,-0.11005,-0.80607,-0.59678,-0.16965,-0.34654,-0.87551,0.04579,-0.57631,-1.02789,-0.09982,-0.70864,-0.89300,-0.22780,-0.75110,-0.71405,-0.28734,-0.27886,-0.96033,-0.01181,-0.42156,-1.34017,-0.09955,-0.59878,-1.48557,-0.15587,-0.75484,-1.56905,-0.17724,-0.18139,-0.96762,-0.09285,-0.27992,-1.39163,-0.16223,-0.41478,-1.61101,-0.18593,-0.53881,-1.77591,-0.18738,-0.09368,-0.90016,-0.18126,-0.11200,-1.23493,-0.23244,-0.18537,-1.46192,-0.23700,-0.26957,-1.65849,-0.22570
ok,0.00000,0.00000,0.00000,-0.26886,-0.11003,-0.01917,-0.48120,-0.31275,-0.06186,-0.65866,-0.42929,-0.12836,-0.80323,-0.56336,-0.19208,-0.37498,-0.86757,0.03697,-0.60380,-1.03896,-0.10752,-0.73496,-0.88996,-0.23426,-0.77777,-0.69846,-0.29440,-0.30913,-0.95102,-0.01823,-0.46253,-1.32933,-0.11292,-0.65234,-1.45430,-0.17536,-0.81914,-1.52200,-0.20033,-0.21182,-0.95803,-0.09703,-0.32184,-1.37702,-0.17157,-0.46643,-1.58784,-0.20287,-0.59848,-1.74518,-0.20982,-0.11799,-0.88965,-0.18347,-0.14497,-1.22690,-0.23843,-0.22442,-1.45353,-0.24781,-0.31375,-1.64921,-0.24113
ok,0.00000,0.00000,0.00000,-0.27861,-0.10972,-0.01156,-0.49569,-0.30535,-0.04925,-0.67554,-0.40991,-0.11133,-0.81748,-0.54496,-0.17180,-0.40208,-0.85932,0.03940,-0.64052,-1.01753,-0.10306,-0.76859,-0.86820,-0.22870,-0.80589,-0.67830,-0.28922,-0.33529,-0.94211,-0.01927,-0.49771,-1.31592,-0.11335,-0.68927,-1.43961,-0.17766,-0.85761,-1.50662,-0.20580,-0.23750,-0.94616,-0.10058,-0.35442,-1.36449,-0.17752,-0.50757,-1.56979,-0.21536,-0.64700,-1.72335,-0.22839,-0.14215,-0.87036,-0.18804,-0.16707,-1.20329,-0.24965,-0.25183,-1.42686,-0.26659,-0.34651,-1.61975,-0.26604
ok,0.00000,0.00000,0.00000,-0.28399,-0.10583,-0.01096,-0.50458,-0.29679,-0.05034,-0.68485,-0.39579,-0.11313,-0.83048,-0.53076,-0.17488,-0.41487,-0.85473,0.03857,-0.65081,-1.00722,-0.10813,-0.78069,-0.86261,-0.24037,-0.82581,-0.68056,-0.30626,-0.34768,-0.93761,-0.02272,-0.51597,-1.31304,-0.12287,-0.71365,-1.42783,-0.19397,-0.88867,-1.48668,-0.22753,-0.24791,-0.94285,-0.10660,-0.37132,-1.36772,-0.18793,-0.52512,-1.56900,-0.22972,-0.66525,-1.72417,-0.24653,-0.14723,-0.86932,-0.19610,-0.18031,-1.20768,-0.25950,-0.26063,-1.43164,-0.27664,-0.35011,-1.63109,-0.27778
ok,0.00000,0.00000,0.00000,-0.28700,-0.09950,-0.01366,-0.51326,-0.28452,-0.05394,-0.69757,-0.38256,-0.11704,-0.84945,-0.51361,-0.17904,-0.43491,-0.84487,0.03505,-0.67626,-0.99226,-0.10997,-0.80220,-0.83838,-0.23964,-0.83978,-0.65251,-0.30458,-0.36829,-0.92971,-0.02542,-0.55158,-1.30060,-0.12690,-0.75295,-1.40776,-0.19838,-0.92784,-1.46122,-0.23238,-0.26725,-0.93537,-0.10836,-0.40464,-1.35813,-0.19260,-0.56520,-1.55320,-0.23665,-0.70925,-1.70193,-0.25494,-0.16418,-0.86100,-0.19673,-0.20486,-1.19970,-0.26343,-0.29068,-1.42332,-0.28356,-0.38429,-1.62173,-0.28697
ok,0.00000,0.00000,0.00000,-0.28961,-0.10108,-0.01607,-0.51901,-0.28141,-0.05855,-0.70974,-0.37078,-0.12344,-0.86862,-0.50320,-0.18672,-0.44786,-0.83997,0.03017,-0.69663,-0.98719,-0.11499,-0.81810,-0.81808,-0.24338,-0.84973,-0.62922,-0.30851,-0.38311,-0.92370,-0.03065,-0.58145,-1.29518,-0.13301,-0.78592,-1.39521,-0.20386,-0.96130,-1.44596,-0.23853,-0.28306,-0.92730,-0.11413,-0.43272,-1.35222,-0.19764,-0.59702,-1.54362,-0.24041,-0.74420,-1.69394,-0.25969,-0.17746,-0.85138,-0.20348,-0.22911,-1.18509,-0.26962,-0.32086,-1.40454,-0.28969,-0.42011,-1.59977,-0.29462
ok,0.00000,0.00000,0.00000,-0.28875,-0.09717,-0.01711,-0.52403,-0.27146,-0.06043,-0.71083,-0.36120,-0.12530,-0.86961,-0.48448,-0.18947,-0.46802,-0.82885,0.02449,-0.72133,-0.95501,-0.11673,-0.83635,-0.78029,-0.24504,-0.85949,-0.59649,-0.31293,-0.40148,-0.91587,-0.03553,-0.61077,-1.26917,-0.13446,-0.80755,-1.36719,-0.20977,-0.97192,-1.42426,-0.25175,-0.29661,-0.92119,-0.11673,-0.45730,-1.32772,-0.19914,-0.61978,-1.51183,-0.24887,-0.76564,-1.66042,-0.27656,-0.18048,-0.84712,-0.20317,-0.23439,-1.17247,-0.26837,-0.32583,-1.38581,-0.29177,-0.42649,-1.57420,-0.30206
ok,0.00000,0.00000,0.00000,-0.28578,-0.11036,-0.01732,-0.51478,-0.29685,-0.05553,-0.69929,-0.39317,-0.11480,-0.84337,-0.52757,-0.17409,-0.44381,-0.83525,0.02934,-0.68711,-0.96495,-0.11337,-0.80334,-0.81182,-0.24250,-0.83333,-0.64478,-0.30964,-0.37712,-0.92616,-0.02752,-0.57483,-1.27171,-0.12103,-0.76341,-1.38810,-0.19536,-0.92406,-1.45968,-0.23902,-0.27022,-0.94023,-0.10609,-0.42799,-1.33693,-0.18627,-0.58484,-1.51753,-0.23501,-0.72676,-1.66055,-0.26229,-0.15197,-0.87626,-0.19020,-0.20751,-1.20773,-0.25668,-0.29103,-1.42759,-0.28117,-0.37968,-1.62115,-0.29170
ok,0.00000,0.00000,0.00000,-0.27741,-0.12386,-0.02012,-0.49842,-0.31801,-0.06219,-0.67783,-0.43016,-0.12527,-0.81498,-0.58324,-0.18979,-0.40227,-0.84989,0.02307,-0.63822,-1.00296,-0.12416,-0.76800,-0.86061,-0.26116,-0.81127,-0.68822,-0.33422,-0.33031,-0.94387,-0.03533,-0.50066,-1.30809,-0.13278,-0.69469,-1.43319,-0.21808,-0.86486,-1.50951,-0.27030,-0.22145,-0.95462,-0.11484,-0.34473,-1.37379,-0.19863,-0.49628,-1.57667,-0.25697,-0.63514,-1.73559,-0.29172,-0.10572,-0.88141,-0.19955,-0.13528,-1.22016,-0.27019,-0.20884,-1.45712,-0.29876,-0.28925,-1.66813,-0.31260
ok,0.00000,0.00000,0.00000,-0.26759,-0.13520,-0.02683,-0.47984,-0.34894,-0.07016,-0.65661,-0.48084,-0.13273,-0.79023,-0.64929,-0.19461,-0.35167,-0.87280,0.02643,-0.57164,-1.05037,-0.11651,-0.70809,-0.92290,-0.24667,-0.75551,-0.75665,-0.31464,-0.27771,-0.96066,-0.02753,-0.43300,-1.33744,-0.12178,-0.62461,-1.46833,-0.19882,-0.79054,-1.55140,-0.24300,-0.17069,-0.96739,-0.10438,-0.27499,-1.39574,-0.18756,-0.42284,-1.61026,-0.24062,-0.55824,-1.78323,-0.27024,-0.06304,-0.89199,-0.18729,-0.07555,-1.23524,-0.25886,-0.13610,-1.47849,-0.28723,-0.20411,-1.69986,-0.30007
ok,0.00000,0.00000,0.00000,-0.25640,-0.15505,-0.02338,-0.45383,-0.39956,-0.05943,-0.61354,-0.55499,-0.11571,-0.73721,-0.73315,-0.17070,-0.28953,-0.89407,0.04004,-0.47901,-1.10681,-0.09758,-0.62105,-1.00737,-0.22305,-0.68335,-0.85312,-0.28664,-0.20416,-0.97894,-0.01564,-0.31380,-1.38015,-0.10731,-0.49606,-1.52874,-0.18004,-0.65815,-1.61225,-0.21898,-0.09689,-0.98089,-0.09494,-0.16223,-1.42284,-0.17179,-0.30204,-1.65083,-0.21939,-0.43135,-1.82686,-0.24445,0.00361,-0.90563,-0.18112,0.01966,-1.25472,-0.24655,-0.02495,-1.50223,-0.27224,-0.07627,-1.72355,-0.28283
ok,0.00000,0.00000,0.00000,-0.25184,-0.15924,-0.02153,-0.43879,-0.41057,-0.05792,-0.59794,-0.57031,-0.11568,-0.71939,-0.75141,-0.17212,-0.25720,-0.90183,0.04019,-0.44622,-1.09702,-0.10125,-0.59410,-1.01099,-0.22460,-0.66773,-0.86348,-0.28249,-0.17406,-0.98473,-0.01474,-0.26417,-1.38704,-0.11525,-0.44486,-1.54159,-0.18052,-0.61322,-1.62397,-0.20480,-0.07132,-0.98556,-0.09320,-0.12843,-1.42671,-0.18130,-0.27476,-1.64756,-0.22007,-0.40889,-1.80804,-0.22805,0.01765,-0.91089,-0.17817,0.03906,-1.26589,-0.25193,-0.00287,-1.52149,-0.27556,-0.05106,-1.74492,-0.27617
ok,0.00000,0.00000,0.00000,-0.25686,-0.17094,-0.01087,-0.43623,-0.43597,-0.04059,-0.59150,-0.60504,-0.09365,-0.71964,-0.77874,-0.14525,-0.24397,-0.90987,0.05577,-0.43012,-1.10865,-0.07931,-0.57924,-1.03024,-0.19688,-0.65264,-0.88790,-0.25047,-0.15847,-0.98736,-0.00301,-0.24453,-1.39224,-0.09813,-0.42166,-1.55574,-0.15828,-0.58514,-1.64701,-0.17841,-0.05838,-0.98353,-0.08484,-0.10720,-1.42675,-0.16941,-0.25065,-1.65275,-0.20336,-0.38114,-1.81747,-0.20719,0.02224,-0.90742,-0.17251,0.05125,-1.26180,-0.24319,0.01313,-1.51925,-0.26434,-0.03138,-1.74354,-0.26257
ok,0.00000,0.00000,0.00000,-0.25001,-0.16702,-0.00780,-0.42606,-0.43701,-0.03756,-0.57454,-0.60409,-0.08981,-0.70287,-0.76292,-0.14236,-0.22103,-0.91993,0.04327,-0.40885,-1.10780,-0.09573,-0.56240,-1.01440,-0.22105,-0.64954,-0.86872,-0.28277,-0.14074,-0.99005,-0.01905,-0.22216,-1.40052,-0.12229,-0.40078,-1.55258,-0.19339,-0.57003,-1.63604,-0.22233,-0.04411,-0.97957,-0.10218,-0.09246,-1.42590,-0.18900,-0.22827,-1.65440,-0.23242,-0.35352,-1.82650,-0.24593,0.03655,-0.89760,-0.19038,0.06474,-1.24098,-0.25933,0.02744,-1.49098,-0.28246,-0.02246,-1.71307,-0.28584
ok,0.00000,0.00000,0.00000,-0.25870,-0.15984,-0.01127,-0.44358,-0.42022,-0.04490,-0.59679,-0.58483,-0.10215,-0.72894,-0.73879,-0.15689,-0.25131,-0.91838,0.04226,-0.43526,-1.11384,-0.10291,-0.57931,-1.02493,-0.22702,-0.66204,-0.87324,-0.28413,-0.17435,-0.98468,-0.01776,-0.26287,-1.39325,-0.12262,-0.43438,-1.54017,-0.18453,-0.59781,-1.61075,-0.20329,-0.07803,-0.97364,-0.10064,-0.14663,-1.41844,-0.18822,-0.29303,-1.62676,-0.22150,-0.42803,-1.76950,-0.22373,0.00252,-0.89289,-0.18979,0.02297,-1.23332,-0.25725,-0.02302,-1.47875,-0.27796,-0.08175,-1.69240,-0.27630
ok,0.00000,0.00000,0.00000,-0.26342,-0.16728,-0.00979,-0.44963,-0.42931,-0.04050,-0.61043,-0.59492,-0.09533,-0.75224,-0.74930,-0.14672,-0.25701,-0.91667,0.05933,-0.43691,-1.12882,-0.07868,-0.59025,-1.05221,-0.20023,-0.67824,-0.90818,-0.25624,-0.17819,-0.98400,0.00183,-0.27814,-1.38454,-0.09196,-0.46027,-1.53697,-0.15123,-0.62887,-1.61833,-0.17094,-0.08305,-0.98076,-0.07939,-0.15121,-1.41737,-0.15722,-0.30292,-1.62607,-0.18545,-0.44268,-1.77245,-0.18634,-0.00398,-0.90977,-0.16755,0.01589,-1.24935,-0.22807,-0.03710,-1.49363,-0.24442,-0.10095,-1.70705,-0.24083
ok,0.00000,0.00000,0.00000,-0.24821,-0.16392,-0.01431,-0.44622,-0.42263,-0.05188,-0.61413,-0.58574,-0.11070,-0.75999,-0.73351,-0.16447,-0.28621,-0.92129,0.03214,-0.44738,-1.19944,-0.09593,-0.60707,-1.15900,-0.20545,-0.71104,-1.03185,-0.25725,-0.21219,-0.97723,-0.02113,-0.32618,-1.36752,-0.09790,-0.49333,-1.52526,-0.14842,-0.64249,-1.61847,-0.17234,-0.12256,-0.96450,-0.09553,-0.21516,-1.39004,-0.15872,-0.35531,-1.60829,-0.18000,-0.48072,-1.76295,-0.18598,-0.03659,-0.88641,-0.17718,-0.04907,-1.22130,-0.22890,-0.11380,-1.45312,-0.23935,-0.18455,-1.64021,-0.23708
ok,0.00000,0.00000,0.00000,-0.23237,-0.15989,-0.00139,-0.41962,-0.41569,-0.02975,-0.57183,-0.58158,-0.07998,-0.70921,-0.73391,-0.12865,-0.26626,-0.92872,0.04694,-0.39704,-1.21540,-0.05783,-0.54380,-1.22595,-0.15420,-0.65802,-1.14880,-0.20401,-0.19088,-0.98161,-0.01228,-0.30593,-1.37011,-0.07519,-0.46619,-1.52739,-0.12553,-0.61410,-1.60814,-0.15503,-0.09715,-0.96314,-0.09007,-0.19681,-1.38352,-0.14654,-0.34349,-1.57989,-0.17444,-0.48123,-1.71171,-0.19063,-0.00323,-0.88289,-0.17341,-0.01650,-1.21064,-0.22587,-0.08063,-1.43448,-0.24576,-0.15564,-1.62175,-0.25520
ok,0.00000,0.00000,0.00000,-0.22641,-0.15359,-0.00786,-0.41755,-0.44288,-0.02821,-0.56923,-0.63076,-0.06641,-0.70980,-0.77537,-0.10220,-0.25775,-0.93128,0.04066,-0.38884,-1.23404,-0.05410,-0.53560,-1.30304,-0.13790,-0.66245,-1.28959,-0.18294,-0.17778,-0.98407,-0.01380,-0.28251,-1.39096,-0.07987,-0.43112,-1.56366,-0.12868,-0.57078,-1.65334,-0.15514,-0.08676,-0.96519,-0.08538,-0.19044,-1.37490,-0.14937,-0.33449,-1.56272,-0.17461,-0.46516,-1.68606,-0.18498,0.00065,-0.88752,-0.16246,-0.02585,-1.21663,-0.21644,-0.09007,-1.42937,-0.23214,-0.16328,-1.60793,-0.23739
ok,0.00000,0.00000,0.00000,-0.23175,-0.17669,0.01679,-0.42587,-0.48995,0.01281,-0.58796,-0.68237,-0.01519,-0.72452,-0.85723,-0.04173,-0.23873,-0.94584,0.09649,-0.35350,-1.26207,0.02399,-0.48693,-1.37824,-0.05411,-0.61527,-1.40849,-0.10363,-0.15260,-0.98829,0.02760,-0.24262,-1.39151,-0.02851,-0.39280,-1.58150,-0.08669,-0.54613,-1.66898,-0.12511,-0.06761,-0.95560,-0.05773,-0.14417,-1.36179,-0.11051,-0.28741,-1.54703,-0.14313,-0.42968,-1.64717,-0.16392,0.00537,-0.86177,-0.14707,-0.04442,-1.15269,-0.19176,-0.13498,-1.32125,-0.20645,-0.23760,-1.43987,-0.21524
ok,0.00000,0.00000,0.00000,-0.22682,-0.20533,-0.01120,-0.42307,-0.55249,-0.03409,-0.58829,-0.76366,-0.07741,-0.73098,-0.94620,-0.11884,-0.21867,-0.97225,0.05257,-0.32068,-1.30040,-0.04899,-0.45653,-1.42357,-0.15020,-0.59550,-1.46023,-0.21505,-0.12569,-0.99207,-0.00950,-0.20950,-1.38714,-0.10321,-0.35746,-1.56726,-0.19036,-0.51325,-1.65274,-0.24518,-0.03085,-0.93701,-0.08853,-0.09333,-1.32510,-0.17067,-0.22686,-1.51136,-0.22450,-0.36845,-1.62162,-0.25558,0.05478,-0.82510,-0.17257,0.00291,-1.11556,-0.23867,-0.09611,-1.28756,-0.26741,-0.21129,-1.41110,-0.28409
ok,0.00000,0.00000,0.00000,-0.41704,-0.18692,0.04819,-0.62237,-0.51396,0.17875,-0.74615,-0.70607,0.29964,-0.84748,-0.86973,0.43951,-0.38494,-0.99129,0.43686,-0.47745,-1.29419,0.61984,-0.58166,-1.40330,0.70700,-0.68800,-1.43417,0.77113,-0.25347,-0.96734,0.48170,-0.35343,-1.30328,0.71672,-0.48631,-1.40841,0.82097,-0.61214,-1.44734,0.89754,-0.14243,-0.88874,0.50331,-0.22812,-1.20737,0.69815,-0.35978,-1.31360,0.79736,-0.47682,-1.33737,0.86633,-0.04176,-0.77897,0.51518,-0.11671,-1.01322,0.66496,-0.21831,-1.11345,0.75098,-0.31271,-1.17101,0.82130
ok,-0.00000,0.00000,0.00000,0.30987,-0.27976,-0.14677,0.49107,-0.65292,-0.10720,0.63402,-0.88290,-0.02014,0.73413,-1.06321,0.09762,0.16162,-1.09388,0.10790,0.26407,-1.46489,0.24520,0.38641,-1.53873,0.34000,0.44864,-1.49742,0.42078,0.03747,-0.99930,0.27123,0.12885,-1.38647,0.47773,0.24493,-1.47198,0.59540,0.32625,-1.50801,0.67546,-0.02555,-0.89089,0.41389,0.05366,-1.21742,0.58671,0.16233,-1.31818,0.67851,0.23716,-1.32738,0.74065,-0.05081,-0.81716,0.54006,0.01805,-1.07158,0.66469,0.09325,-1.18520,0.73551,0.14684,-1.22547,0.79699
nike,0.00000,0.00000,0.00000,0.07680,-0.51687,-0.11543,0.26949,-1.09442,-0.21758,0.39821,-1.54712,-0.30891,0.38011,-1.97492,-0.40082,0.51063,-1.11390,-0.28872,0.66103,-1.55805,-0.46255,0.81743,-1.83866,-0.59336,0.95135,-2.06837,-0.70033,0.62691,-0.77909,-0.33297,0.62503,-0.76772,-0.52360,0.53867,-0.60505,-0.56042,0.48789,-0.52314,-0.58031,0.61226,-0.37596,-0.38192,0.54956,-0.34399,-0.52951,0.42724,-0.29305,-0.44860,0.34354,-0.28785,-0.38864,0.52660,-0.00688,-0.44437,0.47563,-0.01444,-0.55676,0.38460,0.00505,-0.50166,0.33065,-0.00695,-0.45122
nike,-0.00000,0.00000,0.00000,-0.17655,-0.47181,-0.02160,-0.42330,-1.06044,-0.14222,-0.54617,-1.55087,-0.26948,-0.51847,-1.99278,-0.40028,-0.30715,-1.20609,-0.35721,-0.66799,-1.64885,-0.56110,-0.92285,-1.95015,-0.68133,-1.12148,-2.19494,-0.76190,-0.25775,-0.96621,-0.45915,-0.91189,-1.00613,-0.66756,-0.98839,-0.79972,-0.68034,-0.92460,-0.70088,-0.67245,-0.23805,-0.59359,-0.54518,-0.89801,-0.63873,-0.69183,-0.83642,-0.47316,-0.56180,-0.64831,-0.43893,-0.46290,-0.25764,-0.20587,-0.63267,-0.78355,-0.28113,-0.69839,-0.70698,-0.18069,-0.57355,-0.51682,-0.17475,-0.48206
nike,-0.00000,0.00000,0.00000,-0.20598,-0.40429,-0.00014,-0.46747,-0.84846,-0.07838,-0.59653,-1.20982,-0.17170,-0.61852,-1.53621,-0.27113,-0.43217,-1.10310,-0.21941,-0.74484,-1.42343,-0.40081,-0.96846,-1.65287,-0.50106,-1.15009,-1.84298,-0.55749,-0.37397,-0.92744,-0.30649,-0.99621,-0.86591,-0.51330,-0.91511,-0.62450,-0.52409,-0.74183,-0.55340,-0.50036,-0.34236,-0.63186,-0.38711,-0.93727,-0.56245,-0.59527,-0.82345,-0.38301,-0.53050,-0.66622,-0.36953,-0.44824,-0.32798,-0.28924,-0.45964,-0.81805,-0.30362,-0.56787,-0.74059,-0.18671,-0.48347,-0.57008,-0.15142,-0.40325
nike,-0.00000,0.00000,0.00000,-0.12777,-0.44276,0.03078,-0.34333,-0.90550,-0.03133,-0.41628,-1.29932,-0.11354,-0.36969,-1.62663,-0.20272,-0.40418,-1.09271,-0.17519,-0.72381,-1.38129,-0.32029,-0.94302,-1.58258,-0.39840,-1.11207,-1.74822,-0.44551,-0.36800,-0.92983,-0.26866,-0.92301,-0.86980,-0.42940,-0.84990,-0.66048,-0.41813,-0.68799,-0.60111,-0.38955,-0.34534,-0.64531,-0.35379,-0.85869,-0.59338,-0.51376,-0.77975,-0.44409,-0.44370,-0.63872,-0.42843,-0.37179,-0.32438,-0.31799,-0.42966,-0.76883,-0.34034,-0.50336,-0.69360,-0.24514,-0.41884,-0.52879,-0.21877,-0.34953
nike,-0.00000,0.00000,0.00000,-0.11419,-0.41824,0.01022,-0.32832,-0.89004,-0.04730,-0.40393,-1.27716,-0.12142,-0.35990,-1.60574,-0.20139,-0.42793,-1.08264,-0.15620,-0.79490,-1.35696,-0.28124,-1.02439,-1.53279,-0.35254,-1.19989,-1.68660,-0.40007,-0.41784,-0.90852,-0.23298,-0.96397,-0.87491,-0.38211,-0.89243,-0.67447,-0.37836,-0.72352,-0.62299,-0.35942,-0.41823,-0.62979,-0.30364,-0.92602,-0.62382,-0.44330,-0.84682,-0.46470,-0.37339,-0.69740,-0.43983,-0.30745,-0.41730,-0.31591,-0.36914,-0.85055,-0.36923,-0.43367,-0.77682,-0.26011,-0.35712,-0.61458,-0.23258,-0.29543
nike,-0.00000,0.00000,0.00000,-0.09148,-0.42233,0.02308,-0.28989,-0.90455,-0.02465,-0.36969,-1.28341,-0.08994,-0.33659,-1.59797,-0.15988,-0.43960,-1.08069,-0.14185,-0.83151,-1.34967,-0.25456,-1.06723,-1.49442,-0.31539,-1.25294,-1.61170,-0.35575,-0.44714,-0.89446,-0.21929,-0.98506,-0.84925,-0.36126,-0.89743,-0.66025,-0.35252,-0.71850,-0.60942,-0.32957,-0.45615,-0.61453,-0.28904,-0.94230,-0.59556,-0.41040,-0.85870,-0.44863,-0.33525,-0.70502,-0.42680,-0.26943,-0.46152,-0.30549,-0.35389,-0.88372,-0.34516,-0.40296,-0.81149,-0.24523,-0.32321,-0.65512,-0.22553,-0.26114
nike,-0.00000,0.00000,0.00000,-0.08318,-0.43992,0.04686,-0.27328,-0.91806,0.00575,-0.35048,-1.28535,-0.05679,-0.31749,-1.58790,-0.12541,-0.46209,-1.06041,-0.13370,-0.87487,-1.33079,-0.23503,-1.11757,-1.47026,-0.28510,-1.30781,-1.57923,-0.31800,-0.48337,-0.87541,-0.21743,-1.02044,-0.82180,-0.34574,-0.92446,-0.64985,-0.32927,-0.73932,-0.61084,-0.30229,-0.50434,-0.59890,-0.28961,-0.97672,-0.56468,-0.39125,-0.88166,-0.42855,-0.31061,-0.72090,-0.41080,-0.24463,-0.51761,-0.29751,-0.35563,-0.91171,-0.31659,-0.38732,-0.83118,-0.22476,-0.30313,-0.67749,-0.21099,-0.23960
nike,-0.00000,0.00000,0.00000,-0.08635,-0.44450,0.05987,-0.27728,-0.91498,0.02420,-0.35279,-1.27021,-0.03585,-0.32119,-1.56024,-0.10375,-0.48570,-1.03761,-0.12002,-0.90078,-1.31406,-0.22599,-1.15889,-1.46275,-0.27971,-1.35605,-1.57964,-0.31215,-0.51197,-0.85901,-0.20573,-1.03761,-0.79941,-0.33339,-0.95753,-0.60960,-0.31841,-0.77335,-0.56900,-0.28967,-0.53582,-0.58590,-0.27857,-0.98972,-0.54789,-0.38335,-0.90634,-0.39422,-0.30603,-0.74446,-0.38107,-0.23828,-0.54915,-0.28936,-0.34290,-0.92691,-0.30490,-0.37528,-0.85120,-0.20274,-0.28743,-0.69796,-0.19630,-0.21890
nike,-0.00000,0.00000,0.00000,-0.07392,-0.42948,0.06053,-0.25699,-0.89125,0.02857,-0.33069,-1.23999,-0.02852,-0.29185,-1.52244,-0.09402,-0.49366,-1.01617,-0.09938,-0.89856,-1.28236,-0.19779,-1.15003,-1.42739,-0.24988,-1.34487,-1.54720,-0.28355,-0.51499,-0.85720,-0.18421,-1.00285,-0.76253,-0.30289,-0.92228,-0.56767,-0.29495,-0.75180,-0.53937,-0.27497,-0.53704,-0.60233,-0.25729,-0.95137,-0.52097,-0.35220,-0.87213,-0.36516,-0.28372,-0.72484,-0.36646,-0.22680,-0.55020,-0.32347,-0.32260,-0.90002,-0.30542,-0.34852,-0.82405,-0.19334,-0.26605,-0.68299,-0.19119,-0.20418
nike,-0.00000,0.00000,0.00000,-0.07001,-0.42317,0.05467,-0.24437,-0.86997,0.01212,-0.31881,-1.21114,-0.05471,-0.27770,-1.49595,-0.12989,-0.49943,-1.01927,-0.12460,-0.91604,-1.28829,-0.23175,-1.17328,-1.43417,-0.28849,-1.37217,-1.55315,-0.32263,-0.51903,-0.85476,-0.20893,-1.00481,-0.75055,-0.33406,-0.91751,-0.55669,-0.32301,-0.74375,-0.51993,-0.29983,-0.53342,-0.59367,-0.28133,-0.96012,-0.52703,-0.39012,-0.88406,-0.37050,-0.32061,-0.73577,-0.35294,-0.25835,-0.53914,-0.30877,-0.34480,-0.91485,-0.31266,-0.38302,-0.85539,-0.19804,-0.29818,-0.71813,-0.17295,-0.23071
nike,-0.00000,0.00000,0.00000,-0.08580,-0.42927,0.05949,-0.26362,-0.87046,0.01248,-0.32003,-1.22331,-0.05817,-0.25481,-1.49819,-0.13963,-0.54177,-0.98130,-0.14365,-0.97554,-1.22122,-0.25187,-1.25016,-1.35715,-0.31450,-1.45654,-1.46335,-0.35338,-0.56872,-0.82253,-0.22552,-1.04813,-0.68523,-0.33143,-0.98158,-0.48624,-0.31196,-0.82224,-0.44894,-0.29072,-0.58959,-0.55349,-0.29291,-1.01521,-0.46567,-0.38110,-0.95356,-0.30868,-0.30336,-0.80934,-0.28667,-0.24114,-0.59741,-0.25503,-0.35150,-0.97960,-0.25120,-0.37638,-0.93153,-0.14687,-0.28500,-0.79996,-0.12448,-0.21385
nike,-0.00000,0.00000,0.00000,-0.07376,-0.43987,0.05868,-0.23508,-0.88703,0.01336,-0.28634,-1.24480,-0.05526,-0.24180,-1.51745,-0.13243,-0.54244,-0.96233,-0.13918,-0.97130,-1.18498,-0.24420,-1.24743,-1.31631,-0.30371,-1.45489,-1.41114,-0.33862,-0.58448,-0.81141,-0.21252,-1.02228,-0.65530,-0.30453,-0.94894,-0.46422,-0.27699,-0.79148,-0.42263,-0.25071,-0.61185,-0.54546,-0.27165,-0.99522,-0.45439,-0.34905,-0.92589,-0.30131,-0.27089,-0.78045,-0.26525,-0.20872,-0.63048,-0.25563,-0.32215,-0.98116,-0.24785,-0.34427,-0.93291,-0.14073,-0.25510,-0.81156,-0.10588,-0.18391
nike,-0.00000,0.00000,0.00000,-0.05985,-0.44769,0.05110,-0.21710,-0.88882,0.00547,-0.25810,-1.24860,-0.06425,-0.21138,-1.51842,-0.14436,-0.55810,-0.94624,-0.12077,-0.98372,-1.14640,-0.20965,-1.25754,-1.26434,-0.26223,-1.46464,-1.35268,-0.29686,-0.61828,-0.78596,-0.19113,-1.02500,-0.62660,-0.26633,-0.92637,-0.45882,-0.23889,-0.76078,-0.44120,-0.21788,-0.65557,-0.51198,-0.24869,-1.01263,-0.41935,-0.30723,-0.92147,-0.28698,-0.22806,-0.76890,-0.27490,-0.17348,-0.67277,-0.21643,-0.29979,-1.00571,-0.20054,-0.31034,-0.92514,-0.11031,-0.21978,-0.78163,-0.09706,-0.15238
nike,-0.00000,0.00000,0.00000,-0.04354,-0.46400,0.06041,-0.19414,-0.89932,0.02342,-0.22588,-1.25859,-0.03786,-0.17161,-1.51535,-0.11143,-0.55879,-0.93784,-0.10569,-0.98016,-1.12066,-0.18334,-1.25076,-1.23567,-0.23365,-1.45090,-1.32132,-0.26778,-0.64125,-0.76733,-0.17012,-0.98854,-0.62526,-0.21413,-0.88289,-0.48261,-0.17688,-0.72189,-0.46841,-0.15726,-0.68891,-0.48692,-0.22125,-0.99810,-0.42096,-0.25381,-0.90239,-0.30883,-0.17279,-0.75129,-0.29244,-0.12403,-0.70988,-0.19462,-0.26510,-1.01222,-0.19555,-0.25914,-0.92246,-0.12316,-0.16450,-0.77335,-0.10412,-0.09732
nike,-0.00000,0.00000,0.00000,-0.03748,-0.46856,0.06082,-0.18347,-0.90154,0.02550,-0.20468,-1.26381,-0.03529,-0.14482,-1.52043,-0.10858,-0.56867,-0.92795,-0.08450,-0.98269,-1.10983,-0.14750,-1.24710,-1.21851,-0.18981,-1.44386,-1.30132,-0.22237,-0.65590,-0.75485,-0.15168,-0.97461,-0.61784,-0.19033,-0.86373,-0.48049,-0.15849,-0.70751,-0.46662,-0.14453,-0.70492,-0.47646,-0.20615,-0.98921,-0.40620,-0.22759,-0.88838,-0.29893,-0.14783,-0.74278,-0.28865,-0.10485,-0.72527,-0.19038,-0.25486,-1.00444,-0.18075,-0.24277,-0.90827,-0.10790,-0.15011,-0.76523,-0.09120,-0.08710
nike,-0.00000,0.00000,0.00000,-0.02993,-0.47361,0.05660,-0.16804,-0.90971,0.01901,-0.17972,-1.27864,-0.04228,-0.11561,-1.53093,-0.11621,-0.57113,-0.93030,-0.08800,-0.98252,-1.10398,-0.14860,-1.24412,-1.21103,-0.18976,-1.43903,-1.29442,-0.22196,-0.66839,-0.74381,-0.15040,-0.96338,-0.62594,-0.18194,-0.84733,-0.50446,-0.14455,-0.69203,-0.48748,-0.12802,-0.71999,-0.46136,-0.20077,-0.98045,-0.40394,-0.21554,-0.87406,-0.30790,-0.13328,-0.72869,-0.29436,-0.08992,-0.74117,-0.17891,-0.24594,-1.00210,-0.17802,-0.23023,-0.90327,-0.11274,-0.13725,-0.76325,-0.09262,-0.07464
nike,-0.00000,0.00000,0.00000,-0.03097,-0.47640,0.05500,-0.16421,-0.91402,0.01062,-0.16563,-1.29335,-0.05683,-0.09530,-1.55825,-0.13685,-0.58172,-0.92330,-0.09518,-0.99336,-1.09425,-0.15615,-1.25557,-1.19796,-0.19744,-1.45150,-1.27678,-0.22957,-0.68393,-0.72955,-0.15518,-0.96675,-0.62125,-0.18047,-0.85000,-0.50871,-0.13812,-0.69887,-0.48722,-0.12062,-0.73323,-0.44277,-0.20308,-0.98184,-0.39439,-0.21347,-0.87704,-0.30615,-0.12998,-0.73330,-0.28962,-0.08775,-0.75101,-0.15828,-0.24534,-1.00382,-0.16596,-0.22641,-0.90680,-0.10582,-0.13157,-0.76798,-0.08330,-0.06860
nike,-0.00000,0.00000,0.00000,-0.02650,-0.47533,0.05122,-0.15690,-0.91598,0.00943,-0.15939,-1.29164,-0.05416,-0.08106,-1.54777,-0.13028,-0.59445,-0.91072,-0.08713,-0.99739,-1.07434,-0.13651,-1.25642,-1.16871,-0.17047,-1.44775,-1.23863,-0.19782,-0.69995,-0.71419,-0.14259,-0.96003,-0.59799,-0.15859,-0.84144,-0.49469,-0.11719,-0.69423,-0.47467,-0.10091,-0.74716,-0.43101,-0.18590,-0.97376,-0.37761,-0.19249,-0.86710,-0.29772,-0.11733,-0.72663,-0.28313,-0.08033,-0.76351,-0.15411,-0.22324,-1.00067,-0.15953,-0.20124,-0.90199,-0.10449,-0.10903,-0.76264,-0.08402,-0.04766
nike,-0.00000,0.00000,0.00000,-0.02737,-0.47604,0.05324,-0.15624,-0.91122,0.01196,-0.15763,-1.28233,-0.05185,-0.07339,-1.53041,-0.12843,-0.60089,-0.90324,-0.08074,-0.99720,-1.06835,-0.12566,-1.25176,-1.16761,-0.15825,-1.43933,-1.24244,-0.18551,-0.70629,-0.70792,-0.13787,-0.95897,-0.58561,-0.15012,-0.83826,-0.48059,-0.10989,-0.69151,-0.45985,-0.09457,-0.75239,-0.42591,-0.18239,-0.97346,-0.36987,-0.18405,-0.86641,-0.28825,-0.10895,-0.72714,-0.27292,-0.07278,-0.76803,-0.14796,-0.22120,-1.00430,-0.15287,-0.19471,-0.90577,-0.09630,-0.09952,-0.76716,-0.07476,-0.03643
nike,-0.00000,0.00000,0.00000,-0.02077,-0.48228,0.04184,-0.13757,-0.91848,-0.00627,-0.13160,-1.29188,-0.07506,-0.04688,-1.54150,-0.15523,-0.59052,-0.91130,-0.09195,-0.98852,-1.08299,-0.14168,-1.24153,-1.18588,-0.17540,-1.43024,-1.26297,-0.20268,-0.70236,-0.71182,-0.14486,-0.95479,-0.60886,-0.15986,-0.83468,-0.50609,-0.11878,-0.68977,-0.47730,-0.10166,-0.75323,-0.43100,-0.18640,-0.96909,-0.38995,-0.18900,-0.86366,-0.31101,-0.11350,-0.72519,-0.28933,-0.07594,-0.77340,-0.15311,-0.22352,-1.00287,-0.16736,-0.19589,-0.90593,-0.11477,-0.10044,-0.76825,-0.09108,-0.03648
nike,-0.00000,0.00000,0.00000,-0.01161,-0.50142,0.05018,-0.12584,-0.94015,0.00185,-0.11335,-1.31966,-0.06867,-0.02906,-1.56803,-0.15113,-0.58982,-0.92451,-0.08673,-0.99364,-1.09876,-0.14006,-1.24648,-1.20658,-0.17654,-1.43790,-1.28268,-0.20419,-0.69982,-0.71432,-0.13871,-0.96082,-0.65011,-0.14693,-0.83440,-0.55274,-0.09561,-0.68953,-0.51201,-0.07195,-0.74867,-0.43026,-0.17965,-0.97469,-0.42474,-0.17500,-0.86556,-0.35258,-0.09119,-0.72576,-0.32146,-0.04854,-0.76559,-0.15246,-0.21544,-1.00742,-0.18996,-0.18210,-0.90872,-0.14698,-0.08185,-0.76912,-0.12094,-0.01479
nike,-0.00000,0.00000,0.00000,-0.00157,-0.51579,0.05079,-0.10891,-0.95654,-0.00142,-0.08772,-1.33955,-0.07673,0.00048,-1.58710,-0.16450,-0.59045,-0.92696,-0.09147,-0.99843,-1.10468,-0.14955,-1.25397,-1.21256,-0.18930,-1.44881,-1.28156,-0.21768,-0.70198,-0.71220,-0.14249,-0.95223,-0.66066,-0.15054,-0.81620,-0.57954,-0.09554,-0.67130,-0.53725,-0.06998,-0.75105,-0.42725,-0.18284,-0.97155,-0.43028,-0.17847,-0.85403,-0.37060,-0.09214,-0.71319,-0.33463,-0.04724,-0.76945,-0.15320,-0.21807,-1.01144,-0.19233,-0.18452,-0.90790,-0.15740,-0.08234,-0.76585,-0.12614,-0.01288
nike,-0.00000,0.00000,0.00000,0.00830,-0.51928,0.04977,-0.09066,-0.96492,-0.00373,-0.06358,-1.35488,-0.08081,0.02523,-1.61061,-0.17104,-0.57683,-0.93590,-0.08790,-0.98410,-1.11161,-0.14414,-1.23835,-1.21791,-0.18310,-1.43417,-1.28667,-0.21156,-0.69163,-0.72225,-0.13989,-0.94193,-0.68504,-0.14903,-0.80057,-0.60069,-0.09749,-0.65505,-0.55296,-0.07381,-0.74528,-0.43704,-0.18113,-0.96973,-0.45536,-0.17734,-0.84597,-0.39254,-0.09113,-0.70461,-0.35028,-0.04566,-0.76758,-0.16008,-0.21728,-1.02315,-0.21502,-0.18552,-0.91527,-0.17952,-0.08253,-0.76932,-0.14274,-0.01177
nike,-0.00000,0.00000,0.00000,0.02011,-0.52689,0.06368,-0.06920,-0.96991,0.01198,-0.03992,-1.35590,-0.06431,0.05260,-1.61231,-0.15465,-0.57371,-0.94198,-0.08037,-0.98161,-1.11162,-0.12545,-1.23409,-1.21517,-0.16017,-1.42772,-1.28312,-0.18753,-0.68707,-0.72659,-0.13574,-0.93391,-0.67574,-0.12748,-0.78690,-0.59329,-0.07062,-0.64492,-0.55001,-0.04865,-0.73579,-0.43604,-0.17771,-0.96413,-0.45020,-0.15536,-0.83615,-0.38724,-0.06247,-0.69642,-0.34544,-0.01908,-0.75180,-0.15366,-0.21328,-1.00371,-0.21283,-0.16599,-0.89089,-0.17935,-0.05480,-0.74521,-0.14556,0.01789
nike,-0.00000,0.00000,0.00000,0.03976,-0.53314,0.05774,-0.03808,-0.97579,0.00109,-0.00354,-1.37037,-0.07936,0.09011,-1.63136,-0.17579,-0.55858,-0.95348,-0.09240,-0.96555,-1.12852,-0.14734,-1.22118,-1.23673,-0.18966,-1.41731,-1.30467,-0.22108,-0.68254,-0.73085,-0.14297,-0.90529,-0.69938,-0.13596,-0.75801,-0.61705,-0.07671,-0.61725,-0.56639,-0.05404,-0.73547,-0.43367,-0.18093,-0.95074,-0.46403,-0.16435,-0.82000,-0.39920,-0.06871,-0.67680,-0.34825,-0.02220,-0.75244,-0.14591,-0.21252,-0.99082,-0.21777,-0.17129,-0.87570,-0.18308,-0.05933,-0.73069,-0.14147,0.01549
nike,-0.00000,0.00000,0.00000,0.04897,-0.54301,0.06201,-0.02062,-0.98556,0.00621,0.01341,-1.37836,-0.07440,0.10704,-1.63998,-0.17124,-0.55751,-0.95669,-0.08128,-0.95954,-1.12510,-0.12945,-1.21112,-1.23018,-0.16825,-1.40308,-1.29709,-0.19775,-0.68511,-0.72844,-0.13188,-0.89898,-0.70937,-0.11528,-0.75204,-0.62955,-0.05183,-0.61206,-0.57512,-0.02725,-0.73726,-0.42876,-0.16987,-0.93955,-0.47045,-0.14736,-0.81235,-0.40227,-0.05157,-0.67179,-0.34630,-0.00576,-0.75367,-0.13821,-0.20103,-0.98479,-0.21689,-0.15770,-0.87120,-0.17711,-0.04590,-0.72841,-0.13001,0.02865
nike,-0.00000,0.00000,0.00000,0.05477,-0.54789,0.05067,-0.01384,-0.98397,-0.01008,0.02658,-1.37906,-0.09434,0.12012,-1.64221,-0.19478,-0.55413,-0.95930,-0.08223,-0.94735,-1.13310,-0.13244,-1.19459,-1.23969,-0.17408,-1.38451,-1.30526,-0.20564,-0.68457,-0.72895,-0.12813,-0.87707,-0.73803,-0.11293,-0.73200,-0.66789,-0.05266,-0.60238,-0.60663,-0.03042,-0.73696,-0.43152,-0.16284,-0.92839,-0.50272,-0.14240,-0.79849,-0.44367,-0.04607,-0.66247,-0.38100,0.00142,-0.75182,-0.14357,-0.19217,-0.97911,-0.24640,-0.14981,-0.86723,-0.21715,-0.03714,-0.72798,-0.16453,0.03931
nike,-0.00000,0.00000,0.00000,0.06038,-0.54659,0.03957,-0.00296,-0.98127,-0.02735,0.03726,-1.37548,-0.11668,0.13228,-1.64276,-0.22119,-0.55155,-0.96764,-0.07773,-0.94121,-1.13980,-0.12230,-1.18669,-1.24371,-0.16200,-1.37532,-1.30986,-0.19415,-0.68127,-0.73203,-0.12158,-0.87467,-0.75238,-0.10707,-0.73062,-0.68500,-0.05171,-0.60081,-0.62425,-0.03197,-0.73338,-0.43543,-0.15545,-0.92361,-0.51352,-0.13181,-0.79651,-0.45582,-0.03770,-0.65990,-0.39304,0.00761,-0.74830,-0.14849,-0.18590,-0.96805,-0.25471,-0.14266,-0.86044,-0.22418,-0.03328,-0.72503,-0.17173,0.04059
nike,-0.00000,0.00000,0.00000,0.06020,-0.54364,0.03648,-0.00114,-0.98152,-0.02803,0.04110,-1.36998,-0.11461,0.13700,-1.63820,-0.21578,-0.55346,-0.96737,-0.06750,-0.94203,-1.13658,-0.10048,-1.18342,-1.23710,-0.13340,-1.36666,-1.30527,-0.16380,-0.67930,-0.73386,-0.11274,-0.88333,-0.73843,-0.09707,-0.74309,-0.66666,-0.04779,-0.61189,-0.61291,-0.03260,-0.73203,-0.44100,-0.14805,-0.93026,-0.50481,-0.11980,-0.80735,-0.44226,-0.02790,-0.66836,-0.38591,0.01397,-0.74625,-0.15626,-0.18124,-0.97093,-0.25172,-0.13725,-0.86731,-0.21793,-0.03091,-0.72987,-0.17219,0.04003
nike,-0.00000,0.00000,0.00000,0.06103,-0.54457,0.04716,0.00059,-0.97881,-0.01180,0.04225,-1.36696,-0.09377,0.13896,-1.63030,-0.19097,-0.54917,-0.96821,-0.05854,-0.93637,-1.13196,-0.08345,-1.17396,-1.22980,-0.10993,-1.35377,-1.29622,-0.13586,-0.67750,-0.73552,-0.10286,-0.86731,-0.74146,-0.07199,-0.72901,-0.67267,-0.01507,-0.60404,-0.61868,0.00221,-0.73018,-0.44324,-0.13592,-0.91356,-0.51023,-0.09589,-0.79258,-0.44862,-0.00220,-0.65732,-0.39135,0.03815,-0.74456,-0.16111,-0.16556,-0.95397,-0.26044,-0.11202,-0.85283,-0.22604,-0.00367,-0.71899,-0.17851,0.06710
nike,-0.00000,0.00000,0.00000,0.05141,-0.54243,0.05061,-0.01532,-0.98457,-0.00209,0.02760,-1.36834,-0.07792,0.12667,-1.62694,-0.16856,-0.55169,-0.96599,-0.05210,-0.93638,-1.12690,-0.07649,-1.17294,-1.22283,-0.10291,-1.35329,-1.29029,-0.12941,-0.67869,-0.73442,-0.09915,-0.87830,-0.74687,-0.07201,-0.74219,-0.67564,-0.01893,-0.61431,-0.61994,-0.00279,-0.73238,-0.44318,-0.13474,-0.91785,-0.51448,-0.09557,-0.80051,-0.44918,-0.00387,-0.66674,-0.39002,0.03571,-0.74664,-0.16069,-0.16700,-0.96338,-0.26118,-0.11620,-0.86570,-0.22575,-0.01103,-0.73323,-0.17799,0.05787
nike,-0.00000,0.00000,0.00000,0.05197,-0.54452,0.06206,-0.01770,-0.98597,0.01496,0.02815,-1.37331,-0.05702,0.12737,-1.63350,-0.14474,-0.55353,-0.96494,-0.04076,-0.93699,-1.12696,-0.06067,-1.17140,-1.22319,-0.08556,-1.35327,-1.28862,-0.11093,-0.67927,-0.73388,-0.08987,-0.87804,-0.75016,-0.05559,-0.73869,-0.68214,0.00031,-0.60939,-0.62427,0.01746,-0.73083,-0.44177,-0.12648,-0.91529,-0.51853,-0.07915,-0.79487,-0.45608,0.01379,-0.66043,-0.39647,0.05235,-0.74426,-0.16009,-0.15886,-0.96009,-0.26127,-0.10076,-0.85797,-0.22818,0.00636,-0.72339,-0.18032,0.07504
nike,-0.00000,0.00000,0.00000,0.04783,-0.54273,0.06696,-0.02329,-0.98269,0.01969,0.02473,-1.37085,-0.05298,0.12135,-1.63077,-0.14192,-0.55342,-0.96437,-0.04907,-0.94520,-1.12204,-0.07520,-1.18305,-1.21576,-0.10291,-1.36831,-1.28045,-0.12882,-0.68045,-0.73279,-0.10018,-0.88501,-0.74994,-0.06624,-0.74754,-0.68013,-0.00638,-0.61728,-0.62159,0.01315,-0.73202,-0.43634,-0.13829,-0.91839,-0.51660,-0.09216,-0.79864,-0.45028,0.00363,-0.66543,-0.39038,0.04418,-0.74565,-0.14995,-0.17133,-0.96820,-0.25296,-0.11248,-0.86331,-0.21786,-0.00241,-0.72666,-0.17118,0.06806
nike,-0.00000,0.00000,0.00000,0.04384,-0.54105,0.07055,-0.02982,-0.98065,0.02388,0.01149,-1.36789,-0.04995,0.10469,-1.62587,-0.14021,-0.56110,-0.96001,-0.04368,-0.95382,-1.11805,-0.07351,-1.19457,-1.21462,-0.10395,-1.38032,-1.27960,-0.13006,-0.68444,-0.72907,-0.09641,-0.89224,-0.73759,-0.06523,-0.74955,-0.66679,-0.00414,-0.61463,-0.60949,0.01799,-0.73430,-0.43407,-0.13657,-0.92878,-0.50329,-0.09644,-0.80314,-0.43685,-0.00009,-0.66585,-0.37861,0.04361,-0.74703,-0.14807,-0.17091,-0.97696,-0.24459,-0.11518,-0.86862,-0.21046,-0.00286,-0.72790,-0.16574,0.07057
nike,-0.00000,0.00000,0.00000,0.04426,-0.55102,0.08910,-0.03107,-0.98945,0.04805,0.00907,-1.38100,-0.02317,0.09977,-1.63758,-0.11147,-0.56121,-0.95908,-0.03188,-0.95472,-1.12896,-0.06063,-1.19509,-1.23207,-0.08940,-1.38097,-1.29711,-0.11219,-0.68569,-0.72790,-0.08689,-0.89402,-0.75138,-0.04471,-0.74857,-0.68454,0.02700,-0.61545,-0.62152,0.05534,-0.73431,-0.43303,-0.12787,-0.93105,-0.51474,-0.07859,-0.80400,-0.45593,0.02329,-0.66735,-0.39229,0.06980,-0.74641,-0.14937,-0.16071,-0.97871,-0.25602,-0.09270,-0.87121,-0.22980,0.02720,-0.73221,-0.17993,0.10436
nike,-0.00000,0.00000,0.00000,0.04281,-0.54328,0.08454,-0.03623,-0.98423,0.04884,0.00193,-1.36951,-0.01563,0.09262,-1.62287,-0.09649,-0.56226,-0.95694,-0.02434,-0.95359,-1.12013,-0.04360,-1.19125,-1.21967,-0.06681,-1.37515,-1.28443,-0.08802,-0.68434,-0.72917,-0.07852,-0.88745,-0.73767,-0.03613,-0.74359,-0.66615,0.02813,-0.61318,-0.60541,0.05132,-0.73292,-0.43580,-0.11871,-0.92643,-0.50591,-0.06863,-0.80069,-0.44415,0.02685,-0.66597,-0.38406,0.06855,-0.74479,-0.15259,-0.15158,-0.97760,-0.24957,-0.08640,-0.87233,-0.22048,0.02721,-0.73427,-0.17243,0.10033
nike,-0.00000,0.00000,0.00000,0.03737,-0.53996,0.06267,-0.04134,-0.98319,0.01361,-0.00052,-1.36693,-0.06116,0.09783,-1.62088,-0.15162,-0.56824,-0.95145,-0.06156,-0.96268,-1.11392,-0.10135,-1.20865,-1.21404,-0.13637,-1.39656,-1.27775,-0.16447,-0.68930,-0.72448,-0.11299,-0.89296,-0.72429,-0.09431,-0.75098,-0.65345,-0.03789,-0.61697,-0.59486,-0.01746,-0.73805,-0.43008,-0.15213,-0.93370,-0.48995,-0.12458,-0.80949,-0.43038,-0.03351,-0.67192,-0.37152,0.00944,-0.75072,-0.14474,-0.18560,-0.98678,-0.23164,-0.14072,-0.88238,-0.20367,-0.03372,-0.74162,-0.15721,0.03825
nike,-0.00000,0.00000,0.00000,0.03861,-0.53500,0.03805,-0.03605,-0.98272,-0.02719,0.00916,-1.37448,-0.11403,0.11678,-1.63998,-0.21405,-0.56893,-0.95586,-0.08635,-0.96565,-1.12149,-0.13851,-1.22063,-1.22146,-0.18055,-1.41516,-1.28554,-0.21265,-0.68814,-0.72558,-0.13275,-0.91179,-0.71624,-0.13743,-0.76776,-0.63909,-0.09212,-0.62577,-0.58663,-0.07379,-0.73821,-0.42771,-0.16831,-0.94722,-0.47984,-0.16054,-0.82541,-0.41261,-0.07344,-0.68764,-0.35995,-0.02812,-0.75375,-0.13785,-0.19963,-0.99729,-0.22356,-0.16360,-0.88920,-0.18607,-0.05537,-0.74806,-0.14411,0.01905
nike,-0.00000,0.00000,0.00000,0.03374,-0.52303,0.03471,-0.03784,-0.96641,-0.03241,0.00355,-1.35425,-0.12089,0.09973,-1.62015,-0.22188,-0.56197,-0.95736,-0.09983,-0.96126,-1.13284,-0.15999,-1.21806,-1.23741,-0.20478,-1.41424,-1.30477,-0.23738,-0.68386,-0.72961,-0.14740,-0.91940,-0.71320,-0.16095,-0.77249,-0.63072,-0.11482,-0.62473,-0.57094,-0.09458,-0.73639,-0.43285,-0.18498,-0.96026,-0.47265,-0.18721,-0.83745,-0.40456,-0.10028,-0.69433,-0.34605,-0.05291,-0.75437,-0.14612,-0.21838,-1.01069,-0.21876,-0.19001,-0.91019,-0.17945,-0.08477,-0.76802,-0.13527,-0.01126
nike,-0.00000,0.00000,0.00000,0.00924,-0.48881,0.03976,-0.07466,-0.92139,-0.02448,-0.03248,-1.29315,-0.11229,0.06645,-1.53803,-0.21221,-0.54170,-0.95135,-0.10941,-0.93321,-1.16199,-0.18911,-1.18544,-1.29211,-0.24466,-1.38326,-1.38234,-0.28287,-0.65375,-0.75671,-0.16746,-0.93421,-0.68597,-0.20361,-0.80099,-0.57497,-0.16329,-0.64275,-0.52877,-0.14134,-0.71037,-0.47424,-0.21648,-0.95636,-0.45196,-0.23555,-0.84096,-0.36253,-0.15103,-0.69642,-0.32288,-0.10091,-0.73517,-0.18930,-0.26161,-1.01202,-0.22152,-0.24276,-0.91717,-0.16340,-0.14013,-0.77750,-0.12958,-0.06794
nike,-0.00000,0.00000,0.00000,-0.03548,-0.42899,0.09117,-0.14281,-0.84560,0.03749,-0.13042,-1.18330,-0.05009,-0.02250,-1.39166,-0.15196,-0.47080,-0.98711,-0.10970,-0.83935,-1.27434,-0.21292,-1.08297,-1.43651,-0.28024,-1.26701,-1.57183,-0.32630,-0.53802,-0.84293,-0.20725,-0.92900,-0.73876,-0.27794,-0.82849,-0.54632,-0.23858,-0.66256,-0.52618,-0.21039,-0.58517,-0.58322,-0.29079,-0.93039,-0.52269,-0.33490,-0.84420,-0.37113,-0.23888,-0.69714,-0.35954,-0.17694,-0.62093,-0.29075,-0.36560,-0.94224,-0.32748,-0.35217,-0.86856,-0.22108,-0.23700,-0.74178,-0.19523,-0.15881
nike,-0.00000,0.00000,0.00000,-0.03774,-0.42316,0.07481,-0.14519,-0.83857,0.01775,-0.12123,-1.16985,-0.07337,-0.02906,-1.39731,-0.17761,-0.47667,-0.98823,-0.11520,-0.85517,-1.28305,-0.22203,-1.09510,-1.46261,-0.28985,-1.27557,-1.60920,-0.33692,-0.52619,-0.85037,-0.21201,-0.93823,-0.75375,-0.30266,-0.84669,-0.56937,-0.27659,-0.67956,-0.54706,-0.25775,-0.56928,-0.59758,-0.29684,-0.93735,-0.54908,-0.36568,-0.84368,-0.39412,-0.27637,-0.69202,-0.37484,-0.21657,-0.60430,-0.31317,-0.37496,-0.95347,-0.33071,-0.38845,-0.86867,-0.22063,-0.28846,-0.72680,-0.19676,-0.21779
nike,-0.00000,0.00000,0.00000,-0.06665,-0.41478,0.07394,-0.19440,-0.81494,0.02026,-0.19182,-1.12174,-0.06662,-0.11144,-1.33892,-0.16620,-0.49343,-0.97835,-0.12438,-0.85985,-1.28675,-0.23869,-1.09745,-1.47288,-0.31137,-1.27560,-1.62805,-0.36081,-0.52341,-0.85208,-0.22357,-0.96411,-0.74515,-0.32822,-0.90338,-0.53770,-0.31266,-0.75170,-0.50929,-0.29691,-0.55206,-0.61193,-0.30982,-0.94450,-0.54742,-0.38987,-0.87598,-0.38220,-0.30962,-0.73192,-0.36427,-0.25101,-0.57289,-0.34269,-0.38961,-0.92832,-0.34748,-0.41185,-0.86734,-0.23127,-0.31959,-0.73554,-0.20602,-0.25151
nike,-0.00000,0.00000,0.00000,-0.09741,-0.38977,0.09941,-0.24829,-0.74556,0.06500,-0.28497,-1.01976,-0.00573,-0.22552,-1.23069,-0.08531,-0.50396,-0.96791,-0.08305,-0.84129,-1.27446,-0.19186,-1.05555,-1.47016,-0.26143,-1.20895,-1.64262,-0.30739,-0.50416,-0.86361,-0.19085,-0.95654,-0.74686,-0.29352,-0.90789,-0.52043,-0.28232,-0.77178,-0.48253,-0.26663,-0.51726,-0.65160,-0.28495,-0.93531,-0.56492,-0.36071,-0.87391,-0.38321,-0.28259,-0.74621,-0.35778,-0.22336,-0.53238,-0.40681,-0.37158,-0.87874,-0.37118,-0.38399,-0.82763,-0.24327,-0.29323,-0.72012,-0.22097,-0.22596
nike,-0.00000,0.00000,0.00000,-0.09533,-0.37142,0.12781,-0.25552,-0.70055,0.10617,-0.30647,-0.94907,0.04398,-0.25874,-1.14919,-0.02588,-0.49589,-0.98054,-0.03957,-0.77829,-1.24778,-0.14803,-0.96062,-1.44297,-0.22410,-1.08818,-1.60546,-0.27395,-0.47019,-0.88256,-0.16003,-0.89667,-0.74742,-0.25451,-0.82382,-0.54264,-0.24395,-0.68500,-0.52678,-0.23144,-0.45662,-0.68405,-0.26715,-0.86957,-0.58954,-0.34537,-0.78493,-0.42651,-0.27125,-0.66374,-0.41828,-0.21646,-0.44433,-0.45364,-0.36313,-0.79275,-0.40181,-0.37279,-0.71430,-0.28334,-0.27901,-0.59763,-0.27465,-0.21325
nike,-0.00000,0.00000,0.00000,-0.12756,-0.36867,0.11690,-0.29938,-0.67616,0.08938,-0.36964,-0.91026,0.02059,-0.34010,-1.12535,-0.05577,-0.51110,-0.96718,-0.04366,-0.80914,-1.25227,-0.14539,-0.98952,-1.45830,-0.21582,-1.11722,-1.63637,-0.26412,-0.48233,-0.87599,-0.16702,-0.92837,-0.73666,-0.26879,-0.86613,-0.53462,-0.26575,-0.72968,-0.50998,-0.25738,-0.46371,-0.68660,-0.27764,-0.89132,-0.58483,-0.35886,-0.81484,-0.42481,-0.28661,-0.69284,-0.41084,-0.23271,-0.44788,-0.46332,-0.37952,-0.79274,-0.42094,-0.39313,-0.73312,-0.30361,-0.30199,-0.62426,-0.28207,-0.23654
nike,-0.00000,0.00000,0.00000,-0.15314,-0.35356,0.11416,-0.33598,-0.66230,0.08994,-0.40166,-0.89522,0.02402,-0.37798,-1.10519,-0.04918,-0.52049,-0.95800,-0.02758,-0.80901,-1.23327,-0.11916,-0.98427,-1.43139,-0.18292,-1.10744,-1.60629,-0.22832,-0.47959,-0.87749,-0.15176,-0.91716,-0.73351,-0.25689,-0.85626,-0.52793,-0.26214,-0.72443,-0.50241,-0.25706,-0.44956,-0.69968,-0.26327,-0.87425,-0.59807,-0.34585,-0.80152,-0.42802,-0.27618,-0.68411,-0.41314,-0.22245,-0.42526,-0.48158,-0.36663,-0.77284,-0.45371,-0.38057,-0.71778,-0.32993,-0.28875,-0.61225,-0.29908,-0.22214
nike,-0.00000,0.00000,0.00000,-0.17926,-0.32442,0.09643,-0.36470,-0.63004,0.06403,-0.43088,-0.87406,-0.00553,-0.42248,-1.08216,-0.08147,-0.53156,-0.94986,-0.05605,-0.81853,-1.21256,-0.15293,-0.98684,-1.40976,-0.21955,-1.10545,-1.59009,-0.26743,-0.47936,-0.87762,-0.17349,-0.92359,-0.71525,-0.28487,-0.86762,-0.51349,-0.29132,-0.74299,-0.48572,-0.28697,-0.43405,-0.69769,-0.27881,-0.86869,-0.57207,-0.36997,-0.80642,-0.40540,-0.30331,-0.69358,-0.39004,-0.25052,-0.39499,-0.47291,-0.37693,-0.75055,-0.42523,-0.40024,-0.70704,-0.30325,-0.31343,-0.60944,-0.26947,-0.24933
nike,-0.00000,0.00000,0.00000,-0.21322,-0.31964,0.08855,-0.41234,-0.63658,0.05229,-0.49436,-0.87543,-0.02097,-0.51629,-1.06260,-0.09984,-0.55028,-0.95467,-0.07195,-0.85117,-1.24331,-0.17339,-1.02242,-1.44432,-0.24087,-1.14767,-1.63342,-0.29068,-0.48083,-0.87682,-0.19177,-0.95014,-0.73860,-0.31471,-0.87163,-0.53994,-0.32197,-0.72999,-0.51814,-0.31726,-0.42278,-0.69561,-0.30013,-0.88314,-0.58188,-0.39873,-0.80236,-0.42159,-0.32743,-0.67474,-0.41351,-0.27246,-0.37471,-0.47499,-0.40276,-0.74748,-0.43116,-0.43461,-0.69192,-0.31448,-0.34802,-0.57801,-0.28526,-0.28441
nike,-0.00000,0.00000,0.00000,-0.30618,-0.23110,0.06886,-0.52417,-0.50015,0.02770,-0.68075,-0.65466,-0.04943,-0.82515,-0.74252,-0.12929,-0.55680,-0.94784,-0.08216,-0.82906,-1.22617,-0.18879,-0.98939,-1.43876,-0.26005,-1.10348,-1.64756,-0.31480,-0.45254,-0.89174,-0.19920,-0.91751,-0.73535,-0.32786,-0.87107,-0.49513,-0.34301,-0.74240,-0.44915,-0.34346,-0.36307,-0.71512,-0.30790,-0.81396,-0.59459,-0.42290,-0.76910,-0.39356,-0.35961,-0.63975,-0.37270,-0.30539,-0.29376,-0.49311,-0.41312,-0.65109,-0.45743,-0.47104,-0.66465,-0.33555,-0.39975,-0.58085,-0.30706,-0.34168
nike,-0.00000,0.00000,0.00000,-0.28498,-0.25043,0.06163,-0.49973,-0.52073,0.01883,-0.65156,-0.67303,-0.05853,-0.80572,-0.74394,-0.13829,-0.55743,-0.93880,-0.08402,-0.83946,-1.21284,-0.19467,-0.99880,-1.42061,-0.27059,-1.12079,-1.63296,-0.32980,-0.45830,-0.88880,-0.20097,-0.92971,-0.71719,-0.33773,-0.85735,-0.49757,-0.35461,-0.71156,-0.46768,-0.35593,-0.36738,-0.72006,-0.31122,-0.83098,-0.57498,-0.43465,-0.75741,-0.39236,-0.37462,-0.61427,-0.38696,-0.32249,-0.28789,-0.50409,-0.41866,-0.65583,-0.44049,-0.48235,-0.63486,-0.31716,-0.41209,-0.52333,-0.29061,-0.35476
nike,-0.00000,0.00000,0.00000,-0.29726,-0.21978,0.05749,-0.51470,-0.48756,0.01110,-0.66979,-0.64066,-0.06890,-0.82174,-0.69929,-0.15231,-0.56953,-0.93651,-0.09937,-0.85263,-1.21917,-0.21221,-1.01536,-1.43399,-0.29008,-1.13863,-1.64669,-0.35039,-0.46077,-0.88752,-0.21446,-0.93417,-0.71167,-0.35308,-0.87800,-0.48045,-0.37112,-0.74348,-0.42875,-0.37325,-0.36335,-0.71383,-0.32200,-0.82518,-0.57208,-0.44522,-0.76947,-0.38191,-0.38328,-0.63697,-0.35820,-0.32913,-0.28328,-0.49242,-0.42735,-0.65072,-0.45228,-0.49146,-0.66266,-0.33041,-0.42060,-0.58251,-0.28872,-0.36174
nike,-0.00000,0.00000,0.00000,-0.34415,-0.17738,0.06749,-0.55924,-0.44372,0.02523,-0.69345,-0.63196,-0.05405,-0.82329,-0.73971,-0.13722,-0.56707,-0.93080,-0.08428,-0.85002,-1.23338,-0.18994,-1.00674,-1.46562,-0.25991,-1.12872,-1.67544,-0.31672,-0.45380,-0.89110,-0.20446,-0.92769,-0.72021,-0.35384,-0.87570,-0.49582,-0.37733,-0.74893,-0.42485,-0.37917,-0.35362,-0.72657,-0.31597,-0.80687,-0.57546,-0.43760,-0.75489,-0.40017,-0.37607,-0.63659,-0.36173,-0.32278,-0.27093,-0.51230,-0.42569,-0.59475,-0.46858,-0.49485,-0.64133,-0.38221,-0.43863,-0.61901,-0.35393,-0.38992
nike,-0.00000,0.00000,0.00000,-0.30660,-0.14910,-0.08161,-0.48183,-0.38926,-0.16222,-0.57977,-0.60095,-0.25347,-0.65421,-0.79629,-0.33898,-0.52650,-0.90487,-0.15782,-0.66717,-1.40447,-0.29977,-0.75151,-1.70088,-0.39499,-0.81908,-1.96421,-0.46141,-0.37444,-0.92725,-0.20128,-0.56651,-0.96569,-0.41595,-0.54493,-0.69265,-0.48431,-0.48586,-0.54022,-0.49706,-0.21074,-0.89237,-0.25294,-0.40058,-0.93187,-0.43704,-0.41272,-0.69033,-0.41789,-0.38125,-0.53997,-0.36730,-0.03349,-0.80827,-0.31405,-0.18712,-0.89057,-0.43951,-0.28686,-0.75625,-0.42341,-0.34307,-0.63877,-0.38325
nike,-0.00000,0.00000,0.00000,-0.28564,-0.13628,-0.05024,-0.50945,-0.43873,-0.08166,-0.65132,-0.64240,-0.12716,-0.75775,-0.75134,-0.17541,-0.39775,-0.96955,-0.10731,-0.49084,-1.52409,-0.21378,-0.53710,-1.84151,-0.27743,-0.57135,-2.10808,-0.32049,-0.21924,-0.97567,-0.14199,-0.33830,-1.10889,-0.33046,-0.36512,-0.77932,-0.38326,-0.35604,-0.54642,-0.38169,-0.03502,-0.94651,-0.17974,-0.14653,-1.10609,-0.34560,-0.19494,-0.80044,-0.31660,-0.19669,-0.57225,-0.25530,0.16372,-0.89392,-0.22223,0.08884,-1.10861,-0.32927,0.00161,-0.94359,-0.29806,-0.04692,-0.77352,-0.24557
nike,-0.00000,0.00000,0.00000,-0.25965,-0.12329,-0.09272,-0.48585,-0.41398,-0.14204,-0.65476,-0.58586,-0.19873,-0.79617,-0.65781,-0.25781,-0.32447,-0.98816,-0.11513,-0.38070,-1.50527,-0.21759,-0.39721,-1.81122,-0.28479,-0.39642,-2.08953,-0.33649,-0.15257,-0.98829,-0.13722,-0.22364,-1.24467,-0.31933,-0.25464,-0.92297,-0.37580,-0.24315,-0.70207,-0.37851,0.03103,-0.95625,-0.16808,-0.01343,-1.24801,-0.33175,-0.07856,-0.95778,-0.31235,-0.08575,-0.74735,-0.25968,0.22532,-0.90605,-0.20808,0.22902,-1.23664,-0.31797,0.13951,-1.09029,-0.29408,0.09267,-0.92044,-0.24968
nike,-0.00000,0.00000,0.00000,-0.24637,-0.12267,-0.10603,-0.48285,-0.39697,-0.17111,-0.67723,-0.53951,-0.24348,-0.82375,-0.59925,-0.31728,-0.31724,-0.97780,-0.10716,-0.35189,-1.46286,-0.20445,-0.36507,-1.73730,-0.25776,-0.35162,-1.98801,-0.29815,-0.14594,-0.98929,-0.12549,-0.20735,-1.29870,-0.29872,-0.22892,-0.94231,-0.33284,-0.20160,-0.73887,-0.31382,0.03716,-0.95329,-0.15559,-0.00118,-1.24775,-0.32032,-0.04701,-0.93254,-0.28155,-0.02536,-0.74877,-0.20903,0.23273,-0.89292,-0.19547,0.24534,-1.21570,-0.29961,0.17124,-1.06311,-0.25906,0.15057,-0.92079,-0.20045
nike,-0.00000,0.00000,0.00000,-0.24819,-0.12753,-0.10295,-0.48708,-0.38442,-0.16661,-0.69067,-0.51102,-0.23904,-0.84315,-0.56579,-0.31314,-0.31749,-0.96859,-0.07951,-0.34945,-1.40272,-0.16467,-0.35533,-1.65702,-0.21197,-0.34121,-1.88440,-0.24827,-0.14619,-0.98926,-0.09672,-0.19602,-1.28321,-0.25747,-0.21662,-0.94889,-0.29242,-0.19544,-0.74488,-0.27459,0.03383,-0.95532,-0.12657,0.01123,-1.24114,-0.28051,-0.03237,-0.94376,-0.24915,-0.01596,-0.75779,-0.18287,0.22334,-0.89221,-0.16614,0.23924,-1.19506,-0.26138,0.17397,-1.04854,-0.22451,0.15757,-0.91152,-0.16980
nike,-0.00000,0.00000,0.00000,-0.24904,-0.12446,-0.09473,-0.48249,-0.37225,-0.15207,-0.68491,-0.48469,-0.21869,-0.83515,-0.52017,-0.28775,-0.31220,-0.96529,-0.05918,-0.33940,-1.36728,-0.13459,-0.34052,-1.60929,-0.17943,-0.32676,-1.82498,-0.21569,-0.14390,-0.98959,-0.07971,-0.18714,-1.30959,-0.22880,-0.20766,-0.99311,-0.26446,-0.19266,-0.78088,-0.24801,0.03143,-0.95338,-0.11258,0.01477,-1.25982,-0.25427,-0.03135,-0.97338,-0.22724,-0.02302,-0.77728,-0.16557,0.21342,-0.88095,-0.15509,0.23342,-1.18877,-0.24119,0.16883,-1.05750,-0.20759,0.14606,-0.92469,-0.15768
nike,-0.00000,0.00000,0.00000,-0.26056,-0.10419,-0.08789,-0.50757,-0.32341,-0.14116,-0.71666,-0.42596,-0.20658,-0.88757,-0.43958,-0.27525,-0.36643,-0.93913,-0.02478,-0.43397,-1.30327,-0.08721,-0.45902,-1.50783,-0.12964,-0.46469,-1.69123,-0.16280,-0.20236,-0.97931,-0.04566,-0.26336,-1.31439,-0.17422,-0.26232,-1.03338,-0.21612,-0.22762,-0.82155,-0.20596,-0.03021,-0.96209,-0.07883,-0.07252,-1.28429,-0.20391,-0.09680,-1.01814,-0.18958,-0.07025,-0.81616,-0.13759,0.15284,-0.90706,-0.12123,0.15140,-1.22958,-0.19407,0.09095,-1.11268,-0.16286,0.07517,-0.97331,-0.11542
nike,-0.00000,0.00000,0.00000,-0.27470,-0.09090,-0.08314,-0.53441,-0.30503,-0.12355,-0.75120,-0.39886,-0.17666,-0.92325,-0.39335,-0.23345,-0.40791,-0.91470,-0.00167,-0.48037,-1.27470,-0.05627,-0.50270,-1.48436,-0.09848,-0.51242,-1.67358,-0.13297,-0.24366,-0.96986,-0.02320,-0.31181,-1.32501,-0.15017,-0.30495,-1.06544,-0.20036,-0.26703,-0.83258,-0.19456,-0.06822,-0.96314,-0.05706,-0.11153,-1.28774,-0.18134,-0.12944,-1.03121,-0.17861,-0.10795,-0.81175,-0.13300,0.11936,-0.91992,-0.09987,0.10831,-1.24076,-0.17358,0.05776,-1.13124,-0.15077,0.04478,-0.98775,-0.10940
nike,-0.00000,0.00000,0.00000,-0.28937,-0.07505,-0.08149,-0.55819,-0.28822,-0.11531,-0.78673,-0.37781,-0.16312,-0.95876,-0.35648,-0.21543,-0.44090,-0.89518,0.01506,-0.51505,-1.26038,-0.03659,-0.54164,-1.47629,-0.07799,-0.55508,-1.66761,-0.11201,-0.27548,-0.96131,-0.00692,-0.34748,-1.34212,-0.13554,-0.33182,-1.07716,-0.18679,-0.28740,-0.83137,-0.17798,-0.09866,-0.96308,-0.04211,-0.14709,-1.30613,-0.16878,-0.15427,-1.04323,-0.16686,-0.12622,-0.81595,-0.11834,0.09219,-0.92830,-0.08622,0.07071,-1.26016,-0.16165,0.02976,-1.14401,-0.13898,0.02458,-0.99473,-0.09627
nike,-0.00000,0.00000,0.00000,-0.30042,-0.06695,-0.08789,-0.57285,-0.26434,-0.11831,-0.80759,-0.34187,-0.16310,-0.97085,-0.31640,-0.21264,-0.46461,-0.88246,0.03841,-0.54855,-1.22694,-0.01354,-0.57798,-1.44076,-0.06304,-0.59407,-1.62799,-0.10243,-0.29809,-0.95454,0.02076,-0.37175,-1.33497,-0.11431,-0.35859,-1.08138,-0.17997,-0.31710,-0.82730,-0.17798,-0.12057,-0.96686,-0.01245,-0.17552,-1.30540,-0.14845,-0.17856,-1.04329,-0.16161,-0.14827,-0.79966,-0.11788,0.06959,-0.94435,-0.05505,0.03641,-1.27470,-0.14024,0.00066,-1.15534,-0.12793,-0.00070,-0.98866,-0.08877
nike,-0.00000,0.00000,0.00000,-0.30658,-0.05706,-0.08912,-0.58006,-0.24477,-0.11639,-0.81960,-0.31519,-0.15779,-0.98928,-0.27271,-0.20318,-0.48677,-0.86577,0.05028,-0.58462,-1.19823,0.00598,-0.62638,-1.41419,-0.03568,-0.65187,-1.60561,-0.07019,-0.31882,-0.94782,0.03581,-0.39730,-1.33750,-0.09275,-0.37494,-1.07489,-0.14929,-0.33165,-0.83040,-0.13867,-0.14192,-0.97038,0.00506,-0.20161,-1.30940,-0.13002,-0.19251,-1.03581,-0.13528,-0.15566,-0.80242,-0.08337,0.04796,-0.95817,-0.03516,0.00359,-1.28011,-0.12016,-0.02350,-1.14764,-0.10313,-0.01656,-0.98498,-0.05863
nike,-0.00000,0.00000,0.00000,-0.31203,-0.05553,-0.08961,-0.59007,-0.24085,-0.11471,-0.82968,-0.31310,-0.15228,-1.00459,-0.26479,-0.19410,-0.49520,-0.85771,0.05228,-0.59716,-1.17987,0.00857,-0.64159,-1.39062,-0.03557,-0.66775,-1.58099,-0.07252,-0.32841,-0.94454,0.04035,-0.40837,-1.32417,-0.08531,-0.38255,-1.06515,-0.14374,-0.33378,-0.82810,-0.13655,-0.15140,-0.97028,0.01232,-0.21276,-1.30495,-0.12010,-0.20300,-1.03303,-0.12587,-0.16389,-0.80509,-0.07634,0.03855,-0.96012,-0.02504,-0.01180,-1.27495,-0.11012,-0.04228,-1.13291,-0.09353,-0.03676,-0.96996,-0.05012
nike,-0.00000,0.00000,0.00000,-0.30995,-0.04718,-0.09244,-0.59042,-0.23353,-0.11937,-0.83170,-0.31125,-0.15769,-1.01086,-0.26477,-0.20021,-0.50522,-0.85073,0.04221,-0.60920,-1.17205,-0.00233,-0.65586,-1.38674,-0.04533,-0.68631,-1.57803,-0.08201,-0.33856,-0.94094,0.03147,-0.41348,-1.31640,-0.09659,-0.38355,-1.05740,-0.15447,-0.33587,-0.81949,-0.14702,-0.16027,-0.96770,0.00513,-0.21642,-1.30201,-0.12875,-0.20552,-1.03080,-0.13368,-0.16967,-0.80154,-0.08420,0.03054,-0.95582,-0.03058,-0.01354,-1.26997,-0.11719,-0.04259,-1.13089,-0.10171,-0.04028,-0.96940,-0.05927
nike,-0.00000,0.00000,0.00000,-0.30411,-0.04321,-0.10583,-0.58847,-0.22521,-0.14097,-0.83643,-0.30242,-0.18444,-1.02202,-0.25968,-0.23118,-0.50845,-0.84674,0.02693,-0.61757,-1.16446,-0.02110,-0.66838,-1.38018,-0.06749,-0.70419,-1.57229,-0.10697,-0.34177,-0.93979,0.02172,-0.41294,-1.31043,-0.11101,-0.38110,-1.05452,-0.17151,-0.33338,-0.81459,-0.16588,-0.16195,-0.96856,0.00025,-0.21589,-1.29496,-0.13618,-0.20611,-1.02924,-0.14330,-0.17277,-0.79927,-0.09545,0.02878,-0.95793,-0.03169,-0.01383,-1.26157,-0.12004,-0.04311,-1.12159,-0.10684,-0.04310,-0.95989,-0.06571
nike,-0.00000,0.00000,0.00000,-0.31384,-0.03918,-0.11172,-0.59984,-0.22239,-0.14888,-0.85272,-0.30187,-0.19274,-1.04151,-0.25748,-0.23996,-0.51189,-0.84457,0.01716,-0.62095,-1.17017,-0.03229,-0.67164,-1.39278,-0.07661,-0.70360,-1.58873,-0.11481,-0.33941,-0.94064,0.01526,-0.41026,-1.30607,-0.11808,-0.37229,-1.03632,-0.17160,-0.32500,-0.79998,-0.16095,-0.15444,-0.96897,-0.00370,-0.20827,-1.29667,-0.14113,-0.19698,-1.02496,-0.14056,-0.16408,-0.80072,-0.08761,0.04007,-0.95436,-0.03372,0.00220,-1.26128,-0.12248,-0.02643,-1.12549,-0.10593,-0.02786,-0.97219,-0.06230
nike,-0.00000,0.00000,0.00000,-0.31160,-0.04675,-0.11154,-0.59916,-0.23652,-0.14984,-0.84838,-0.31403,-0.19476,-1.03414,-0.26514,-0.24268,-0.49648,-0.85233,0.01178,-0.60330,-1.18771,-0.04087,-0.65377,-1.41100,-0.08658,-0.68720,-1.60885,-0.12560,-0.32447,-0.94589,0.00949,-0.39400,-1.30367,-0.12634,-0.35667,-1.02733,-0.17882,-0.31224,-0.79078,-0.16786,-0.14174,-0.97122,-0.00983,-0.19348,-1.29352,-0.14752,-0.18345,-1.01834,-0.14424,-0.15291,-0.79428,-0.09009,0.04897,-0.95377,-0.04033,0.01087,-1.25229,-0.12762,-0.01815,-1.11118,-0.10857,-0.01925,-0.95479,-0.06360
nike,-0.00000,0.00000,0.00000,-0.30972,-0.05152,-0.09851,-0.58602,-0.24172,-0.13036,-0.82619,-0.32821,-0.16865,-1.00246,-0.28147,-0.21047,-0.48505,-0.86063,0.01070,-0.58877,-1.20051,-0.03237,-0.63614,-1.42922,-0.06641,-0.66070,-1.62977,-0.09821,-0.31426,-0.94934,0.00687,-0.37607,-1.28162,-0.10895,-0.34113,-0.99060,-0.14168,-0.30595,-0.77472,-0.12243,-0.13474,-0.96554,-0.01258,-0.17838,-1.27514,-0.13833,-0.17361,-0.99114,-0.12263,-0.15055,-0.78634,-0.06543,0.05549,-0.93593,-0.04165,0.02692,-1.23890,-0.12741,-0.00692,-1.08867,-0.10414,-0.01682,-0.93579,-0.05794
nike,-0.00000,0.00000,0.00000,-0.30217,-0.04070,-0.09452,-0.57803,-0.24076,-0.12656,-0.81346,-0.33760,-0.16765,-0.99661,-0.29660,-0.21201,-0.48268,-0.86416,0.00896,-0.58767,-1.22335,-0.03885,-0.63641,-1.44890,-0.07600,-0.66838,-1.64971,-0.10948,-0.31761,-0.94822,-0.00053,-0.37999,-1.28539,-0.12902,-0.34942,-1.00125,-0.17197,-0.31164,-0.77720,-0.15861,-0.13969,-0.96868,-0.02496,-0.18548,-1.28409,-0.15861,-0.18063,-0.99591,-0.14855,-0.15477,-0.77710,-0.09369,0.05213,-0.94962,-0.05873,0.01630,-1.25106,-0.14424,-0.01641,-1.10416,-0.12214,-0.02167,-0.95277,-0.07783
nike,-0.00000,0.00000,0.00000,-0.28970,-0.03170,-0.09502,-0.57076,-0.24605,-0.13219,-0.80433,-0.35180,-0.17804,-0.98716,-0.32044,-0.22710,-0.47456,-0.87078,-0.01490,-0.58134,-1.23871,-0.07312,-0.63361,-1.47716,-0.11167,-0.66626,-1.68910,-0.14632,-0.31056,-0.95055,-0.02844,-0.37925,-1.28765,-0.16511,-0.34616,-0.98152,-0.20050,-0.30739,-0.76716,-0.18222,-0.13118,-0.97015,-0.05635,-0.17946,-1.28422,-0.19703,-0.17482,-0.98591,-0.17424,-0.14569,-0.78365,-0.11186,0.06217,-0.95739,-0.09384,0.03074,-1.26502,-0.18219,-0.00108,-1.11270,-0.15304,-0.00061,-0.97526,-0.10502
nike,-0.00000,0.00000,0.00000,-0.27218,-0.03096,-0.09117,-0.54713,-0.25693,-0.12942,-0.76830,-0.35819,-0.17589,-0.93811,-0.34020,-0.22521,-0.46679,-0.88444,-0.02872,-0.56998,-1.25684,-0.09030,-0.61958,-1.49151,-0.12889,-0.64567,-1.70295,-0.16306,-0.30179,-0.95337,-0.04437,-0.37733,-1.25223,-0.18143,-0.34232,-0.93630,-0.21316,-0.29725,-0.74456,-0.19419,-0.12059,-0.96619,-0.07328,-0.17319,-1.25215,-0.21459,-0.16886,-0.95165,-0.18773,-0.13262,-0.77341,-0.12442,0.07534,-0.94853,-0.11094,0.04352,-1.25118,-0.20089,0.01114,-1.09122,-0.16776,0.01717,-0.95883,-0.11682
nike,-0.00000,0.00000,0.00000,-0.25733,-0.04902,-0.09215,-0.52585,-0.28894,-0.14310,-0.72966,-0.40507,-0.20381,-0.89013,-0.41122,-0.26787,-0.44288,-0.90138,-0.07769,-0.55559,-1.33907,-0.16241,-0.61507,-1.59359,-0.20584,-0.64444,-1.83323,-0.24065,-0.27030,-0.96278,-0.10119,-0.37154,-1.25402,-0.26483,-0.35038,-0.90089,-0.29667,-0.29961,-0.71986,-0.27612,-0.08121,-0.97326,-0.13577,-0.14932,-1.25698,-0.29959,-0.15976,-0.92569,-0.26340,-0.11855,-0.75878,-0.19178,0.12480,-0.96072,-0.17826,0.09726,-1.28648,-0.28253,0.04486,-1.10345,-0.24207,0.04504,-0.95840,-0.18388
nike,-0.00000,0.00000,0.00000,-0.26754,-0.06990,-0.07659,-0.52866,-0.34108,-0.12264,-0.70950,-0.50062,-0.18007,-0.85436,-0.54635,-0.24239,-0.42029,-0.92992,-0.10636,-0.53917,-1.42943,-0.20544,-0.60414,-1.70374,-0.26636,-0.64349,-1.96292,-0.31316,-0.25343,-0.96735,-0.13626,-0.38219,-1.20616,-0.31123,-0.39482,-0.88564,-0.36050,-0.36200,-0.69822,-0.35989,-0.06655,-0.96654,-0.17271,-0.16689,-1.22867,-0.33927,-0.21029,-0.91178,-0.31275,-0.19258,-0.71552,-0.25419,0.14306,-0.94801,-0.21518,0.10111,-1.24747,-0.32193,0.02680,-1.05675,-0.28553,0.00575,-0.88112,-0.23221
nike,-0.00000,0.00000,0.00000,-0.28196,-0.09050,-0.07307,-0.51296,-0.35109,-0.12723,-0.65457,-0.54890,-0.19455,-0.76802,-0.69725,-0.26407,-0.47948,-0.93139,-0.11721,-0.57844,-1.47966,-0.22042,-0.62927,-1.78699,-0.28079,-0.66176,-2.04751,-0.31973,-0.30656,-0.95185,-0.14807,-0.47439,-1.12778,-0.33505,-0.53021,-0.87125,-0.39754,-0.53073,-0.66775,-0.40116,-0.12245,-0.93578,-0.18315,-0.26013,-1.08345,-0.35440,-0.32983,-0.81490,-0.34287,-0.33997,-0.59852,-0.29102,0.08021,-0.89931,-0.22335,-0.00706,-1.09408,-0.33139,-0.09538,-0.90473,-0.29884,-0.13389,-0.70514,-0.24309
nike,-0.00000,0.00000,0.00000,-0.38465,-0.14228,0.01918,-0.62758,-0.35902,-0.03598,-0.76233,-0.50397,-0.12429,-0.85266,-0.58470,-0.21624,-0.61911,-0.85593,-0.08010,-0.81697,-1.19837,-0.19036,-0.92113,-1.44206,-0.26601,-1.00027,-1.66812,-0.32812,-0.48143,-0.87648,-0.18217,-0.85818,-0.62834,-0.34673,-0.77688,-0.38631,-0.39759,-0.64100,-0.34218,-0.41666,-0.35171,-0.76704,-0.28132,-0.72653,-0.52211,-0.42595,-0.63824,-0.33325,-0.39559,-0.52297,-0.31969,-0.35830,-0.24267,-0.60643,-0.38311,-0.51004,-0.48372,-0.46123,-0.52588,-0.36715,-0.41521,-0.50811,-0.33484,-0.36992
nike,-0.00000,0.00000,0.00000,-0.36905,-0.16329,0.07147,-0.62477,-0.37077,0.02390,-0.78059,-0.49313,-0.06254,-0.92775,-0.54952,-0.15318,-0.65492,-0.85911,-0.07518,-0.92116,-1.13243,-0.17436,-1.06133,-1.35528,-0.24185,-1.17852,-1.56048,-0.30053,-0.54146,-0.84073,-0.20450,-0.98269,-0.57411,-0.34895,-0.91074,-0.34144,-0.38458,-0.79156,-0.28411,-0.39845,-0.42483,-0.69165,-0.32346,-0.85117,-0.47258,-0.44197,-0.77063,-0.30496,-0.39182,-0.66313,-0.28176,-0.34931,-0.32247,-0.48771,-0.44003,-0.62117,-0.42280,-0.50704,-0.64804,-0.33010,-0.45214,-0.63836,-0.28576,-0.40569
nike,-0.00000,0.00000,0.00000,-0.33719,-0.28278,0.09944,-0.57164,-0.58216,0.06171,-0.66164,-0.83018,-0.01288,-0.68352,-1.04711,-0.09603,-0.67789,-0.89868,-0.10359,-1.01013,-1.17746,-0.21302,-1.19019,-1.39202,-0.28056,-1.33490,-1.58292,-0.33682,-0.58077,-0.81407,-0.24210,-1.08403,-0.62108,-0.39990,-1.01476,-0.42689,-0.42709,-0.87986,-0.38357,-0.43376,-0.47926,-0.62459,-0.36634,-0.97499,-0.47609,-0.49904,-0.93884,-0.33476,-0.45599,-0.84336,-0.30845,-0.41784,-0.38759,-0.38441,-0.48180,-0.71067,-0.37770,-0.56493,-0.76479,-0.29802,-0.52520,-0.76592,-0.24793,-0.49153
nike,-0.00000,0.00000,0.00000,-0.30886,-0.32634,0.12576,-0.54462,-0.61658,0.09896,-0.64816,-0.86449,0.03337,-0.68888,-1.11353,-0.04334,-0.70429,-0.87803,-0.07503,-1.06568,-1.17445,-0.18339,-1.26648,-1.38582,-0.25139,-1.43204,-1.56437,-0.30824,-0.61514,-0.78841,-0.21974,-1.11538,-0.63285,-0.36953,-1.08396,-0.45241,-0.40544,-1.00436,-0.39957,-0.42170,-0.51889,-0.59486,-0.34836,-1.00636,-0.49080,-0.47283,-1.03113,-0.37471,-0.45278,-1.01098,-0.34229,-0.43720,-0.42528,-0.35648,-0.46398,-0.71135,-0.35482,-0.55360,-0.80224,-0.29903,-0.53766,-0.87725,-0.26522,-0.52385
nike,-0.00000,0.00000,0.00000,-0.23717,-0.37434,0.12753,-0.49759,-0.66700,0.10493,-0.60492,-0.92416,0.03773,-0.60572,-1.18005,-0.04050,-0.69463,-0.86126,-0.04476,-1.07563,-1.09292,-0.13603,-1.29029,-1.26523,-0.19620,-1.45689,-1.42749,-0.24137,-0.65397,-0.75652,-0.18140,-1.14388,-0.55605,-0.28330,-1.03534,-0.38505,-0.28284,-0.87662,-0.40099,-0.27837,-0.60911,-0.54874,-0.30156,-1.09794,-0.40142,-0.37979,-0.98996,-0.26402,-0.29980,-0.84692,-0.27018,-0.24393,-0.56134,-0.30603,-0.41200,-0.96786,-0.26046,-0.42481,-0.89468,-0.16723,-0.32425,-0.76373,-0.14128,-0.25433
nike,-0.00000,0.00000,0.00000,-0.20020,-0.39593,0.11273,-0.45389,-0.69527,0.08358,-0.56438,-0.96406,0.01250,-0.55997,-1.23236,-0.07002,-0.71654,-0.84147,-0.05045,-1.09598,-1.06816,-0.14780,-1.32613,-1.22707,-0.20955,-1.50359,-1.36751,-0.25292,-0.68895,-0.72481,-0.17614,-1.16418,-0.55594,-0.27236,-1.06084,-0.38638,-0.26049,-0.91311,-0.38917,-0.24769,-0.64702,-0.50611,-0.28818,-1.10416,-0.39431,-0.36789,-0.99006,-0.26083,-0.28188,-0.85232,-0.25871,-0.22007,-0.59033,-0.25350,-0.39054,-0.99506,-0.21558,-0.40054,-0.89766,-0.13246,-0.29328,-0.75017,-0.12292,-0.21913
nike,-0.00000,0.00000,0.00000,-0.16205,-0.41404,0.11758,-0.39221,-0.76367,0.09751,-0.47811,-1.05085,0.03846,-0.46219,-1.30033,-0.03355,-0.68701,-0.85412,-0.04611,-1.07732,-1.07729,-0.12486,-1.32274,-1.21234,-0.17379,-1.50325,-1.32800,-0.20919,-0.69406,-0.71992,-0.16194,-1.14638,-0.57567,-0.23896,-1.06246,-0.38177,-0.22372,-0.91418,-0.35827,-0.20929,-0.68375,-0.48474,-0.26132,-1.11021,-0.39528,-0.31081,-1.02408,-0.23811,-0.22585,-0.88736,-0.21913,-0.16926,-0.65385,-0.21744,-0.35093,-1.03980,-0.19528,-0.34638,-0.97312,-0.09610,-0.24410,-0.84166,-0.07530,-0.17306
nike,-0.00000,0.00000,0.00000,-0.16015,-0.44737,0.13495,-0.37534,-0.79763,0.11696,-0.44859,-1.09397,0.05659,-0.43090,-1.33997,-0.01956,-0.67804,-0.85995,-0.03550,-1.07589,-1.08201,-0.10864,-1.32022,-1.20857,-0.15410,-1.50300,-1.32460,-0.18828,-0.70439,-0.70981,-0.15601,-1.13643,-0.58776,-0.21608,-1.05408,-0.39154,-0.18953,-0.89799,-0.35986,-0.17252,-0.70493,-0.46418,-0.25913,-1.11031,-0.39780,-0.29115,-1.03070,-0.24005,-0.19747,-0.88880,-0.21972,-0.14121,-0.68373,-0.18942,-0.35161,-1.05569,-0.19181,-0.33862,-0.98705,-0.09239,-0.23170,-0.85173,-0.07464,-0.16013
nike,-0.00000,0.00000,0.00000,-0.13798,-0.45905,0.14259,-0.33554,-0.81318,0.13669,-0.39802,-1.10747,0.08891,-0.37256,-1.33606,0.02647,-0.66582,-0.85720,-0.01285,-1.05465,-1.07573,-0.06600,-1.29444,-1.19330,-0.09724,-1.47284,-1.29437,-0.12290,-0.71227,-0.70191,-0.12749,-1.10446,-0.57380,-0.16099,-0.99741,-0.40468,-0.12192,-0.83357,-0.38259,-0.10072,-0.72317,-0.44778,-0.22464,-1.08990,-0.39118,-0.23758,-0.99701,-0.26481,-0.14389,-0.85612,-0.24998,-0.09139,-0.70517,-0.16780,-0.30999,-1.06487,-0.18227,-0.29051,-0.98951,-0.10227,-0.18549,-0.85264,-0.08456,-0.11503
nike,-0.00000,0.00000,0.00000,-0.10713,-0.45482,0.12548,-0.27808,-0.82524,0.11949,-0.32552,-1.12776,0.07574,-0.28796,-1.35246,0.01900,-0.64532,-0.85617,-0.01159,-1.02151,-1.07636,-0.04904,-1.25570,-1.19396,-0.07031,-1.43099,-1.28909,-0.08926,-0.71934,-0.69466,-0.11158,-1.06922,-0.55468,-0.13273,-0.95221,-0.41017,-0.09439,-0.78560,-0.39069,-0.07262,-0.74767,-0.43396,-0.19434,-1.06532,-0.35395,-0.19859,-0.96226,-0.24525,-0.11336,-0.82045,-0.23443,-0.06577,-0.74434,-0.14800,-0.26646,-1.07399,-0.14927,-0.23860,-0.99034,-0.07555,-0.13525,-0.85148,-0.05393,-0.06479
nike,-0.00000,0.00000,0.00000,-0.08137,-0.46052,0.12203,-0.23705,-0.84469,0.11469,-0.26683,-1.16893,0.07059,-0.21106,-1.39172,0.01314,-0.63445,-0.86796,-0.00761,-1.01256,-1.08511,-0.03893,-1.24752,-1.20379,-0.05793,-1.42351,-1.29884,-0.07652,-0.72023,-0.69373,-0.10224,-1.05220,-0.57569,-0.11272,-0.93323,-0.43434,-0.06944,-0.76950,-0.41168,-0.04710,-0.75852,-0.42628,-0.18030,-1.06008,-0.36131,-0.17408,-0.95371,-0.25756,-0.08679,-0.80918,-0.24844,-0.04148,-0.76228,-0.14270,-0.24830,-1.07245,-0.14191,-0.21257,-0.97944,-0.07829,-0.10922,-0.83365,-0.06868,-0.04170
nike,-0.00000,0.00000,0.00000,-0.05877,-0.48217,0.15571,-0.20189,-0.86690,0.16105,-0.22074,-1.19817,0.12555,-0.14978,-1.41283,0.07376,-0.60892,-0.87645,0.01274,-0.99583,-1.09280,0.00367,-1.22394,-1.20217,0.00020,-1.39776,-1.28767,-0.00877,-0.70950,-0.70471,-0.08695,-1.01456,-0.59775,-0.05996,-0.89224,-0.46913,0.00067,-0.73933,-0.44155,0.02578,-0.75787,-0.43751,-0.16601,-1.02689,-0.37420,-0.12331,-0.91793,-0.28111,-0.03187,-0.77931,-0.27231,0.00437,-0.77344,-0.15786,-0.23201,-1.05647,-0.15265,-0.16973,-0.96035,-0.09175,-0.06183,-0.81261,-0.07985,0.00211
nike,-0.00000,0.00000,0.00000,-0.03321,-0.49531,0.13803,-0.16093,-0.89087,0.14241,-0.16667,-1.22847,0.10884,-0.09421,-1.44106,0.06109,-0.60690,-0.88005,0.02863,-0.98293,-1.10290,0.03662,-1.20093,-1.21650,0.04265,-1.36878,-1.30314,0.03872,-0.71851,-0.69552,-0.05692,-0.97965,-0.64788,-0.01478,-0.85383,-0.54143,0.04423,-0.71710,-0.49456,0.06630,-0.77307,-0.43096,-0.12409,-1.00267,-0.41624,-0.06894,-0.89237,-0.34437,0.01490,-0.76188,-0.31731,0.04488,-0.79486,-0.16830,-0.18046,-1.05063,-0.18359,-0.10926,-0.95648,-0.13419,-0.00649,-0.81381,-0.10892,0.05382
nike,-0.00000,0.00000,0.00000,0.00206,-0.51810,0.13250,-0.09745,-0.92406,0.13114,-0.07843,-1.28423,0.09389,0.00716,-1.50423,0.04085,-0.58075,-0.90157,0.02351,-0.95401,-1.13310,0.03504,-1.17010,-1.25615,0.03929,-1.33851,-1.34545,0.03443,-0.71003,-0.70418,-0.04815,-0.93154,-0.69310,0.01368,-0.79638,-0.60685,0.07794,-0.66525,-0.55173,0.09826,-0.76876,-0.42984,-0.10095,-0.96628,-0.45483,-0.02952,-0.84845,-0.39638,0.05286,-0.72089,-0.35704,0.07863,-0.79356,-0.16180,-0.14218,-1.03977,-0.20523,-0.05761,-0.94896,-0.17883,0.04876,-0.81350,-0.15608,0.11020
nike,-0.00000,0.00000,0.00000,0.02953,-0.50203,0.06942,-0.03621,-0.92317,0.03438,0.00103,-1.29042,-0.02593,0.08791,-1.52315,-0.09752,-0.54122,-0.92773,-0.04001,-0.88937,-1.16682,-0.05248,-1.09772,-1.30511,-0.06297,-1.25807,-1.40257,-0.07663,-0.67483,-0.73797,-0.09237,-0.85728,-0.72952,-0.05488,-0.72294,-0.64259,0.00049,-0.59673,-0.57202,0.01796,-0.73641,-0.46636,-0.13118,-0.90933,-0.50044,-0.09199,-0.78989,-0.43785,-0.01400,-0.66031,-0.37734,0.01770,-0.76838,-0.19246,-0.16383,-1.01075,-0.24724,-0.11037,-0.93029,-0.22396,-0.01148,-0.80111,-0.18933,0.05244
nike,-0.00000,0.00000,0.00000,0.04521,-0.50817,0.06560,-0.00860,-0.93392,0.02541,0.03670,-1.30315,-0.03609,0.12413,-1.53536,-0.11022,-0.53006,-0.94678,-0.05670,-0.87233,-1.18004,-0.06795,-1.08337,-1.31487,-0.07955,-1.24751,-1.40539,-0.09436,-0.66402,-0.74772,-0.10052,-0.82968,-0.73991,-0.04880,-0.69418,-0.66505,0.01179,-0.57752,-0.60285,0.02701,-0.72462,-0.47328,-0.12916,-0.88506,-0.51494,-0.07747,-0.76601,-0.46117,0.00386,-0.63993,-0.40759,0.03316,-0.75692,-0.20396,-0.15124,-0.98793,-0.28111,-0.08936,-0.90773,-0.25289,0.01370,-0.78099,-0.21219,0.07871
nike,-0.00000,0.00000,0.00000,0.05990,-0.51535,0.06209,0.00954,-0.93992,0.01628,0.05611,-1.31263,-0.05006,0.14460,-1.54918,-0.12951,-0.52471,-0.95900,-0.06605,-0.87433,-1.19333,-0.07951,-1.09338,-1.33806,-0.09274,-1.26058,-1.42854,-0.10864,-0.66372,-0.74798,-0.10745,-0.83554,-0.75111,-0.05280,-0.70036,-0.68158,0.01595,-0.58185,-0.61326,0.03570,-0.72590,-0.46572,-0.13426,-0.90772,-0.51863,-0.07658,-0.79404,-0.47111,0.01497,-0.66288,-0.41026,0.04913,-0.75544,-0.19529,-0.15552,-0.99504,-0.27546,-0.09206,-0.92624,-0.26003,0.01283,-0.80290,-0.22581,0.07880
nike,-0.00000,0.00000,0.00000,0.05557,-0.51433,0.05829,0.00358,-0.94422,0.01398,0.05316,-1.32096,-0.05120,0.14002,-1.56335,-0.12929,-0.52420,-0.96110,-0.05353,-0.86214,-1.19894,-0.06016,-1.07286,-1.34361,-0.07021,-1.23555,-1.43680,-0.08443,-0.65818,-0.75286,-0.09213,-0.82244,-0.77112,-0.03087,-0.68803,-0.69926,0.03858,-0.57301,-0.62729,0.05864,-0.71864,-0.47362,-0.11722,-0.89260,-0.54390,-0.05669,-0.77364,-0.49256,0.03426,-0.64428,-0.42978,0.06846,-0.75009,-0.20213,-0.13734,-0.99769,-0.29542,-0.07239,-0.92035,-0.28099,0.03317,-0.79027,-0.24505,0.09926
nike,-0.00000,0.00000,0.00000,0.06356,-0.51933,0.05587,0.01581,-0.94299,0.01096,0.06176,-1.31652,-0.05395,0.14841,-1.55308,-0.13190,-0.52618,-0.96139,-0.05719,-0.86372,-1.20039,-0.06386,-1.07419,-1.34763,-0.07516,-1.23761,-1.44297,-0.09072,-0.66641,-0.74559,-0.09313,-0.81017,-0.77992,-0.03197,-0.67579,-0.71907,0.03560,-0.56756,-0.63989,0.05313,-0.72567,-0.46505,-0.11521,-0.88629,-0.54742,-0.05576,-0.76710,-0.50745,0.03329,-0.64149,-0.43725,0.06623,-0.75527,-0.19800,-0.13232,-0.99277,-0.29745,-0.06925,-0.91670,-0.29098,0.03413,-0.79164,-0.24915,0.09941
nike,-0.00000,0.00000,0.00000,0.06450,-0.52008,0.05995,0.01597,-0.94360,0.01587,0.06380,-1.32200,-0.04910,0.14984,-1.56297,-0.12734,-0.52398,-0.96467,-0.04935,-0.86443,-1.20496,-0.05331,-1.07569,-1.35334,-0.06245,-1.23886,-1.44719,-0.07586,-0.66194,-0.74955,-0.08590,-0.81647,-0.77526,-0.01756,-0.68173,-0.70934,0.05576,-0.57076,-0.63169,0.07737,-0.72111,-0.46691,-0.10889,-0.89028,-0.54343,-0.04278,-0.77133,-0.49725,0.05063,-0.64469,-0.43024,0.08588,-0.75034,-0.19541,-0.12679,-0.99497,-0.29148,-0.05713,-0.92077,-0.28268,0.05048,-0.79503,-0.24553,0.11792
nike,-0.00000,0.00000,0.00000,0.06464,-0.51306,0.04256,0.01602,-0.93961,-0.00935,0.06158,-1.31908,-0.07998,0.14752,-1.56062,-0.16301,-0.52196,-0.96241,-0.07062,-0.86298,-1.19879,-0.08907,-1.07446,-1.34615,-0.10756,-1.23805,-1.44168,-0.12752,-0.66088,-0.75049,-0.10582,-0.81226,-0.77723,-0.05735,-0.68081,-0.71310,0.00609,-0.57208,-0.63815,0.02275,-0.72216,-0.46870,-0.12923,-0.89028,-0.54894,-0.08120,-0.77079,-0.50714,0.00836,-0.64271,-0.44140,0.04402,-0.75243,-0.19507,-0.14926,-0.99694,-0.29149,-0.09476,-0.92163,-0.28595,0.00760,-0.79519,-0.24816,0.07371
nike,-0.00000,0.00000,0.00000,0.06415,-0.51449,0.05525,0.01333,-0.94233,0.01030,0.05775,-1.32126,-0.05531,0.14034,-1.56366,-0.13355,-0.52025,-0.96689,-0.05159,-0.86070,-1.20157,-0.06109,-1.07003,-1.34901,-0.07373,-1.23123,-1.44321,-0.08875,-0.65704,-0.75386,-0.08816,-0.80921,-0.78196,-0.02566,-0.67564,-0.71621,0.04615,-0.56390,-0.63796,0.06823,-0.71549,-0.47155,-0.11240,-0.88079,-0.55779,-0.05556,-0.76064,-0.51050,0.03723,-0.63300,-0.44144,0.07492,-0.74527,-0.19596,-0.13171,-0.99481,-0.29976,-0.06961,-0.92038,-0.29526,0.03722,-0.79262,-0.26025,0.10580
nike,-0.00000,0.00000,0.00000,0.06187,-0.51342,0.04875,0.01013,-0.94179,-0.00057,0.06066,-1.32266,-0.07048,0.14403,-1.56771,-0.15273,-0.52017,-0.96741,-0.05833,-0.85762,-1.20684,-0.07773,-1.06686,-1.35705,-0.09717,-1.22817,-1.45101,-0.11540,-0.65473,-0.75586,-0.09346,-0.81030,-0.79467,-0.04142,-0.67697,-0.73249,0.02825,-0.56132,-0.65211,0.05210,-0.71338,-0.47489,-0.11748,-0.88219,-0.57021,-0.06830,-0.76235,-0.52605,0.02600,-0.63266,-0.45332,0.06812,-0.74277,-0.20023,-0.13749,-0.99516,-0.30862,-0.08123,-0.92136,-0.31036,0.02502,-0.79306,-0.27402,0.09563
nike,-0.00000,0.00000,0.00000,0.06707,-0.51225,0.04761,0.01882,-0.93755,-0.00117,0.07102,-1.31777,-0.06913,0.15249,-1.56011,-0.14944,-0.51205,-0.97044,-0.06426,-0.84509,-1.21326,-0.08397,-1.05333,-1.36474,-0.10310,-1.21507,-1.45947,-0.12053,-0.65004,-0.75990,-0.09510,-0.78943,-0.81233,-0.03841,-0.65779,-0.75247,0.03400,-0.54725,-0.66640,0.05799,-0.70922,-0.48067,-0.11467,-0.85969,-0.58637,-0.06345,-0.74045,-0.54370,0.02719,-0.61596,-0.46632,0.06584,-0.74098,-0.21036,-0.12971,-0.97949,-0.32393,-0.07186,-0.90189,-0.32274,0.03170,-0.77534,-0.27897,0.09948
nike,-0.00000,0.00000,0.00000,0.07294,-0.51882,0.04634,0.02838,-0.94269,-0.00486,0.08608,-1.32292,-0.07552,0.16995,-1.56517,-0.15830,-0.49976,-0.98321,-0.07196,-0.83298,-1.24137,-0.09893,-1.04029,-1.40264,-0.12120,-1.20336,-1.50415,-0.13854,-0.63983,-0.76852,-0.09939,-0.77620,-0.85410,-0.04374,-0.64118,-0.79983,0.03561,-0.53326,-0.70310,0.06572,-0.69886,-0.48868,-0.11615,-0.84365,-0.62163,-0.06764,-0.72090,-0.58514,0.02659,-0.60131,-0.49738,0.07007,-0.73308,-0.21977,-0.12800,-0.97661,-0.35026,-0.06935,-0.89405,-0.36342,0.03711,-0.76535,-0.31770,0.10755
nike,-0.00000,0.00000,0.00000,0.07740,-0.51570,0.03780,0.04372,-0.93187,-0.01753,0.11031,-1.30475,-0.09229,0.19606,-1.54372,-0.17791,-0.48879,-0.99310,-0.07921,-0.81219,-1.27442,-0.11727,-1.01391,-1.44903,-0.14696,-1.17486,-1.56164,-0.16699,-0.63167,-0.77524,-0.10303,-0.76350,-0.90032,-0.06266,-0.62475,-0.85693,0.01408,-0.51346,-0.75150,0.04874,-0.68971,-0.49466,-0.11766,-0.82871,-0.66020,-0.08238,-0.70268,-0.63229,0.01146,-0.58591,-0.53652,0.06189,-0.72437,-0.22523,-0.12783,-0.97122,-0.37338,-0.07635,-0.88777,-0.40550,0.02882,-0.76322,-0.36391,0.10230
nike,-0.00000,0.00000,0.00000,0.09471,-0.48378,0.02406,0.08267,-0.88968,-0.03178,0.17075,-1.24230,-0.10368,0.28492,-1.46274,-0.18515,-0.38991,-1.03481,-0.07750,-0.68499,-1.36308,-0.11923,-0.87585,-1.56133,-0.15079,-1.02827,-1.70083,-0.17311,-0.54132,-0.84081,-0.09951,-0.70182,-1.00285,-0.07778,-0.58477,-0.92516,-0.01749,-0.47338,-0.81847,0.01239,-0.61818,-0.57844,-0.11419,-0.75684,-0.77181,-0.08505,-0.65914,-0.71125,-0.00456,-0.55380,-0.61543,0.03885,-0.66879,-0.31845,-0.12604,-0.89367,-0.51209,-0.07791,-0.85432,-0.55398,0.01399,-0.77259,-0.55299,0.07683
nike,-0.00000,0.00000,0.00000,0.11508,-0.44940,0.01700,0.13024,-0.84912,-0.04889,0.23394,-1.20032,-0.13187,0.34685,-1.41334,-0.22382,-0.31902,-1.05297,-0.11348,-0.59679,-1.42145,-0.18965,-0.78461,-1.63970,-0.23980,-0.93817,-1.79187,-0.26870,-0.47508,-0.87994,-0.13984,-0.63714,-1.06402,-0.15360,-0.52041,-0.97390,-0.09575,-0.40896,-0.84263,-0.06115,-0.56683,-0.62733,-0.16067,-0.71544,-0.82968,-0.16867,-0.61722,-0.75949,-0.08837,-0.51552,-0.63832,-0.03634,-0.63740,-0.37212,-0.17782,-0.85722,-0.58542,-0.14691,-0.78119,-0.58362,-0.04966,-0.67437,-0.52078,0.02024
nike,-0.00000,0.00000,0.00000,0.13944,-0.44405,0.01101,0.17639,-0.83621,-0.06494,0.30238,-1.17976,-0.15756,0.43304,-1.38912,-0.25891,-0.26570,-1.06594,-0.12837,-0.52212,-1.46741,-0.22010,-0.69992,-1.71338,-0.28077,-0.84753,-1.88102,-0.31413,-0.43085,-0.90243,-0.15033,-0.56472,-1.12054,-0.17215,-0.44966,-1.03180,-0.10982,-0.35205,-0.88989,-0.07040,-0.53230,-0.65876,-0.16779,-0.66056,-0.89372,-0.18426,-0.56281,-0.82584,-0.09885,-0.46801,-0.69438,-0.04005,-0.61313,-0.41248,-0.18145,-0.81532,-0.65081,-0.15443,-0.73154,-0.64747,-0.05346,-0.62191,-0.57288,0.02136
nike,-0.00000,0.00000,0.00000,0.16164,-0.43902,0.01485,0.21087,-0.83007,-0.06477,0.35857,-1.17895,-0.15585,0.50013,-1.38604,-0.25803,-0.22693,-1.05861,-0.16458,-0.47436,-1.51369,-0.26516,-0.64610,-1.79681,-0.32977,-0.79456,-1.99114,-0.36412,-0.41765,-0.90861,-0.16975,-0.52296,-1.17848,-0.17689,-0.40515,-1.09636,-0.09373,-0.31805,-0.95076,-0.04381,-0.53483,-0.67665,-0.16663,-0.62525,-0.94074,-0.15854,-0.53201,-0.88316,-0.05294,-0.44547,-0.74535,0.01363,-0.62347,-0.45491,-0.15911,-0.78355,-0.70487,-0.11679,-0.70957,-0.70199,-0.00860,-0.62419,-0.62363,0.06943
nike,-0.00000,0.00000,0.00000,0.17047,-0.44006,0.01060,0.22812,-0.83219,-0.07141,0.38659,-1.17248,-0.16466,0.53476,-1.37219,-0.26994,-0.21351,-1.06276,-0.16995,-0.46254,-1.52563,-0.27662,-0.63638,-1.80574,-0.34940,-0.79058,-2.00048,-0.39025,-0.40650,-0.91365,-0.17406,-0.50849,-1.20050,-0.18824,-0.38396,-1.12280,-0.11332,-0.30032,-0.98089,-0.06910,-0.52535,-0.68407,-0.16976,-0.61298,-0.96601,-0.16835,-0.51266,-0.91394,-0.06858,-0.42814,-0.77287,-0.00470,-0.61183,-0.46366,-0.16093,-0.77233,-0.73013,-0.12335,-0.69290,-0.73172,-0.01714,-0.60616,-0.64407,0.06039
nike,-0.00000,0.00000,0.00000,0.17603,-0.43894,0.02937,0.23431,-0.82631,-0.05425,0.39907,-1.16946,-0.15104,0.54924,-1.36916,-0.26338,-0.21464,-1.06527,-0.17239,-0.47515,-1.51990,-0.27754,-0.65902,-1.79502,-0.35041,-0.82196,-1.98378,-0.38969,-0.40230,-0.91551,-0.17834,-0.52054,-1.19523,-0.17443,-0.38970,-1.11354,-0.08797,-0.30191,-0.97634,-0.04075,-0.51837,-0.67977,-0.17241,-0.62270,-0.96370,-0.15654,-0.51753,-0.90972,-0.04935,-0.42438,-0.76677,0.01456,-0.60294,-0.45464,-0.15892,-0.76519,-0.72701,-0.10396,-0.68533,-0.71631,0.01477,-0.59653,-0.62039,0.09685
nike,-0.00000,0.00000,0.00000,0.17991,-0.44421,0.05984,0.23699,-0.82254,-0.01334,0.40549,-1.16354,-0.09969,0.55196,-1.37105,-0.20387,-0.21186,-1.06344,-0.16393,-0.48190,-1.51748,-0.24488,-0.65951,-1.78948,-0.30323,-0.81561,-1.98155,-0.33377,-0.40106,-0.91605,-0.16528,-0.50866,-1.19998,-0.10981,-0.37582,-1.11866,0.00710,-0.29370,-0.98604,0.06389,-0.51466,-0.68037,-0.14973,-0.60983,-0.97284,-0.08416,-0.50409,-0.91497,0.04242,-0.41300,-0.77312,0.10549,-0.59829,-0.46390,-0.12360,-0.74987,-0.73365,-0.03298,-0.67116,-0.71950,0.09854,-0.58824,-0.62611,0.18157
nike,-0.00000,0.00000,0.00000,0.17404,-0.42710,0.03758,0.23088,-0.80816,-0.04238,0.39432,-1.15072,-0.13270,0.53594,-1.35689,-0.23862,-0.21630,-1.05361,-0.18395,-0.48115,-1.50747,-0.27849,-0.66230,-1.77489,-0.34096,-0.82002,-1.95828,-0.37207,-0.40795,-0.91300,-0.18119,-0.50235,-1.19619,-0.14962,-0.37507,-1.12305,-0.04400,-0.29338,-0.99132,0.01047,-0.52358,-0.68422,-0.16407,-0.60664,-0.96713,-0.12251,-0.50360,-0.91729,-0.00632,-0.41312,-0.78076,0.05648,-0.60694,-0.47113,-0.13804,-0.74258,-0.72999,-0.06548,-0.66321,-0.71971,0.05624,-0.57884,-0.62860,0.13700
nike,-0.00000,0.00000,0.00000,0.17153,-0.43150,0.04703,0.22796,-0.81308,-0.02420,0.38990,-1.15198,-0.10295,0.52911,-1.35682,-0.19694,-0.22181,-1.04732,-0.17872,-0.47947,-1.50215,-0.25972,-0.65434,-1.76678,-0.31350,-0.80707,-1.94973,-0.33878,-0.41314,-0.91067,-0.16851,-0.49540,-1.20031,-0.11443,-0.36919,-1.13925,0.00192,-0.29311,-1.01197,0.06114,-0.52503,-0.68739,-0.14184,-0.59416,-0.97243,-0.07626,-0.49158,-0.93291,0.04402,-0.40385,-0.80575,0.10584,-0.60462,-0.48262,-0.10532,-0.73619,-0.73035,-0.01655,-0.66984,-0.73663,0.10503,-0.59789,-0.66520,0.18402
nike,-0.00000,0.00000,0.00000,0.17445,-0.43629,0.03886,0.22462,-0.82472,-0.02792,0.38232,-1.16302,-0.10312,0.52506,-1.36108,-0.19285,-0.22508,-1.04819,-0.16100,-0.48183,-1.50029,-0.23409,-0.65699,-1.76059,-0.28177,-0.81092,-1.93879,-0.30488,-0.41651,-0.90913,-0.15344,-0.49108,-1.20025,-0.10882,-0.36342,-1.13788,-0.00572,-0.28954,-1.00802,0.04636,-0.52984,-0.68753,-0.13109,-0.58738,-0.97758,-0.07526,-0.48259,-0.93297,0.03319,-0.39996,-0.80208,0.08876,-0.60804,-0.48417,-0.10015,-0.73240,-0.73738,-0.01862,-0.65842,-0.73794,0.09571,-0.58309,-0.65465,0.17003
nike,-0.00000,0.00000,0.00000,0.17776,-0.44196,0.03485,0.22201,-0.83843,-0.03052,0.38197,-1.17701,-0.10462,0.52390,-1.37319,-0.19355,-0.23461,-1.05507,-0.15227,-0.50773,-1.49970,-0.22032,-0.68650,-1.75203,-0.26883,-0.84613,-1.92637,-0.29503,-0.42891,-0.90335,-0.14649,-0.50015,-1.19309,-0.10424,-0.36248,-1.13674,-0.00963,-0.28563,-1.00697,0.03559,-0.54013,-0.67704,-0.12616,-0.59184,-0.96852,-0.06977,-0.48032,-0.92466,0.03657,-0.39865,-0.79084,0.08905,-0.61264,-0.47156,-0.09854,-0.73715,-0.72749,-0.01724,-0.65247,-0.72628,0.09725,-0.57111,-0.63446,0.17121
nike,-0.00000,0.00000,0.00000,0.17041,-0.45409,0.01707,0.20621,-0.86348,-0.05757,0.35794,-1.21224,-0.14038,0.49602,-1.42000,-0.23750,-0.25532,-1.06514,-0.15811,-0.54369,-1.49485,-0.24042,-0.73292,-1.74708,-0.29910,-0.89807,-1.91925,-0.33220,-0.43975,-0.89812,-0.15555,-0.54466,-1.17814,-0.14081,-0.41110,-1.12769,-0.06257,-0.32771,-1.00539,-0.02200,-0.54497,-0.66108,-0.14073,-0.63296,-0.96104,-0.10890,-0.52493,-0.92332,-0.00342,-0.43712,-0.79650,0.05620,-0.61247,-0.43877,-0.12079,-0.76020,-0.70706,-0.06145,-0.69542,-0.72519,0.05075,-0.62730,-0.65673,0.12940
nike,-0.00000,0.00000,0.00000,0.16846,-0.47143,0.02918,0.19859,-0.88218,-0.04216,0.34370,-1.23469,-0.12243,0.47022,-1.45320,-0.21805,-0.27852,-1.06446,-0.15713,-0.58384,-1.48635,-0.22815,-0.77697,-1.72931,-0.27979,-0.94851,-1.89834,-0.30926,-0.46350,-0.88610,-0.15346,-0.56901,-1.16048,-0.11481,-0.43087,-1.10917,-0.02421,-0.35034,-0.99038,0.01840,-0.56578,-0.64265,-0.13511,-0.65328,-0.93571,-0.07826,-0.53921,-0.89958,0.03581,-0.44981,-0.77438,0.09329,-0.62954,-0.42257,-0.11110,-0.78539,-0.68897,-0.03541,-0.70746,-0.70308,0.08266,-0.62474,-0.62695,0.16147
nike,-0.00000,0.00000,0.00000,0.17246,-0.46861,0.02492,0.19516,-0.87972,-0.04340,0.33509,-1.23762,-0.12334,0.46547,-1.45419,-0.21811,-0.28895,-1.06402,-0.13449,-0.60082,-1.46370,-0.20188,-0.80000,-1.68952,-0.25389,-0.97499,-1.84525,-0.28681,-0.47308,-0.88102,-0.13901,-0.56575,-1.15166,-0.11374,-0.42716,-1.09979,-0.03894,-0.34886,-0.97636,-0.00655,-0.57352,-0.63544,-0.13133,-0.64520,-0.92759,-0.08986,-0.52957,-0.88319,0.01220,-0.44648,-0.75097,0.06256,-0.63517,-0.41468,-0.11909,-0.77572,-0.68173,-0.05430,-0.68614,-0.67524,0.05713,-0.59980,-0.57494,0.13081
nike,-0.00000,0.00000,0.00000,0.15543,-0.45849,0.00535,0.17205,-0.87275,-0.07072,0.29315,-1.23512,-0.15898,0.41658,-1.46467,-0.25966,-0.31727,-1.04419,-0.13606,-0.62955,-1.42479,-0.21572,-0.83489,-1.62997,-0.27581,-1.01397,-1.77132,-0.31257,-0.49662,-0.86797,-0.14068,-0.56197,-1.09947,-0.13440,-0.42676,-1.04836,-0.07009,-0.35469,-0.92944,-0.04153,-0.59127,-0.62761,-0.13771,-0.63650,-0.88426,-0.12063,-0.52376,-0.84180,-0.02875,-0.44474,-0.71868,0.02067,-0.64739,-0.41015,-0.13213,-0.77251,-0.64521,-0.08176,-0.68081,-0.63505,0.02419,-0.59017,-0.53935,0.09712
nike,-0.00000,0.00000,0.00000,0.15402,-0.46587,-0.00102,0.16134,-0.88817,-0.06937,0.27953,-1.24618,-0.14698,0.39922,-1.47313,-0.23581,-0.32822,-1.05461,-0.12150,-0.63358,-1.42071,-0.18656,-0.83878,-1.61766,-0.23712,-1.01714,-1.74743,-0.26908,-0.50018,-0.86592,-0.12265,-0.56359,-1.08706,-0.11458,-0.42614,-1.03444,-0.05927,-0.35174,-0.91407,-0.03502,-0.58724,-0.61644,-0.11643,-0.63832,-0.87046,-0.10134,-0.52296,-0.82589,-0.01939,-0.44262,-0.70679,0.02598,-0.63461,-0.39032,-0.10758,-0.76387,-0.63142,-0.06250,-0.68604,-0.63080,0.03528,-0.60921,-0.54542,0.10481
nike,-0.00000,0.00000,0.00000,0.15177,-0.46976,-0.00291,0.15958,-0.88784,-0.07022,0.27525,-1.24827,-0.14621,0.39107,-1.47802,-0.23365,-0.34249,-1.04063,-0.12268,-0.65408,-1.40655,-0.18213,-0.85694,-1.60465,-0.22781,-1.03329,-1.73677,-0.25744,-0.51883,-0.85488,-0.11970,-0.55868,-1.07599,-0.10526,-0.41505,-1.02862,-0.04741,-0.34769,-0.90707,-0.02352,-0.60570,-0.60545,-0.10877,-0.63405,-0.85468,-0.08606,-0.51289,-0.81023,-0.00359,-0.43964,-0.68853,0.03937,-0.65147,-0.37925,-0.09557,-0.76338,-0.60631,-0.04459,-0.67529,-0.60246,0.05339,-0.59816,-0.51027,0.12182
nike,-0.00000,0.00000,0.00000,0.14987,-0.47957,0.02219,0.15683,-0.89668,-0.03923,0.26723,-1.26988,-0.11213,0.38248,-1.49920,-0.19910,-0.34698,-1.03866,-0.10999,-0.66787,-1.40817,-0.15815,-0.87290,-1.60702,-0.19543,-1.04455,-1.74100,-0.22085,-0.52574,-0.85065,-0.11296,-0.57905,-1.08044,-0.08126,-0.43877,-1.02677,-0.01036,-0.36325,-0.90183,0.01785,-0.61638,-0.59733,-0.10515,-0.65187,-0.85519,-0.06372,-0.53440,-0.80019,0.02715,-0.45854,-0.67451,0.06844,-0.66587,-0.36999,-0.09283,-0.76787,-0.60843,-0.02562,-0.67208,-0.58248,0.07976,-0.59201,-0.47386,0.14735
nike,-0.00000,0.00000,0.00000,0.15478,-0.47783,0.02692,0.16167,-0.89278,-0.03525,0.26542,-1.26423,-0.11075,0.38008,-1.48665,-0.20085,-0.33079,-1.04078,-0.11459,-0.65182,-1.39718,-0.17198,-0.86371,-1.59773,-0.21428,-1.03719,-1.73222,-0.24229,-0.51102,-0.85957,-0.12646,-0.56510,-1.08183,-0.10115,-0.43337,-1.02160,-0.03204,-0.36080,-0.89822,-0.00559,-0.60606,-0.61089,-0.12787,-0.64112,-0.85938,-0.09466,-0.52949,-0.80532,-0.00385,-0.45340,-0.68162,0.03777,-0.66142,-0.38359,-0.12470,-0.75562,-0.61511,-0.06206,-0.66305,-0.58608,0.04399,-0.58282,-0.47679,0.11204
nike,-0.00000,0.00000,0.00000,0.16231,-0.47725,0.03202,0.17547,-0.89675,-0.02839,0.27051,-1.26657,-0.10297,0.38158,-1.48932,-0.19261,-0.32059,-1.04057,-0.11524,-0.63593,-1.39323,-0.17218,-0.84660,-1.59214,-0.21279,-1.01939,-1.72704,-0.23935,-0.50559,-0.86277,-0.13300,-0.53245,-1.05676,-0.11088,-0.40891,-0.98503,-0.04647,-0.35006,-0.86195,-0.02401,-0.60302,-0.61755,-0.13921,-0.60570,-0.84152,-0.11376,-0.50113,-0.77739,-0.02869,-0.43573,-0.65335,0.00948,-0.66283,-0.39425,-0.13974,-0.73052,-0.61734,-0.08458,-0.63907,-0.56954,0.01909,-0.56459,-0.44950,0.08651
nike,-0.00000,0.00000,0.00000,0.15494,-0.46165,0.02155,0.16468,-0.88686,-0.03614,0.23607,-1.25572,-0.10566,0.33706,-1.48531,-0.18763,-0.32716,-1.02015,-0.10407,-0.62627,-1.37290,-0.15847,-0.83105,-1.56630,-0.19694,-0.99070,-1.70077,-0.21759,-0.51030,-0.86000,-0.11487,-0.51085,-0.98765,-0.09885,-0.38488,-0.91506,-0.04448,-0.31688,-0.80625,-0.02068,-0.60356,-0.62758,-0.11517,-0.56751,-0.78066,-0.10820,-0.46966,-0.71181,-0.04713,-0.40516,-0.59840,-0.01465,-0.66431,-0.41901,-0.10758,-0.68337,-0.58606,-0.06188,-0.59318,-0.52574,0.03294,-0.52067,-0.41242,0.10075
nike,-0.00000,0.00000,0.00000,0.14169,-0.47348,0.02809,0.15127,-0.89071,-0.02378,0.22764,-1.25302,-0.08784,0.32448,-1.47900,-0.16587,-0.34713,-1.01317,-0.10662,-0.64112,-1.35981,-0.15568,-0.84413,-1.55786,-0.19352,-1.00962,-1.68960,-0.21699,-0.52155,-0.85322,-0.11851,-0.53800,-0.97092,-0.09249,-0.42089,-0.90648,-0.03869,-0.35292,-0.79913,-0.02094,-0.60377,-0.61244,-0.11821,-0.58494,-0.77668,-0.09923,-0.48938,-0.71727,-0.03854,-0.41978,-0.60055,-0.01076,-0.65118,-0.39193,-0.11039,-0.70321,-0.58461,-0.06819,-0.63215,-0.55164,0.01827,-0.56237,-0.44358,0.08011
nike,-0.00000,0.00000,0.00000,0.14470,-0.46707,0.02254,0.15090,-0.88909,-0.02781,0.22780,-1.24661,-0.08968,0.32573,-1.46637,-0.16501,-0.33363,-1.01616,-0.10667,-0.62489,-1.35273,-0.16046,-0.82826,-1.55081,-0.20176,-0.99305,-1.68355,-0.22761,-0.51425,-0.85764,-0.12158,-0.49360,-0.99769,-0.10623,-0.38157,-0.92939,-0.06037,-0.32452,-0.81210,-0.04577,-0.60743,-0.62463,-0.12578,-0.56805,-0.81078,-0.11923,-0.47299,-0.74945,-0.06453,-0.40872,-0.62951,-0.03669,-0.66663,-0.41172,-0.12344,-0.71053,-0.62360,-0.09428,-0.64729,-0.59683,-0.01425,-0.58691,-0.48875,0.04657
nike,-0.00000,0.00000,0.00000,0.15081,-0.47249,0.03513,0.17129,-0.89668,-0.02298,0.24924,-1.25694,-0.09577,0.35196,-1.48310,-0.18139,-0.30115,-1.03260,-0.11687,-0.60145,-1.38420,-0.18311,-0.80914,-1.58369,-0.22489,-0.97472,-1.72412,-0.24873,-0.49502,-0.86888,-0.14446,-0.49074,-1.06452,-0.13996,-0.38092,-0.99524,-0.07996,-0.32431,-0.85908,-0.05390,-0.60001,-0.63812,-0.16182,-0.56791,-0.84912,-0.16478,-0.47287,-0.78047,-0.09299,-0.41286,-0.64922,-0.05403,-0.67513,-0.42055,-0.17138,-0.69359,-0.63588,-0.13666,-0.60697,-0.57918,-0.04169,-0.54331,-0.45308,0.02586
nike,-0.00000,0.00000,0.00000,0.16082,-0.47074,0.04696,0.17651,-0.88885,-0.00688,0.25617,-1.25186,-0.07693,0.36042,-1.47844,-0.15952,-0.28681,-1.04468,-0.09785,-0.59059,-1.40680,-0.15631,-0.78926,-1.61755,-0.19197,-0.94964,-1.76668,-0.21168,-0.47976,-0.87740,-0.12519,-0.51609,-1.08381,-0.11032,-0.40462,-1.01373,-0.04053,-0.34283,-0.87706,-0.00838,-0.59136,-0.64599,-0.14219,-0.59150,-0.86850,-0.13091,-0.49531,-0.80040,-0.05144,-0.43437,-0.66876,-0.01039,-0.67576,-0.43202,-0.15072,-0.71046,-0.65132,-0.10101,-0.62126,-0.59132,-0.00138,-0.55712,-0.46449,0.06535
nike,-0.00000,0.00000,0.00000,0.14813,-0.45893,0.10864,0.16462,-0.85571,0.08606,0.25601,-1.20781,0.04001,0.36534,-1.40760,-0.02349,-0.28791,-1.04039,-0.04663,-0.59411,-1.40143,-0.07135,-0.78344,-1.61870,-0.09203,-0.93846,-1.76690,-0.10269,-0.46037,-0.88773,-0.07443,-0.59384,-1.01108,0.00614,-0.48701,-0.89673,0.10727,-0.40543,-0.77497,0.14882,-0.57182,-0.63557,-0.08477,-0.66904,-0.79138,-0.00221,-0.57823,-0.69854,0.09454,-0.49226,-0.58125,0.13010,-0.66034,-0.39906,-0.08160,-0.78283,-0.57342,0.02424,-0.69292,-0.50600,0.14100,-0.60139,-0.40014,0.20702
nike,-0.00000,0.00000,0.00000,0.09198,-0.39430,0.03787,0.09684,-0.80484,-0.02097,0.16420,-1.12326,-0.09805,0.28493,-1.32416,-0.18891,-0.30877,-1.01356,-0.14107,-0.61567,-1.39051,-0.20419,-0.82470,-1.60843,-0.24341,-0.98796,-1.76814,-0.27382,-0.44754,-0.89427,-0.19730,-0.71814,-0.87073,-0.23071,-0.63039,-0.70774,-0.19826,-0.50799,-0.61935,-0.18697,-0.56581,-0.65623,-0.23912,-0.78484,-0.67601,-0.25612,-0.70409,-0.54194,-0.17976,-0.58591,-0.45368,-0.14176,-0.67227,-0.40573,-0.27650,-0.88105,-0.50512,-0.25917,-0.80452,-0.39035,-0.16256,-0.69838,-0.29802,-0.09698
nike,-0.00000,0.00000,0.00000,0.03196,-0.32919,0.02629,-0.00050,-0.72085,-0.03294,0.05698,-1.01561,-0.11518,0.17572,-1.20572,-0.20712,-0.33811,-0.97728,-0.11189,-0.63836,-1.35698,-0.18450,-0.84064,-1.58239,-0.23303,-0.99276,-1.75878,-0.27233,-0.44962,-0.89322,-0.18073,-0.76419,-0.82820,-0.24825,-0.68900,-0.64639,-0.23862,-0.55441,-0.58501,-0.23551,-0.56134,-0.69079,-0.24078,-0.83417,-0.65703,-0.28716,-0.74941,-0.50358,-0.22071,-0.62030,-0.44463,-0.18321,-0.67105,-0.46339,-0.30035,-0.89540,-0.51351,-0.30550,-0.81395,-0.38022,-0.22238,-0.70455,-0.30214,-0.16413
nike,-0.00000,0.00000,0.00000,-0.04415,-0.28949,0.07427,-0.15320,-0.62212,0.05029,-0.14349,-0.86364,-0.00899,-0.06320,-1.01050,-0.07629,-0.41189,-0.94717,-0.01515,-0.70022,-1.28268,-0.08040,-0.89296,-1.49757,-0.13359,-1.03172,-1.67801,-0.17774,-0.46313,-0.88629,-0.11212,-0.83804,-0.77752,-0.19128,-0.78663,-0.58285,-0.20704,-0.64709,-0.55016,-0.21628,-0.52983,-0.72318,-0.20003,-0.87848,-0.65403,-0.25387,-0.80979,-0.48143,-0.20096,-0.68359,-0.45404,-0.16842,-0.59747,-0.52875,-0.28589,-0.89625,-0.51814,-0.29414,-0.83157,-0.36784,-0.21936,-0.71847,-0.31394,-0.16757
nike,-0.00000,0.00000,0.00000,-0.21707,-0.23506,0.07773,-0.45236,-0.52718,0.07018,-0.62788,-0.68079,0.02418,-0.77157,-0.74812,-0.02197,-0.46860,-0.92087,0.03166,-0.73730,-1.24064,-0.02651,-0.92070,-1.47305,-0.06099,-1.04880,-1.66959,-0.09151,-0.47084,-0.88222,-0.07152,-0.90163,-0.90277,-0.16765,-0.89897,-0.69643,-0.18266,-0.77913,-0.62542,-0.17875,-0.48150,-0.76775,-0.16994,-0.89197,-0.73108,-0.25143,-0.84951,-0.53854,-0.20063,-0.72366,-0.50914,-0.15675,-0.48850,-0.61194,-0.26434,-0.81541,-0.60378,-0.28866,-0.77416,-0.44918,-0.21874,-0.65759,-0.41177,-0.16790
nike,-0.00000,0.00000,0.00000,-0.32286,-0.03982,0.02639,-0.52408,-0.25654,-0.00226,-0.62367,-0.41516,-0.06953,-0.72545,-0.58599,-0.14102,-0.62986,-0.81217,0.00620,-0.83729,-1.29602,-0.07253,-0.98096,-1.55427,-0.13152,-1.06988,-1.81606,-0.18198,-0.52815,-0.84915,-0.09211,-0.81793,-1.17912,-0.24924,-0.86766,-0.96154,-0.32333,-0.79342,-0.84715,-0.34725,-0.40109,-0.84506,-0.19066,-0.69396,-1.13029,-0.35574,-0.75312,-0.79796,-0.35089,-0.67951,-0.58888,-0.30647,-0.25708,-0.79525,-0.28637,-0.51225,-1.05673,-0.41397,-0.65186,-0.85836,-0.40072,-0.67507,-0.67502,-0.36332
nike,-0.00000,0.00000,0.00000,-0.29770,-0.01078,-0.01956,-0.51996,-0.18648,-0.05029,-0.64401,-0.35109,-0.11649,-0.75354,-0.49546,-0.16974,-0.63734,-0.71899,0.02518,-0.85205,-1.01827,-0.12000,-0.77986,-0.81045,-0.22759,-0.65286,-0.67929,-0.26928,-0.54115,-0.84093,-0.04994,-0.79772,-1.31798,-0.13926,-0.93469,-1.54254,-0.21463,-1.01776,-1.77749,-0.26830,-0.39234,-0.88988,-0.14661,-0.61337,-1.20793,-0.27336,-0.61655,-0.90858,-0.29057,-0.55320,-0.67053,-0.26796,-0.21023,-0.87688,-0.24836,-0.38083,-1.19090,-0.33224,-0.48733,-1.01384,-0.30489,-0.52427,-0.79387,-0.26435
nike,-0.00000,0.00000,0.00000,-0.29214,-0.04943,-0.05414,-0.57692,-0.20917,-0.10384,-0.72862,-0.35106,-0.17029,-0.82613,-0.45518,-0.23735,-0.59139,-0.81903,-0.05028,-0.74552,-1.27489,-0.13639,-0.84737,-1.52476,-0.19575,-0.92256,-1.76553,-0.24221,-0.44995,-0.89306,-0.09781,-0.69008,-1.10103,-0.25735,-0.66564,-0.77240,-0.31223,-0.57025,-0.59638,-0.31457,-0.29514,-0.91809,-0.15170,-0.48348,-1.14385,-0.29767,-0.49169,-0.82981,-0.27194,-0.42082,-0.64275,-0.21546,-0.11168,-0.92038,-0.21130,-0.26254,-1.20270,-0.30454,-0.33687,-1.00626,-0.26541,-0.32571,-0.82447,-0.21182
nike,-0.00000,0.00000,0.00000,-0.29131,-0.02479,-0.07152,-0.57379,-0.18148,-0.13021,-0.74762,-0.28212,-0.20346,-0.85393,-0.35519,-0.27694,-0.57704,-0.82870,-0.05913,-0.74294,-1.27154,-0.14355,-0.84579,-1.50465,-0.19271,-0.90946,-1.74015,-0.23132,-0.43082,-0.90244,-0.09914,-0.68531,-1.14371,-0.24912,-0.63358,-0.77578,-0.28488,-0.51964,-0.62260,-0.27184,-0.27393,-0.94248,-0.14803,-0.47775,-1.17053,-0.29976,-0.44871,-0.82619,-0.25743,-0.34423,-0.67798,-0.18561,-0.08939,-0.96758,-0.20337,-0.23961,-1.26060,-0.30394,-0.29203,-1.01885,-0.24944,-0.25209,-0.82999,-0.18153
nike,-0.00000,0.00000,0.00000,-0.28569,0.00194,-0.08388,-0.57466,-0.12915,-0.15499,-0.75299,-0.22718,-0.23853,-0.85954,-0.30517,-0.32143,-0.59706,-0.81163,-0.08297,-0.77557,-1.26281,-0.17377,-0.88288,-1.49582,-0.22573,-0.95055,-1.72908,-0.26498,-0.44790,-0.89408,-0.11692,-0.69374,-1.16930,-0.26597,-0.64175,-0.80561,-0.29707,-0.53327,-0.64205,-0.28198,-0.28813,-0.94720,-0.16020,-0.48455,-1.19320,-0.30767,-0.45342,-0.85305,-0.25974,-0.35461,-0.69506,-0.18609,-0.10408,-0.98882,-0.21098,-0.24791,-1.28288,-0.30247,-0.29222,-1.04787,-0.24240,-0.24868,-0.86768,-0.17270
nike,-0.00000,0.00000,0.00000,-0.29396,0.01233,-0.07393,-0.60622,-0.09499,-0.13744,-0.81157,-0.20000,-0.22098,-0.94833,-0.29431,-0.30574,-0.65987,-0.74206,-0.04835,-0.86074,-1.20646,-0.14292,-0.97972,-1.46188,-0.20686,-1.06374,-1.71039,-0.25687,-0.51584,-0.85669,-0.09353,-0.76802,-1.13920,-0.26426,-0.72718,-0.82798,-0.32751,-0.61954,-0.65857,-0.33283,-0.35204,-0.94046,-0.14821,-0.56101,-1.22514,-0.31511,-0.53757,-0.90618,-0.29102,-0.43800,-0.71522,-0.22971,-0.16341,-1.00980,-0.20995,-0.31836,-1.31998,-0.31884,-0.36761,-1.10012,-0.27648,-0.32241,-0.90277,-0.21626
nike,-0.00000,0.00000,0.00000,-0.27909,0.01056,-0.04179,-0.58156,-0.10684,-0.07509,-0.77747,-0.17261,-0.12871,-0.90750,-0.17775,-0.18187,-0.66102,-0.71686,-0.00789,-0.85954,-1.07599,-0.07838,-0.93296,-1.22360,-0.11515,-0.97180,-1.39845,-0.14557,-0.52606,-0.85045,-0.05548,-0.76482,-1.09350,-0.19230,-0.68198,-0.76118,-0.22559,-0.57015,-0.62966,-0.21226,-0.36998,-0.93486,-0.11142,-0.55956,-1.16674,-0.25894,-0.50165,-0.82862,-0.22790,-0.40325,-0.68448,-0.16369,-0.18282,-0.99671,-0.17041,-0.32615,-1.27165,-0.26818,-0.36401,-1.03554,-0.22502,-0.32949,-0.86245,-0.16606
nike,-0.00000,0.00000,0.00000,-0.30788,0.02608,-0.04212,-0.61982,-0.09046,-0.08239,-0.82222,-0.14212,-0.14686,-0.96567,-0.10780,-0.20869,-0.68381,-0.69569,-0.01520,-0.91834,-1.05938,-0.10919,-0.95600,-1.10495,-0.16054,-0.95939,-1.22929,-0.19664,-0.54696,-0.83716,-0.06772,-0.81665,-1.08310,-0.21696,-0.72462,-0.73583,-0.25913,-0.60316,-0.62377,-0.25347,-0.38253,-0.94021,-0.13062,-0.60950,-1.19637,-0.28543,-0.53650,-0.83833,-0.25111,-0.41954,-0.69683,-0.18403,-0.18366,-1.02678,-0.19729,-0.34812,-1.31226,-0.29817,-0.38404,-1.06636,-0.25120,-0.34469,-0.89255,-0.18895
nike,-0.00000,0.00000,0.00000,-0.32171,0.04695,-0.04811,-0.64370,-0.06741,-0.08930,-0.85552,-0.12106,-0.15511,-1.01463,-0.08449,-0.22243,-0.70469,-0.68138,-0.01923,-0.93150,-1.13122,-0.10619,-1.02506,-1.34506,-0.15425,-1.07878,-1.58030,-0.19350,-0.56627,-0.82422,-0.07255,-0.82944,-1.07030,-0.24098,-0.73562,-0.72071,-0.28841,-0.61993,-0.60125,-0.28066,-0.39855,-0.93900,-0.13536,-0.63744,-1.21732,-0.30797,-0.55554,-0.85992,-0.27070,-0.42851,-0.71859,-0.19664,-0.19400,-1.03921,-0.20270,-0.35761,-1.36730,-0.31934,-0.39083,-1.13070,-0.27553,-0.34639,-0.95424,-0.21225
nike,-0.00000,0.00000,0.00000,-0.34817,0.04460,-0.02723,-0.67314,-0.04475,-0.04627,-0.90266,-0.07669,-0.09719,-1.05596,-0.02257,-0.14495,-0.71507,-0.64794,0.04016,-0.98236,-0.90955,-0.07056,-0.96259,-0.77039,-0.14299,-0.90478,-0.74118,-0.18155,-0.59142,-0.80637,-0.01760,-0.86145,-1.07981,-0.16855,-0.76013,-0.76941,-0.23334,-0.63111,-0.65234,-0.23809,-0.42890,-0.93348,-0.09004,-0.67209,-1.21133,-0.24766,-0.57477,-0.86324,-0.23867,-0.43995,-0.71550,-0.18063,-0.22416,-1.04071,-0.16470,-0.39405,-1.35848,-0.26473,-0.41747,-1.13131,-0.22862,-0.37546,-0.95696,-0.16916
nike,-0.00000,0.00000,0.00000,-0.30456,0.06779,-0.06679,-0.64342,-0.06278,-0.11706,-0.87511,-0.11476,-0.18773,-1.04003,-0.04784,-0.25670,-0.70449,-0.68366,-0.02844,-0.92770,-1.09305,-0.11678,-1.00916,-1.26394,-0.15523,-1.04306,-1.45400,-0.18070,-0.55529,-0.83165,-0.06900,-0.80361,-1.10989,-0.22320,-0.69195,-0.75881,-0.25183,-0.57581,-0.64146,-0.22904,-0.38217,-0.94432,-0.12229,-0.60786,-1.23307,-0.28452,-0.52219,-0.88169,-0.24070,-0.39827,-0.74205,-0.16156,-0.17831,-1.03908,-0.18188,-0.33231,-1.38281,-0.28783,-0.37223,-1.16935,-0.24497,-0.33826,-1.00404,-0.18344
nike,-0.00000,0.00000,0.00000,-0.32833,0.05662,-0.05624,-0.65985,-0.05083,-0.09695,-0.88729,-0.08280,-0.16455,-1.04036,-0.01708,-0.22565,-0.70823,-0.66582,0.00009,-0.96782,-0.96254,-0.11322,-0.95626,-0.84954,-0.17512,-0.91266,-0.85380,-0.20722,-0.57748,-0.81641,-0.04712,-0.83595,-1.07433,-0.19976,-0.74016,-0.72928,-0.25059,-0.62318,-0.61918,-0.24749,-0.41055,-0.93823,-0.11124,-0.65273,-1.21837,-0.27186,-0.56387,-0.85800,-0.25303,-0.43258,-0.71896,-0.19065,-0.20689,-1.04227,-0.18035,-0.36728,-1.37568,-0.28185,-0.40129,-1.15110,-0.24583,-0.36308,-0.97965,-0.18819
nike,-0.00000,0.00000,0.00000,-0.31049,0.07120,-0.06485,-0.66396,-0.04527,-0.11029,-0.91080,-0.07615,-0.17829,-1.06907,-0.01345,-0.24889,-0.70538,-0.67917,-0.02233,-0.91481,-1.11858,-0.09561,-1.02646,-1.35205,-0.12762,-1.09506,-1.57639,-0.15439,-0.56339,-0.82619,-0.06611,-0.83050,-1.11168,-0.22160,-0.72809,-0.76837,-0.25634,-0.60402,-0.63584,-0.23531,-0.39758,-0.94058,-0.12058,-0.63504,-1.24309,-0.28783,-0.55178,-0.89265,-0.25415,-0.41715,-0.73334,-0.17860,-0.19916,-1.04242,-0.18068,-0.35603,-1.40979,-0.29473,-0.40031,-1.20511,-0.25963,-0.36067,-1.03043,-0.20202
nike,-0.00000,0.00000,0.00000,-0.30683,0.05782,-0.06718,-0.64782,-0.06173,-0.11185,-0.88319,-0.09335,-0.17821,-1.03455,-0.01888,-0.24414,-0.69170,-0.68938,-0.01447,-0.91068,-1.07717,-0.09035,-0.99560,-1.23754,-0.12677,-1.03936,-1.42148,-0.15516,-0.55678,-0.83066,-0.05499,-0.81836,-1.09656,-0.20798,-0.72643,-0.75824,-0.24862,-0.61020,-0.62680,-0.23383,-0.39680,-0.94251,-0.10738,-0.62738,-1.23160,-0.26734,-0.55007,-0.88717,-0.24023,-0.42435,-0.72896,-0.17160,-0.20557,-1.04100,-0.16634,-0.35924,-1.38148,-0.27242,-0.39772,-1.17657,-0.23944,-0.35707,-1.00410,-0.18487
nike,-0.00000,0.00000,0.00000,-0.30930,0.05492,-0.05911,-0.65000,-0.06132,-0.10064,-0.88681,-0.09092,-0.16551,-1.04112,-0.03011,-0.23124,-0.68470,-0.69507,-0.00035,-0.90301,-1.06802,-0.07231,-0.99960,-1.22509,-0.10730,-1.04856,-1.39993,-0.13379,-0.55060,-0.83477,-0.04337,-0.80951,-1.09509,-0.18951,-0.72001,-0.76283,-0.22803,-0.60456,-0.64140,-0.21317,-0.39162,-0.94680,-0.09812,-0.62452,-1.22530,-0.25610,-0.54682,-0.88559,-0.22858,-0.41999,-0.74042,-0.16035,-0.20076,-1.04813,-0.15816,-0.36001,-1.38436,-0.26161,-0.39608,-1.17300,-0.22394,-0.35051,-0.99988,-0.16645
nike,-0.00000,0.00000,0.00000,-0.31774,0.06107,-0.06304,-0.65948,-0.05593,-0.10273,-0.89739,-0.08774,-0.16576,-1.05023,-0.02994,-0.23207,-0.69116,-0.69182,-0.00193,-0.90930,-1.11093,-0.06938,-1.02164,-1.33315,-0.10367,-1.09304,-1.54141,-0.13245,-0.55509,-0.83179,-0.04388,-0.80601,-1.11202,-0.19655,-0.70973,-0.80371,-0.24029,-0.59239,-0.66288,-0.22664,-0.39381,-0.94332,-0.09751,-0.61974,-1.24099,-0.26107,-0.54227,-0.91913,-0.24094,-0.41789,-0.75131,-0.17567,-0.20028,-1.04392,-0.15704,-0.34862,-1.39479,-0.26858,-0.39096,-1.20616,-0.24201,-0.35814,-1.02680,-0.19117
nike,-0.00000,0.00000,0.00000,-0.32789,0.05109,-0.05941,-0.67157,-0.06462,-0.09798,-0.91384,-0.09645,-0.16069,-1.07464,-0.03205,-0.22706,-0.68505,-0.69736,-0.00029,-0.91298,-1.09804,-0.07087,-1.02061,-1.29835,-0.10575,-1.09198,-1.49560,-0.13418,-0.55133,-0.83429,-0.04408,-0.80361,-1.11646,-0.19967,-0.70231,-0.81720,-0.24492,-0.58771,-0.69025,-0.23253,-0.38993,-0.94441,-0.09931,-0.62810,-1.24858,-0.26564,-0.54469,-0.92602,-0.24360,-0.42050,-0.76920,-0.17640,-0.19406,-1.04349,-0.15997,-0.35075,-1.39554,-0.27127,-0.39356,-1.20200,-0.24164,-0.36298,-1.02554,-0.18848
nike,-0.00000,0.00000,0.00000,-0.32314,0.06137,-0.06131,-0.67076,-0.07702,-0.09549,-0.91884,-0.12089,-0.15217,-1.08154,-0.05374,-0.21271,-0.68004,-0.70388,-0.00593,-0.89250,-1.13293,-0.06853,-1.00549,-1.35710,-0.09778,-1.08202,-1.56941,-0.12521,-0.54645,-0.83749,-0.04856,-0.81157,-1.13628,-0.19913,-0.71945,-0.82331,-0.24144,-0.60119,-0.67869,-0.22770,-0.38571,-0.94381,-0.10183,-0.62364,-1.25651,-0.26540,-0.54817,-0.93605,-0.24694,-0.42152,-0.77298,-0.18378,-0.19026,-1.04131,-0.16037,-0.33907,-1.41114,-0.27388,-0.38618,-1.22768,-0.25036,-0.35555,-1.05004,-0.20301
nike,-0.00000,0.00000,0.00000,-0.31533,0.05314,-0.05697,-0.65353,-0.08236,-0.09335,-0.89441,-0.12481,-0.15284,-1.04611,-0.06943,-0.21653,-0.65756,-0.72516,-0.00586,-0.83869,-1.17212,-0.06718,-0.96060,-1.42907,-0.09668,-1.04290,-1.65837,-0.12360,-0.52897,-0.84864,-0.04887,-0.78364,-1.12308,-0.18775,-0.69362,-0.79626,-0.21887,-0.57530,-0.65351,-0.19800,-0.37580,-0.94510,-0.10211,-0.59962,-1.23147,-0.25381,-0.52950,-0.90712,-0.22281,-0.40258,-0.75321,-0.15310,-0.18572,-1.03189,-0.16089,-0.32595,-1.39289,-0.26370,-0.37474,-1.20673,-0.22863,-0.34261,-1.03355,-0.17324
nike,-0.00000,0.00000,0.00000,-0.32291,0.04569,-0.04780,-0.66141,-0.08611,-0.08034,-0.89310,-0.12763,-0.13911,-1.03548,-0.07108,-0.20243,-0.67944,-0.71125,0.01069,-0.89349,-1.13258,-0.05481,-1.00278,-1.34071,-0.08937,-1.07101,-1.53486,-0.11803,-0.54477,-0.83858,-0.03591,-0.78766,-1.11612,-0.18206,-0.70404,-0.80910,-0.22724,-0.59503,-0.67839,-0.21862,-0.38757,-0.94230,-0.09282,-0.62029,-1.23877,-0.24965,-0.54767,-0.91781,-0.22798,-0.42124,-0.76403,-0.16555,-0.19450,-1.03964,-0.15436,-0.34331,-1.38544,-0.26055,-0.38578,-1.19352,-0.23088,-0.34967,-1.02014,-0.18006
nike,-0.00000,0.00000,0.00000,-0.31767,-0.02614,-0.04514,-0.64162,-0.16797,-0.07858,-0.85639,-0.31485,-0.13502,-0.86661,-0.44963,-0.17732,-0.68205,-0.70641,0.00208,-0.91723,-0.94865,-0.12135,-0.87088,-0.67064,-0.19781,-0.77986,-0.54437,-0.22977,-0.54476,-0.83859,-0.04367,-0.78557,-1.08948,-0.16588,-0.72510,-0.75007,-0.21103,-0.60911,-0.61980,-0.21666,-0.38248,-0.93833,-0.10743,-0.59681,-1.21301,-0.22796,-0.57308,-0.86697,-0.21121,-0.46971,-0.68807,-0.16692,-0.18737,-1.02198,-0.17735,-0.35383,-1.31140,-0.25412,-0.40257,-1.07690,-0.21799,-0.35498,-0.86797,-0.16882
nike,-0.00000,0.00000,0.00000,-0.29336,-0.06257,-0.05113,-0.54882,-0.21618,-0.11067,-0.71298,-0.34647,-0.19672,-0.84028,-0.45532,-0.27146,-0.66160,-0.75100,-0.01343,-0.87325,-1.04152,-0.13774,-0.85158,-0.90130,-0.21766,-0.78794,-0.85310,-0.25768,-0.53274,-0.84628,-0.06573,-0.78707,-1.03195,-0.21652,-0.71510,-0.67562,-0.27307,-0.58792,-0.52799,-0.28050,-0.38467,-0.91411,-0.13496,-0.61733,-1.14963,-0.27937,-0.59051,-0.80011,-0.26208,-0.47881,-0.61292,-0.21112,-0.20099,-0.96793,-0.20965,-0.38644,-1.26492,-0.30571,-0.45460,-1.04032,-0.27007,-0.42321,-0.83139,-0.21536
nike,-0.00000,0.00000,0.00000,-0.32864,-0.06291,0.05168,-0.56474,-0.29612,0.03090,-0.69414,-0.47081,-0.03311,-0.82358,-0.65994,-0.10319,-0.59479,-0.82684,0.00904,-0.77155,-1.39005,-0.07924,-0.91006,-1.66137,-0.14309,-1.00261,-1.92931,-0.19444,-0.50549,-0.86283,-0.10649,-0.89529,-0.97983,-0.27589,-0.87109,-0.60115,-0.32838,-0.72428,-0.46313,-0.33122,-0.39581,-0.85691,-0.22223,-0.76013,-1.02967,-0.37929,-0.76191,-0.68245,-0.33908,-0.63231,-0.53147,-0.27490,-0.26474,-0.82090,-0.33506,-0.50252,-1.11327,-0.44897,-0.61975,-0.90220,-0.40083,-0.60979,-0.71221,-0.33950
nike,-0.00000,0.00000,0.00000,-0.29493,-0.19679,0.13088,-0.54118,-0.44449,0.13140,-0.71339,-0.57110,0.08203,-0.85307,-0.60784,0.02632,-0.52434,-0.90266,0.04145,-0.74381,-1.20560,-0.01814,-0.89704,-1.41178,-0.05130,-1.00789,-1.60877,-0.08503,-0.48577,-0.87408,-0.10107,-0.94801,-0.73992,-0.20710,-0.92035,-0.43954,-0.21329,-0.77444,-0.37062,-0.19972,-0.45625,-0.73933,-0.23510,-0.88317,-0.56485,-0.33343,-0.81877,-0.31700,-0.27867,-0.66266,-0.32607,-0.22892,-0.43411,-0.56260,-0.35957,-0.76305,-0.45415,-0.40550,-0.72563,-0.28445,-0.34149,-0.59111,-0.28605,-0.29291
nike,-0.00000,0.00000,0.00000,-0.13180,-0.31408,0.18553,-0.31586,-0.60097,0.21682,-0.41874,-0.79910,0.19275,-0.41649,-0.95912,0.15364,-0.51182,-0.92849,0.06582,-0.79196,-1.22889,-0.00118,-0.98416,-1.43441,-0.06059,-1.11689,-1.61985,-0.10692,-0.51952,-0.85446,-0.08314,-0.96866,-0.75137,-0.16465,-0.93003,-0.51366,-0.17717,-0.77858,-0.47490,-0.17830,-0.54708,-0.67965,-0.21537,-0.97235,-0.63961,-0.28070,-0.91768,-0.40966,-0.21796,-0.78952,-0.37778,-0.17120,-0.57983,-0.47086,-0.33385,-0.93173,-0.48492,-0.34760,-0.86710,-0.31527,-0.26105,-0.74285,-0.26931,-0.19926
nike,-0.00000,0.00000,0.00000,-0.08785,-0.33806,0.12315,-0.24763,-0.63241,0.12746,-0.30835,-0.86646,0.09335,-0.26997,-1.06333,0.05053,-0.50772,-0.92061,0.01961,-0.79509,-1.21117,-0.03186,-0.98425,-1.39787,-0.07921,-1.12824,-1.55412,-0.12011,-0.55019,-0.83504,-0.09207,-0.90116,-0.74864,-0.14601,-0.86927,-0.54683,-0.16031,-0.74587,-0.50062,-0.17436,-0.59344,-0.64440,-0.18871,-0.93060,-0.61355,-0.23084,-0.88284,-0.41956,-0.17926,-0.77228,-0.37219,-0.14858,-0.62744,-0.41444,-0.27678,-0.93791,-0.45075,-0.28925,-0.89541,-0.30555,-0.21832,-0.78706,-0.23894,-0.16702
nike,-0.00000,0.00000,0.00000,-0.07469,-0.35255,0.08780,-0.20822,-0.68731,0.06487,-0.23329,-0.95634,0.00749,-0.17368,-1.15788,-0.05932,-0.47493,-0.94174,-0.02494,-0.76556,-1.25274,-0.09340,-0.96583,-1.43885,-0.14831,-1.12157,-1.59125,-0.19270,-0.52950,-0.84831,-0.12382,-0.86864,-0.77550,-0.19160,-0.80749,-0.59005,-0.20079,-0.67000,-0.55451,-0.20865,-0.58585,-0.64222,-0.21047,-0.91143,-0.62012,-0.25584,-0.84491,-0.44989,-0.19186,-0.72146,-0.41383,-0.15205,-0.63473,-0.39433,-0.29271,-0.94743,-0.45158,-0.29994,-0.89563,-0.32009,-0.21819,-0.78723,-0.25935,-0.15923
nike,-0.00000,0.00000,0.00000,-0.04894,-0.37411,0.08784,-0.14197,-0.75646,0.06143,-0.15295,-1.03730,0.00230,-0.08431,-1.23506,-0.06669,-0.47094,-0.95432,-0.04795,-0.78401,-1.27758,-0.10311,-0.98809,-1.45794,-0.13822,-1.14377,-1.60091,-0.16811,-0.54291,-0.83979,-0.14318,-0.88946,-0.75918,-0.19912,-0.79545,-0.58965,-0.18309,-0.64333,-0.55253,-0.17426,-0.60445,-0.61736,-0.22471,-0.91732,-0.57450,-0.26232,-0.82669,-0.43215,-0.18679,-0.69157,-0.40245,-0.14222,-0.65588,-0.36144,-0.30018,-0.94353,-0.41935,-0.29476,-0.86690,-0.30608,-0.20112,-0.74424,-0.25157,-0.13691
nike,-0.00000,0.00000,0.00000,-0.00828,-0.41534,0.05753,-0.08639,-0.81507,0.01462,-0.08075,-1.12267,-0.05264,-0.00463,-1.32130,-0.12892,-0.47809,-0.96522,-0.10013,-0.81591,-1.29154,-0.16835,-1.03042,-1.46791,-0.20830,-1.19621,-1.59949,-0.23621,-0.57843,-0.81573,-0.17053,-0.89302,-0.77725,-0.21268,-0.78485,-0.63915,-0.17698,-0.63806,-0.58438,-0.15918,-0.65229,-0.57050,-0.22884,-0.93289,-0.57400,-0.25951,-0.83199,-0.46854,-0.17872,-0.69685,-0.41587,-0.13075,-0.71038,-0.30830,-0.28195,-0.99998,-0.38858,-0.27253,-0.91976,-0.31435,-0.17568,-0.78966,-0.25207,-0.10770
nike,-0.00000,0.00000,0.00000,0.02697,-0.47209,0.04850,-0.03476,-0.89262,0.00015,0.00634,-1.23102,-0.07027,0.08738,-1.44992,-0.15003,-0.50862,-0.97181,-0.08891,-0.84141,-1.26518,-0.14974,-1.05167,-1.43071,-0.18672,-1.21980,-1.54595,-0.20953,-0.63166,-0.77525,-0.13371,-0.87469,-0.81320,-0.13961,-0.74129,-0.71777,-0.07759,-0.60154,-0.64173,-0.04580,-0.69701,-0.50690,-0.16909,-0.92533,-0.57405,-0.16883,-0.81129,-0.50554,-0.08078,-0.67358,-0.43188,-0.03106,-0.73098,-0.24317,-0.19904,-0.98736,-0.34479,-0.16387,-0.90215,-0.31660,-0.06215,-0.77074,-0.26761,0.00723
nike,-0.00000,0.00000,0.00000,0.04921,-0.47217,0.04223,0.00234,-0.88636,-0.00925,0.04120,-1.24137,-0.08160,0.12795,-1.46984,-0.16470,-0.48979,-0.98048,-0.07686,-0.83097,-1.25784,-0.13412,-1.04997,-1.41225,-0.17198,-1.21857,-1.52798,-0.19518,-0.62501,-0.78062,-0.11665,-0.82887,-0.84950,-0.11839,-0.70752,-0.75093,-0.05809,-0.57579,-0.66433,-0.02557,-0.69201,-0.51811,-0.14896,-0.87477,-0.61484,-0.15523,-0.77154,-0.53606,-0.07740,-0.64691,-0.45567,-0.03082,-0.73631,-0.25825,-0.17468,-0.95183,-0.37408,-0.14389,-0.85294,-0.32155,-0.04408,-0.72295,-0.25621,0.02535
nike,-0.00000,0.00000,0.00000,0.05149,-0.49142,0.05535,0.00089,-0.91050,0.00512,0.05172,-1.28408,-0.06933,0.15071,-1.51721,-0.15652,-0.49582,-0.98629,-0.07254,-0.84474,-1.27387,-0.13553,-1.06790,-1.44705,-0.17776,-1.24043,-1.56599,-0.20257,-0.62838,-0.77791,-0.11387,-0.84533,-0.86656,-0.10874,-0.71355,-0.77074,-0.03761,-0.58318,-0.67602,0.00202,-0.69417,-0.50335,-0.14678,-0.89836,-0.62556,-0.14547,-0.79018,-0.55319,-0.05378,-0.66205,-0.46324,0.00278,-0.73271,-0.22812,-0.17188,-0.98000,-0.36942,-0.13501,-0.88980,-0.33672,-0.02395,-0.75800,-0.27173,0.05459
nike,-0.00000,0.00000,0.00000,0.05589,-0.49794,0.05748,0.00781,-0.92012,0.00536,0.06257,-1.29918,-0.06898,0.16072,-1.53825,-0.15529,-0.49145,-0.99185,-0.07472,-0.83899,-1.27202,-0.12338,-1.05831,-1.44076,-0.15359,-1.22750,-1.55117,-0.16987,-0.62404,-0.78139,-0.10889,-0.84145,-0.86487,-0.08240,-0.70572,-0.77610,0.00167,-0.57517,-0.68628,0.04753,-0.68842,-0.50866,-0.13277,-0.88379,-0.62501,-0.11027,-0.77326,-0.55577,-0.01441,-0.64419,-0.46924,0.04051,-0.72662,-0.24390,-0.14841,-0.96488,-0.38007,-0.09610,-0.87373,-0.34418,0.01792,-0.74111,-0.27866,0.09602
nike,-0.00000,0.00000,0.00000,0.06217,-0.51804,0.07420,0.01878,-0.93399,0.02313,0.08403,-1.32438,-0.05021,0.18119,-1.57260,-0.13866,-0.49708,-0.98946,-0.06965,-0.85492,-1.27403,-0.10665,-1.07862,-1.44061,-0.13445,-1.25540,-1.54756,-0.14892,-0.64247,-0.76631,-0.09277,-0.83086,-0.88745,-0.03191,-0.69163,-0.82352,0.06642,-0.56916,-0.73037,0.11314,-0.70589,-0.48862,-0.10177,-0.87379,-0.62926,-0.04190,-0.75865,-0.58046,0.05915,-0.63202,-0.48923,0.10765,-0.74347,-0.23307,-0.10015,-0.95514,-0.38001,-0.01474,-0.85902,-0.35823,0.10681,-0.73118,-0.28696,0.18379
nike,-0.00000,0.00000,0.00000,0.06944,-0.50934,0.07094,0.02503,-0.92572,0.01953,0.08342,-1.31349,-0.05457,0.17829,-1.55790,-0.14457,-0.50357,-0.98720,-0.07111,-0.86097,-1.25004,-0.11290,-1.08579,-1.40780,-0.14472,-1.26381,-1.50770,-0.16223,-0.64576,-0.76354,-0.09631,-0.83834,-0.87657,-0.04010,-0.69491,-0.81236,0.05707,-0.57031,-0.71909,0.10415,-0.70429,-0.48050,-0.10858,-0.88321,-0.62180,-0.05812,-0.76320,-0.57298,0.04326,-0.63375,-0.48135,0.09458,-0.73456,-0.21586,-0.11067,-0.95393,-0.36359,-0.03371,-0.85778,-0.34612,0.08600,-0.72994,-0.27823,0.16292
nike,-0.00000,0.00000,0.00000,0.06435,-0.51754,0.06929,0.01390,-0.93666,0.01406,0.07503,-1.32576,-0.06559,0.17404,-1.57225,-0.16166,-0.52062,-0.98259,-0.07261,-0.88693,-1.22905,-0.11972,-1.11929,-1.37935,-0.15625,-1.30224,-1.47139,-0.17730,-0.65708,-0.75382,-0.10350,-0.85614,-0.85191,-0.05809,-0.71024,-0.79223,0.03323,-0.58228,-0.70553,0.07777,-0.71099,-0.46514,-0.12166,-0.90207,-0.59922,-0.07969,-0.77871,-0.55273,0.02388,-0.64429,-0.46568,0.07869,-0.73393,-0.19262,-0.13029,-0.97108,-0.33639,-0.06018,-0.87610,-0.32419,0.06259,-0.74383,-0.26208,0.14370
nike,-0.00000,0.00000,0.00000,0.06130,-0.52058,0.06805,0.00473,-0.93594,0.01340,0.06038,-1.32368,-0.06614,0.15527,-1.57208,-0.16223,-0.53229,-0.98008,-0.06313,-0.90088,-1.21263,-0.10726,-1.13474,-1.35609,-0.14292,-1.31711,-1.44304,-0.16450,-0.66514,-0.74672,-0.09563,-0.86533,-0.84550,-0.05128,-0.72067,-0.78808,0.03747,-0.59126,-0.70390,0.08143,-0.71522,-0.45628,-0.11623,-0.90372,-0.59165,-0.07305,-0.78274,-0.54527,0.03057,-0.64789,-0.46003,0.08570,-0.73251,-0.18198,-0.12832,-0.96459,-0.32342,-0.05952,-0.87195,-0.31130,0.06101,-0.74096,-0.25094,0.14119
nike,-0.00000,0.00000,0.00000,0.06169,-0.54010,0.07512,0.00056,-0.95899,0.02496,0.06093,-1.35292,-0.04987,0.15909,-1.60515,-0.14199,-0.55182,-0.97107,-0.06269,-0.92299,-1.18563,-0.10221,-1.15784,-1.31017,-0.13821,-1.34719,-1.38596,-0.16125,-0.68931,-0.72447,-0.09525,-0.87053,-0.83733,-0.04542,-0.72036,-0.80339,0.04007,-0.59307,-0.72106,0.07835,-0.73266,-0.42532,-0.11340,-0.90061,-0.57449,-0.06420,-0.77344,-0.54391,0.03574,-0.64012,-0.45427,0.08548,-0.74279,-0.15196,-0.12198,-0.96400,-0.29002,-0.04865,-0.86078,-0.28695,0.07079,-0.72601,-0.22188,0.14890
nike,-0.00000,0.00000,0.00000,0.06595,-0.54424,0.05889,0.00599,-0.96938,0.00198,0.06283,-1.37059,-0.07668,0.15850,-1.62757,-0.17308,-0.56334,-0.96399,-0.07863,-0.94254,-1.17490,-0.12321,-1.18516,-1.29389,-0.16370,-1.38176,-1.36692,-0.19136,-0.70641,-0.70780,-0.10685,-0.87645,-0.82860,-0.06858,-0.72659,-0.79248,0.00631,-0.60171,-0.70648,0.03770,-0.75114,-0.40416,-0.12116,-0.90515,-0.56412,-0.07943,-0.77934,-0.52725,0.01678,-0.65149,-0.43452,0.06396,-0.76067,-0.12862,-0.12768,-0.97738,-0.27265,-0.06301,-0.87020,-0.25899,0.05282,-0.73912,-0.18694,0.12945
nike,-0.00000,0.00000,0.00000,0.06752,-0.55137,0.05120,-0.00081,-0.97613,-0.00714,0.04759,-1.38651,-0.08518,0.13888,-1.65139,-0.18083,-0.56930,-0.96536,-0.08262,-0.96507,-1.15659,-0.12525,-1.21286,-1.26862,-0.16374,-1.41160,-1.33554,-0.19046,-0.71286,-0.70131,-0.10597,-0.88701,-0.81596,-0.06336,-0.73609,-0.78051,0.01574,-0.60929,-0.69762,0.04991,-0.75725,-0.39410,-0.11660,-0.90992,-0.55069,-0.06899,-0.78432,-0.51565,0.03025,-0.65521,-0.42871,0.07798,-0.76610,-0.11956,-0.12091,-0.97498,-0.25904,-0.05450,-0.86788,-0.24661,0.05956,-0.73748,-0.18126,0.13451
nike,-0.00000,0.00000,0.00000,0.06549,-0.55507,0.04107,-0.00421,-0.99051,-0.02116,0.04371,-1.40123,-0.10249,0.13584,-1.66676,-0.20029,-0.57854,-0.96696,-0.08962,-0.98342,-1.14131,-0.13712,-1.23645,-1.24250,-0.17728,-1.44016,-1.30007,-0.20610,-0.71795,-0.69610,-0.11672,-0.91050,-0.79968,-0.09306,-0.75620,-0.76578,-0.02517,-0.62279,-0.68761,0.00458,-0.76311,-0.38528,-0.13220,-0.93708,-0.53344,-0.09624,-0.80914,-0.49926,0.00181,-0.67492,-0.41676,0.05060,-0.77005,-0.10686,-0.14317,-0.98860,-0.24162,-0.08566,-0.88107,-0.22958,0.02554,-0.74859,-0.16836,0.09990
nike,-0.00000,0.00000,0.00000,0.05661,-0.55574,0.03966,-0.01838,-0.99049,-0.02257,0.02545,-1.39749,-0.10420,0.11747,-1.66310,-0.20172,-0.59034,-0.96085,-0.08542,-0.99628,-1.11987,-0.13495,-1.25031,-1.21097,-0.17684,-1.45403,-1.26245,-0.20671,-0.72456,-0.68921,-0.11517,-0.92383,-0.77675,-0.09517,-0.77198,-0.74171,-0.03085,-0.63436,-0.67065,-0.00187,-0.76563,-0.37697,-0.13424,-0.93457,-0.50961,-0.10058,-0.80860,-0.47181,-0.00554,-0.67424,-0.39544,0.04268,-0.76710,-0.09629,-0.14936,-0.98075,-0.21845,-0.09350,-0.87530,-0.20450,0.01531,-0.74434,-0.14966,0.08898
nike,-0.00000,0.00000,0.00000,0.03671,-0.57694,0.03524,-0.06520,-1.00701,-0.03462,-0.01745,-1.42419,-0.12413,0.08018,-1.69880,-0.22809,-0.64613,-0.92537,-0.10190,-1.06606,-1.06666,-0.16986,-1.32820,-1.15574,-0.22439,-1.53879,-1.19675,-0.25960,-0.76565,-0.64326,-0.13063,-0.97270,-0.73832,-0.12566,-0.81166,-0.72800,-0.06112,-0.66830,-0.66028,-0.02839,-0.79067,-0.32553,-0.14888,-0.99048,-0.46281,-0.12717,-0.85829,-0.45140,-0.02554,-0.71414,-0.37738,0.03194,-0.77160,-0.04773,-0.16314,-1.01009,-0.15467,-0.10828,-0.90024,-0.16313,0.00805,-0.75807,-0.11045,0.08939
nike,-0.00000,0.00000,0.00000,0.03154,-0.58245,0.06121,-0.06838,-1.01419,0.00913,-0.02758,-1.43522,-0.06483,0.06152,-1.71485,-0.15609,-0.66739,-0.91462,-0.07119,-1.10744,-1.04312,-0.10620,-1.36798,-1.11482,-0.13823,-1.57854,-1.14740,-0.15906,-0.78508,-0.61939,-0.09558,-0.98024,-0.72432,-0.04892,-0.81629,-0.72218,0.03242,-0.67810,-0.64975,0.07036,-0.80119,-0.29638,-0.10590,-0.96965,-0.44811,-0.04778,-0.83025,-0.43352,0.05313,-0.69351,-0.35666,0.10310,-0.78211,-0.01674,-0.10924,-1.02024,-0.12395,-0.02660,-0.91068,-0.13555,0.09314,-0.77063,-0.08773,0.17213
nike,-0.00000,0.00000,0.00000,0.02423,-0.58570,0.06629,-0.08391,-1.01171,0.01143,-0.04888,-1.43762,-0.06487,0.03581,-1.72090,-0.15918,-0.67673,-0.90601,-0.08868,-1.13021,-1.02893,-0.13009,-1.39643,-1.09509,-0.16575,-1.61615,-1.12118,-0.18870,-0.79564,-0.60576,-0.11347,-0.99289,-0.70382,-0.05634,-0.83061,-0.69576,0.03759,-0.69936,-0.61952,0.07923,-0.81138,-0.27933,-0.12370,-0.97912,-0.42469,-0.05608,-0.83965,-0.40854,0.05427,-0.70666,-0.33469,0.10526,-0.79545,0.00387,-0.12670,-1.03212,-0.09686,-0.03623,-0.92130,-0.10780,0.08977,-0.78235,-0.06517,0.16964
nike,-0.00000,0.00000,0.00000,0.01731,-0.57733,0.05348,-0.09386,-1.00586,-0.01013,-0.07494,-1.43943,-0.09284,0.00006,-1.72627,-0.19301,-0.68822,-0.89296,-0.11640,-1.14950,-1.00308,-0.17466,-1.42169,-1.06753,-0.21900,-1.64345,-1.09312,-0.24590,-0.80581,-0.59218,-0.13715,-0.99913,-0.68697,-0.09300,-0.83489,-0.67374,0.00113,-0.70391,-0.59455,0.04421,-0.81911,-0.26681,-0.14442,-0.99333,-0.40640,-0.09322,-0.85130,-0.39336,0.01910,-0.71514,-0.32145,0.07504,-0.80053,0.01747,-0.14491,-1.04691,-0.08153,-0.06915,-0.93430,-0.09894,0.05577,-0.79151,-0.06200,0.13772
nike,-0.00000,0.00000,0.00000,0.01479,-0.58172,0.06414,-0.09666,-1.01037,0.00647,-0.08386,-1.44823,-0.07164,-0.01583,-1.73689,-0.16765,-0.69855,-0.88416,-0.09844,-1.16524,-0.99979,-0.15063,-1.44135,-1.06572,-0.19140,-1.66182,-1.09035,-0.21438,-0.81287,-0.58245,-0.11787,-0.99931,-0.67970,-0.06254,-0.83145,-0.67493,0.03956,-0.69811,-0.60031,0.08807,-0.81929,-0.25703,-0.12399,-0.98858,-0.39366,-0.06406,-0.84330,-0.38410,0.04830,-0.70629,-0.31342,0.10397,-0.79548,0.02642,-0.12176,-1.02757,-0.06639,-0.03670,-0.91020,-0.08601,0.08980,-0.76830,-0.05080,0.17234
nike,-0.00000,0.00000,0.00000,0.01489,-0.58117,0.07184,-0.08770,-1.00373,0.01048,-0.07964,-1.44225,-0.07379,-0.01403,-1.73103,-0.17790,-0.68459,-0.89219,-0.10603,-1.14984,-0.99954,-0.16498,-1.42568,-1.06215,-0.20780,-1.64414,-1.08658,-0.23201,-0.80282,-0.59622,-0.13359,-1.00008,-0.67593,-0.08469,-0.83608,-0.65659,0.01933,-0.69950,-0.58375,0.06916,-0.81287,-0.26826,-0.14721,-0.98812,-0.39113,-0.09323,-0.84609,-0.36398,0.02392,-0.71011,-0.29355,0.08195,-0.79165,0.02331,-0.15181,-1.01636,-0.07390,-0.06985,-0.89346,-0.07771,0.06053,-0.75530,-0.03708,0.14433
nike,-0.00000,0.00000,0.00000,0.01398,-0.58111,0.05416,-0.09089,-1.00890,-0.01563,-0.08318,-1.44767,-0.10492,-0.01724,-1.74038,-0.21218,-0.68627,-0.89223,-0.12753,-1.14965,-1.00458,-0.19925,-1.42740,-1.07033,-0.25092,-1.64896,-1.09532,-0.27999,-0.80304,-0.59592,-0.14983,-1.00604,-0.68300,-0.11318,-0.84198,-0.66807,-0.01149,-0.70557,-0.59369,0.03923,-0.81247,-0.27110,-0.16007,-0.99533,-0.39620,-0.11882,-0.85284,-0.37585,-0.00328,-0.71622,-0.30457,0.05749,-0.79103,0.01989,-0.16259,-1.02658,-0.07326,-0.09171,-0.90430,-0.08730,0.03533,-0.76186,-0.05313,0.11948
nike,-0.00000,0.00000,0.00000,0.01497,-0.57834,0.05412,-0.08906,-1.00477,-0.01591,-0.08178,-1.44235,-0.10573,-0.01917,-1.73381,-0.21362,-0.68315,-0.89335,-0.12939,-1.14614,-1.00943,-0.20364,-1.42407,-1.07502,-0.25668,-1.64544,-1.09981,-0.28636,-0.80174,-0.59767,-0.15291,-1.00577,-0.68573,-0.12007,-0.84354,-0.66982,-0.02091,-0.70677,-0.59416,0.02851,-0.81318,-0.27323,-0.16440,-0.99560,-0.39896,-0.12651,-0.85434,-0.37744,-0.01179,-0.71784,-0.30446,0.04899,-0.79362,0.01769,-0.16821,-1.02912,-0.07612,-0.09899,-0.90730,-0.08827,0.02786,-0.76525,-0.05180,0.11203
nike,-0.00000,0.00000,0.00000,0.01544,-0.57742,0.05645,-0.09029,-1.00283,-0.01237,-0.08244,-1.44212,-0.10173,-0.01863,-1.73500,-0.20890,-0.68778,-0.89087,-0.12391,-1.15182,-1.00444,-0.19666,-1.42992,-1.06836,-0.24904,-1.65218,-1.08929,-0.27782,-0.80342,-0.59541,-0.14798,-1.00564,-0.67669,-0.11201,-0.83958,-0.66481,-0.01183,-0.70179,-0.59051,0.03797,-0.81235,-0.26929,-0.15998,-1.00002,-0.39038,-0.12155,-0.85432,-0.37299,-0.00603,-0.71478,-0.30141,0.05596,-0.79056,0.02402,-0.16388,-1.04013,-0.06410,-0.09466,-0.92026,-0.08071,0.03375,-0.77532,-0.04823,0.11996
nike,-0.00000,0.00000,0.00000,0.01300,-0.57965,0.07067,-0.09141,-1.00419,0.00478,-0.08564,-1.44698,-0.08325,-0.02197,-1.74159,-0.19021,-0.67407,-0.90015,-0.12133,-1.14137,-1.01762,-0.19240,-1.41933,-1.07994,-0.24318,-1.64257,-1.10087,-0.27011,-0.79664,-0.60445,-0.14688,-1.01039,-0.68877,-0.10298,-0.84357,-0.67656,0.00482,-0.70332,-0.60380,0.05871,-0.80921,-0.27789,-0.15833,-1.00449,-0.40191,-0.11051,-0.86125,-0.38343,0.00994,-0.71959,-0.31159,0.07287,-0.79046,0.01546,-0.15984,-1.03837,-0.07622,-0.07908,-0.91773,-0.09169,0.05518,-0.77191,-0.05933,0.14271
nike,-0.00000,0.00000,0.00000,0.01105,-0.57706,0.06656,-0.09538,-1.00481,0.00106,-0.09073,-1.44218,-0.08590,-0.03445,-1.73588,-0.19055,-0.67829,-0.89761,-0.12191,-1.14132,-1.02132,-0.19481,-1.41808,-1.08586,-0.24648,-1.64140,-1.10782,-0.27362,-0.79887,-0.60151,-0.14724,-1.01055,-0.69158,-0.11140,-0.84228,-0.67916,-0.00893,-0.70114,-0.60467,0.04353,-0.81185,-0.27591,-0.15897,-1.00353,-0.40213,-0.11877,-0.85990,-0.38559,-0.00224,-0.71898,-0.31284,0.06056,-0.79473,0.01449,-0.16101,-1.04008,-0.07983,-0.08636,-0.91935,-0.09725,0.04420,-0.77467,-0.06338,0.13085
nike,-0.00000,0.00000,0.00000,0.00151,-0.56934,0.06356,-0.10113,-0.99656,-0.00995,-0.09562,-1.43319,-0.10401,-0.03082,-1.72392,-0.21615,-0.67017,-0.89746,-0.14371,-1.13055,-1.03272,-0.23159,-1.41219,-1.10117,-0.29336,-1.63810,-1.12805,-0.32614,-0.79367,-0.60835,-0.16918,-1.02560,-0.69507,-0.14472,-0.85986,-0.67876,-0.04275,-0.71144,-0.61054,0.01094,-0.81209,-0.28930,-0.18090,-1.00912,-0.40099,-0.14806,-0.87129,-0.38097,-0.03152,-0.72630,-0.31044,0.03235,-0.80209,-0.00121,-0.18294,-1.03989,-0.08654,-0.11269,-0.91857,-0.09466,0.01708,-0.77465,-0.05851,0.10301
nike,-0.00000,0.00000,0.00000,-0.01011,-0.55551,0.08728,-0.11761,-0.97677,0.02859,-0.11284,-1.39581,-0.05597,-0.04810,-1.67674,-0.15802,-0.66453,-0.89787,-0.10960,-1.11481,-1.03977,-0.18845,-1.39004,-1.11634,-0.24569,-1.60976,-1.14757,-0.27768,-0.77815,-0.62808,-0.15291,-1.01667,-0.67733,-0.12319,-0.85562,-0.64572,-0.02295,-0.70842,-0.58150,0.02818,-0.79564,-0.31144,-0.18236,-1.00494,-0.39408,-0.14752,-0.86970,-0.36437,-0.03238,-0.72718,-0.29996,0.02911,-0.78503,-0.01380,-0.20083,-1.04466,-0.08541,-0.13491,-0.93083,-0.09130,-0.00660,-0.78650,-0.06169,0.07810
nike,-0.00000,0.00000,0.00000,-0.00590,-0.54037,0.07757,-0.10735,-0.96668,0.01556,-0.10751,-1.38015,-0.07368,-0.03644,-1.65295,-0.17956,-0.63939,-0.91143,-0.11584,-1.07927,-1.06307,-0.20950,-1.35426,-1.14678,-0.27515,-1.57373,-1.18006,-0.31299,-0.75529,-0.65539,-0.16712,-1.00885,-0.66095,-0.16667,-0.84900,-0.60993,-0.08000,-0.69501,-0.55476,-0.03311,-0.78308,-0.34142,-0.20704,-1.01013,-0.38377,-0.19643,-0.87084,-0.34086,-0.08637,-0.72235,-0.28599,-0.02410,-0.77905,-0.03761,-0.23772,-1.03721,-0.08393,-0.19186,-0.91778,-0.07679,-0.07145,-0.77121,-0.05014,0.01013
nike,-0.00000,0.00000,0.00000,-0.01856,-0.53485,0.09098,-0.12478,-0.96143,0.03129,-0.12514,-1.37262,-0.05672,-0.05432,-1.64548,-0.16215,-0.62949,-0.92076,-0.12403,-1.07918,-1.07457,-0.22157,-1.35630,-1.16784,-0.28861,-1.57693,-1.21299,-0.32741,-0.74551,-0.66649,-0.18245,-1.03134,-0.65122,-0.18440,-0.86822,-0.58453,-0.09247,-0.69809,-0.53374,-0.04186,-0.77613,-0.34575,-0.22754,-1.03033,-0.36916,-0.21677,-0.88926,-0.31201,-0.09967,-0.72941,-0.26076,-0.03471,-0.77404,-0.03435,-0.26169,-1.04377,-0.07238,-0.21622,-0.91947,-0.05459,-0.09244,-0.76777,-0.03062,-0.01047
nike,-0.00000,0.00000,0.00000,-0.06810,-0.49217,0.06047,-0.19893,-0.92952,-0.01266,-0.19847,-1.31774,-0.11634,-0.12768,-1.58894,-0.23416,-0.62139,-0.92435,-0.14256,-1.06880,-1.11196,-0.25104,-1.35737,-1.21761,-0.31812,-1.57816,-1.29590,-0.36237,-0.70496,-0.70924,-0.22510,-1.06578,-0.59875,-0.29473,-0.93457,-0.46546,-0.24567,-0.75622,-0.45064,-0.21226,-0.73841,-0.39995,-0.29678,-1.05968,-0.32817,-0.33449,-0.94346,-0.22577,-0.23059,-0.77882,-0.22040,-0.16756,-0.74192,-0.08313,-0.36355,-1.04429,-0.06040,-0.35107,-0.93980,-0.00430,-0.23984,-0.79365,-0.00656,-0.16466
nike,-0.00000,0.00000,0.00000,-0.13519,-0.41025,0.08504,-0.32644,-0.78529,0.03131,-0.36227,-1.11928,-0.06014,-0.28534,-1.37644,-0.16387,-0.61701,-0.90102,-0.08216,-0.98395,-1.14385,-0.18927,-1.22386,-1.29557,-0.25457,-1.40848,-1.43177,-0.30036,-0.63237,-0.77467,-0.19425,-1.05950,-0.58145,-0.30109,-0.93162,-0.40597,-0.28042,-0.76667,-0.42148,-0.25341,-0.63142,-0.53057,-0.29508,-1.02433,-0.36440,-0.36754,-0.90896,-0.23250,-0.27476,-0.76790,-0.25494,-0.20709,-0.61593,-0.24828,-0.39011,-0.94781,-0.15558,-0.38951,-0.84486,-0.06953,-0.28019,-0.72028,-0.08549,-0.20437
nike,-0.00000,0.00000,0.00000,-0.18080,-0.35059,0.10517,-0.39921,-0.67728,0.07673,-0.48246,-0.93828,0.01108,-0.45094,-1.16736,-0.05977,-0.57495,-0.93291,-0.06169,-0.89559,-1.18916,-0.16884,-1.10097,-1.36974,-0.23371,-1.24871,-1.53087,-0.27567,-0.53685,-0.84368,-0.17677,-0.99912,-0.65984,-0.28123,-0.92184,-0.44251,-0.26718,-0.78621,-0.43171,-0.24587,-0.50578,-0.63935,-0.27937,-0.94307,-0.49287,-0.36330,-0.86349,-0.31955,-0.28251,-0.74240,-0.31576,-0.21823,-0.47878,-0.39714,-0.37297,-0.84996,-0.31008,-0.38326,-0.77979,-0.19802,-0.28469,-0.66281,-0.20219,-0.21424
nike,-0.00000,0.00000,0.00000,-0.28382,-0.25471,0.07237,-0.52799,-0.52935,0.02595,-0.70276,-0.68180,-0.05656,-0.82537,-0.75898,-0.14168,-0.58446,-0.93774,-0.09352,-0.88283,-1.21139,-0.20630,-1.05555,-1.42145,-0.28183,-1.18298,-1.62803,-0.33867,-0.49471,-0.86906,-0.21270,-0.97701,-0.68500,-0.35073,-0.90825,-0.45786,-0.36529,-0.76953,-0.43083,-0.36203,-0.42418,-0.68030,-0.32121,-0.88693,-0.52483,-0.42781,-0.81756,-0.34812,-0.35614,-0.68863,-0.34925,-0.29903,-0.37390,-0.44958,-0.42667,-0.74857,-0.37076,-0.46388,-0.71303,-0.25105,-0.37908,-0.61050,-0.23680,-0.31593
nike,-0.00000,0.00000,0.00000,-0.35650,-0.15080,0.06088,-0.59759,-0.38253,0.01561,-0.75801,-0.53237,-0.07007,-0.90368,-0.60717,-0.15658,-0.57964,-0.91219,-0.04399,-0.84065,-1.20294,-0.14182,-0.98568,-1.42223,-0.20974,-1.09721,-1.63014,-0.26636,-0.48422,-0.87495,-0.16461,-0.94491,-0.68496,-0.31527,-0.87235,-0.44255,-0.34806,-0.73933,-0.40292,-0.35217,-0.40315,-0.72101,-0.27950,-0.85336,-0.54691,-0.40346,-0.77668,-0.34752,-0.34726,-0.65048,-0.33705,-0.29369,-0.34603,-0.51557,-0.39328,-0.68680,-0.45014,-0.45229,-0.69608,-0.33283,-0.38813,-0.64332,-0.31286,-0.33419
nike,-0.00000,0.00000,0.00000,-0.31553,-0.07513,-0.06174,-0.52191,-0.31806,-0.12510,-0.60871,-0.55531,-0.19900,-0.66444,-0.72899,-0.26777,-0.56139,-0.86430,-0.13062,-0.68413,-1.33307,-0.25011,-0.74595,-1.60993,-0.33049,-0.78490,-1.86991,-0.39254,-0.42209,-0.90656,-0.17979,-0.65421,-0.85929,-0.35442,-0.59837,-0.57521,-0.40049,-0.50986,-0.50985,-0.40924,-0.27123,-0.87364,-0.23533,-0.49509,-0.82004,-0.39974,-0.45229,-0.56689,-0.36500,-0.38116,-0.50980,-0.31329,-0.11148,-0.78696,-0.29760,-0.27767,-0.80196,-0.40489,-0.33723,-0.62908,-0.36676,-0.34735,-0.54469,-0.31777
nike,-0.00000,0.00000,0.00000,-0.27946,-0.10963,-0.06259,-0.50362,-0.34976,-0.11931,-0.63827,-0.52224,-0.18872,-0.70783,-0.68558,-0.25652,-0.49947,-0.90968,-0.12077,-0.60704,-1.43672,-0.23560,-0.66627,-1.75057,-0.30880,-0.70193,-2.02411,-0.36069,-0.33856,-0.94095,-0.16389,-0.55507,-1.03286,-0.35202,-0.56960,-0.71824,-0.40722,-0.51939,-0.53927,-0.41056,-0.16601,-0.91658,-0.21162,-0.35332,-0.99245,-0.37527,-0.38305,-0.72161,-0.34372,-0.35574,-0.56388,-0.28577,0.02225,-0.85680,-0.26580,-0.10889,-1.00435,-0.36464,-0.19146,-0.84790,-0.32187,-0.21726,-0.71411,-0.26601
nike,-0.00000,0.00000,0.00000,-0.25064,-0.09438,-0.07225,-0.48879,-0.33661,-0.13500,-0.62547,-0.49391,-0.20643,-0.74171,-0.62426,-0.27631,-0.45432,-0.92994,-0.14315,-0.54444,-1.46794,-0.25904,-0.58779,-1.77235,-0.32902,-0.60380,-2.05185,-0.37977,-0.27870,-0.96038,-0.17986,-0.48171,-1.08691,-0.35863,-0.49782,-0.74078,-0.40344,-0.43918,-0.58930,-0.40469,-0.09466,-0.93777,-0.22037,-0.25608,-1.08310,-0.38604,-0.29520,-0.76240,-0.33889,-0.26384,-0.61649,-0.27228,0.10610,-0.88444,-0.26612,0.00274,-1.10548,-0.36318,-0.08949,-0.91427,-0.30056,-0.11149,-0.77074,-0.23169
nike,-0.00000,0.00000,0.00000,-0.25553,-0.08398,-0.07227,-0.49655,-0.34044,-0.14319,-0.65726,-0.49672,-0.22760,-0.79942,-0.57845,-0.31352,-0.42818,-0.93739,-0.15066,-0.51205,-1.48785,-0.27889,-0.55376,-1.78373,-0.34977,-0.56868,-2.06341,-0.40139,-0.25234,-0.96764,-0.18779,-0.42492,-1.10915,-0.37333,-0.41435,-0.74256,-0.40178,-0.35451,-0.63303,-0.39176,-0.06397,-0.95148,-0.23143,-0.19763,-1.13484,-0.40954,-0.21852,-0.79443,-0.34534,-0.17775,-0.67090,-0.26581,0.14280,-0.91804,-0.28022,0.07501,-1.16368,-0.38528,-0.00848,-0.96213,-0.31676,-0.03192,-0.82905,-0.24264
nike,-0.00000,0.00000,0.00000,-0.27591,-0.07785,-0.08739,-0.53188,-0.33919,-0.16141,-0.72223,-0.48046,-0.24878,-0.88952,-0.51697,-0.33981,-0.42599,-0.93500,-0.14122,-0.51471,-1.48119,-0.26239,-0.56666,-1.78425,-0.33125,-0.58240,-2.06381,-0.38246,-0.25484,-0.96698,-0.17411,-0.40679,-1.19593,-0.35764,-0.39733,-0.83179,-0.39050,-0.33174,-0.68956,-0.37948,-0.06648,-0.96549,-0.21587,-0.18034,-1.22324,-0.38906,-0.20692,-0.89432,-0.33632,-0.15845,-0.74522,-0.26106,0.14176,-0.94776,-0.26538,0.10728,-1.28104,-0.37048,0.01637,-1.10467,-0.31273,-0.00952,-0.94754,-0.24501
nike,-0.00000,0.00000,0.00000,-0.26596,-0.07073,-0.10284,-0.52589,-0.31384,-0.18008,-0.73233,-0.44124,-0.26921,-0.90311,-0.47861,-0.36069,-0.43085,-0.93081,-0.12545,-0.52025,-1.44572,-0.23283,-0.57605,-1.73602,-0.28709,-0.58902,-1.99975,-0.32664,-0.25478,-0.96700,-0.15081,-0.38489,-1.22794,-0.32431,-0.37398,-0.87033,-0.35126,-0.30902,-0.73309,-0.33091,-0.06541,-0.96537,-0.18740,-0.16279,-1.23197,-0.35965,-0.18493,-0.90632,-0.31017,-0.13458,-0.76815,-0.23180,0.14306,-0.94737,-0.23309,0.11182,-1.27905,-0.34004,0.03204,-1.10387,-0.28617,0.01998,-0.95720,-0.21815
nike,-0.00000,0.00000,0.00000,-0.28041,-0.06680,-0.10417,-0.54888,-0.30156,-0.18198,-0.76272,-0.42348,-0.27222,-0.93538,-0.44497,-0.36549,-0.44102,-0.92413,-0.12313,-0.52656,-1.43439,-0.22781,-0.58153,-1.72414,-0.27863,-0.59086,-1.98680,-0.31641,-0.26378,-0.96458,-0.14705,-0.38147,-1.23428,-0.31519,-0.36903,-0.86912,-0.33611,-0.30835,-0.74282,-0.31208,-0.07491,-0.96723,-0.18290,-0.16470,-1.23916,-0.35126,-0.18638,-0.91332,-0.29813,-0.13760,-0.78503,-0.21856,0.13453,-0.95374,-0.22844,0.11190,-1.29483,-0.33530,0.03207,-1.12092,-0.28221,0.01682,-0.97755,-0.21527
nike,-0.00000,0.00000,0.00000,-0.27985,-0.04945,-0.10326,-0.56046,-0.27470,-0.17465,-0.78359,-0.38088,-0.25881,-0.95805,-0.35979,-0.34731,-0.46139,-0.90895,-0.09970,-0.55854,-1.37886,-0.19323,-0.61389,-1.65599,-0.23945,-0.62557,-1.89699,-0.27357,-0.28401,-0.95882,-0.12191,-0.39658,-1.24956,-0.28359,-0.38100,-0.90672,-0.30928,-0.31857,-0.74816,-0.28519,-0.09502,-0.96417,-0.15625,-0.17831,-1.24662,-0.31785,-0.19255,-0.93690,-0.27505,-0.14074,-0.78164,-0.19936,0.11430,-0.95289,-0.20041,0.08785,-1.28956,-0.30208,0.01486,-1.13772,-0.25781,0.00322,-0.99806,-0.19648
nike,-0.00000,0.00000,0.00000,-0.27467,-0.04461,-0.10604,-0.55665,-0.26274,-0.17452,-0.78120,-0.36018,-0.25317,-0.95211,-0.33335,-0.33532,-0.47055,-0.90300,-0.09295,-0.57093,-1.35906,-0.18087,-0.62689,-1.62685,-0.22460,-0.63978,-1.86430,-0.25766,-0.29817,-0.95451,-0.11146,-0.39903,-1.25512,-0.26694,-0.37786,-0.91306,-0.29073,-0.32090,-0.75484,-0.26577,-0.11173,-0.96041,-0.14269,-0.19133,-1.24526,-0.30119,-0.19936,-0.93488,-0.25967,-0.14864,-0.78587,-0.18486,0.09523,-0.95133,-0.18376,0.06494,-1.28606,-0.28344,0.00284,-1.13459,-0.24017,-0.00065,-1.00853,-0.18004
nike,-0.00000,0.00000,0.00000,-0.28067,-0.04076,-0.09538,-0.56798,-0.25471,-0.15611,-0.79570,-0.34331,-0.22864,-0.96682,-0.30319,-0.30557,-0.48764,-0.88836,-0.07963,-0.59737,-1.33510,-0.15984,-0.65939,-1.59895,-0.19709,-0.68256,-1.83233,-0.22647,-0.32068,-0.94719,-0.10201,-0.43277,-1.25953,-0.24973,-0.40382,-0.92146,-0.26940,-0.34245,-0.75427,-0.24160,-0.13750,-0.95815,-0.13621,-0.22741,-1.25093,-0.28819,-0.22819,-0.94310,-0.24560,-0.17246,-0.78685,-0.17017,0.06795,-0.95128,-0.17947,0.02991,-1.29514,-0.27712,-0.03337,-1.14597,-0.23539,-0.03828,-1.01392,-0.17629
nike,-0.00000,0.00000,0.00000,-0.28736,-0.03862,-0.08080,-0.57041,-0.24764,-0.13209,-0.79490,-0.32855,-0.19578,-0.96197,-0.30383,-0.26343,-0.49545,-0.87711,-0.06119,-0.61083,-1.31078,-0.13378,-0.67483,-1.56894,-0.16680,-0.70220,-1.79659,-0.19425,-0.33397,-0.94258,-0.08652,-0.46079,-1.25632,-0.22481,-0.42238,-0.91695,-0.23951,-0.35716,-0.74829,-0.20922,-0.15593,-0.96287,-0.12296,-0.25832,-1.25077,-0.26376,-0.25165,-0.95063,-0.21875,-0.19116,-0.80191,-0.14494,0.04475,-0.96403,-0.16745,0.00105,-1.29761,-0.25982,-0.06167,-1.14140,-0.21836,-0.06686,-1.00748,-0.16130
nike,-0.00000,0.00000,0.00000,-0.29093,-0.03637,-0.08001,-0.58340,-0.24539,-0.12875,-0.81328,-0.31823,-0.19006,-0.98143,-0.28108,-0.25496,-0.50897,-0.86725,-0.05414,-0.62499,-1.29995,-0.12245,-0.68693,-1.55572,-0.15204,-0.71454,-1.77975,-0.17744,-0.34595,-0.93825,-0.07925,-0.47504,-1.25228,-0.21935,-0.43143,-0.91723,-0.23723,-0.36359,-0.74952,-0.20801,-0.16710,-0.96446,-0.11531,-0.27398,-1.26019,-0.25535,-0.26393,-0.96330,-0.21453,-0.20259,-0.81575,-0.14348,0.03316,-0.97179,-0.15953,-0.01272,-1.30660,-0.25010,-0.07622,-1.15399,-0.21197,-0.08446,-1.02292,-0.15793
nike,-0.00000,0.00000,0.00000,-0.29002,-0.04170,-0.07327,-0.58450,-0.25416,-0.12083,-0.81844,-0.32515,-0.18350,-0.98187,-0.28160,-0.25026,-0.50906,-0.86263,-0.04227,-0.62385,-1.29012,-0.10876,-0.68663,-1.54619,-0.13796,-0.71428,-1.77064,-0.16422,-0.34976,-0.93684,-0.07117,-0.48441,-1.24122,-0.20799,-0.43443,-0.90538,-0.22474,-0.36358,-0.75022,-0.19576,-0.17358,-0.96759,-0.11109,-0.28578,-1.26440,-0.24864,-0.27179,-0.96936,-0.20680,-0.20519,-0.82653,-0.13633,0.02541,-0.97591,-0.15898,-0.02238,-1.30902,-0.24990,-0.08679,-1.14603,-0.21139,-0.09497,-1.00270,-0.15729
nike,-0.00000,0.00000,0.00000,-0.28425,-0.04563,-0.07032,-0.57434,-0.26544,-0.11686,-0.80120,-0.34518,-0.17962,-0.96169,-0.31391,-0.24554,-0.49669,-0.86971,-0.03177,-0.60018,-1.29285,-0.09658,-0.65445,-1.54638,-0.12476,-0.67732,-1.76398,-0.14910,-0.33727,-0.94141,-0.06287,-0.48210,-1.25177,-0.19976,-0.43260,-0.91674,-0.22024,-0.35951,-0.75383,-0.19224,-0.16340,-0.96999,-0.10502,-0.28142,-1.27536,-0.24090,-0.26928,-0.97751,-0.20288,-0.20225,-0.82190,-0.13413,0.03167,-0.97566,-0.15493,-0.01404,-1.31495,-0.24024,-0.07989,-1.16341,-0.20249,-0.09050,-1.02103,-0.14980
nike,-0.00000,0.00000,0.00000,-0.28695,-0.04474,-0.06729,-0.57723,-0.26333,-0.11028,-0.80306,-0.34005,-0.16993,-0.96298,-0.30819,-0.23380,-0.49144,-0.86968,-0.02625,-0.59869,-1.28849,-0.08878,-0.65619,-1.53728,-0.11991,-0.68257,-1.75021,-0.14583,-0.33599,-0.94187,-0.05677,-0.47850,-1.24920,-0.19031,-0.43418,-0.92709,-0.21545,-0.35939,-0.75496,-0.19157,-0.16523,-0.97086,-0.09749,-0.28722,-1.27430,-0.23053,-0.27559,-0.97555,-0.19581,-0.20512,-0.80866,-0.12921,0.02894,-0.97432,-0.14555,-0.01954,-1.31240,-0.22912,-0.08871,-1.16185,-0.19161,-0.10125,-1.01415,-0.13863
nike,-0.00000,0.00000,0.00000,-0.28422,-0.04906,-0.06750,-0.57450,-0.27020,-0.10998,-0.79728,-0.34960,-0.16857,-0.95694,-0.32210,-0.23117,-0.48864,-0.87038,-0.02872,-0.59447,-1.29350,-0.09118,-0.65269,-1.54210,-0.12255,-0.68010,-1.75556,-0.14862,-0.33353,-0.94274,-0.05922,-0.47676,-1.25281,-0.19395,-0.43748,-0.93344,-0.22159,-0.36217,-0.75684,-0.19964,-0.16274,-0.97118,-0.09958,-0.28437,-1.27686,-0.23265,-0.27697,-0.98199,-0.20150,-0.20735,-0.81196,-0.13771,0.03093,-0.97511,-0.14709,-0.01503,-1.31649,-0.23049,-0.08579,-1.17075,-0.19518,-0.09888,-1.02322,-0.14416
nike,-0.00000,0.00000,0.00000,-0.28211,-0.04887,-0.06357,-0.56797,-0.27664,-0.10369,-0.78752,-0.35931,-0.16080,-0.94292,-0.32458,-0.22195,-0.48425,-0.87338,-0.02394,-0.59074,-1.29519,-0.08504,-0.64704,-1.54164,-0.11535,-0.67133,-1.75410,-0.14069,-0.33019,-0.94392,-0.05551,-0.47259,-1.25219,-0.18819,-0.43369,-0.93224,-0.21419,-0.35878,-0.75925,-0.19148,-0.16081,-0.97294,-0.09665,-0.28149,-1.27660,-0.22781,-0.27397,-0.97891,-0.19448,-0.20359,-0.80977,-0.12945,0.03210,-0.97864,-0.14480,-0.01580,-1.31577,-0.22622,-0.08656,-1.16648,-0.18900,-0.09764,-1.01838,-0.13687
nike,-0.00000,0.00000,0.00000,-0.28216,-0.05288,-0.06642,-0.56972,-0.27750,-0.10784,-0.79018,-0.35528,-0.16540,-0.94256,-0.32417,-0.22695,-0.48500,-0.87139,-0.02824,-0.59318,-1.29477,-0.09095,-0.65108,-1.54134,-0.12369,-0.67789,-1.75522,-0.15100,-0.33182,-0.94334,-0.05818,-0.47507,-1.24959,-0.19128,-0.43633,-0.93215,-0.21840,-0.36201,-0.75922,-0.19720,-0.16241,-0.97334,-0.09789,-0.28246,-1.27488,-0.22889,-0.27521,-0.97922,-0.19578,-0.20676,-0.81042,-0.13160,0.03041,-0.98058,-0.14492,-0.01996,-1.31219,-0.22685,-0.08864,-1.16176,-0.18966,-0.09821,-1.01446,-0.13771
nike,-0.00000,0.00000,0.00000,-0.27886,-0.05202,-0.06498,-0.56210,-0.28460,-0.10395,-0.77874,-0.36996,-0.15875,-0.92937,-0.33943,-0.21726,-0.47869,-0.87554,-0.02722,-0.58454,-1.30261,-0.08869,-0.64064,-1.54919,-0.12005,-0.66620,-1.76367,-0.14682,-0.32630,-0.94527,-0.05759,-0.47030,-1.25469,-0.18945,-0.43416,-0.93673,-0.21561,-0.36092,-0.76458,-0.19413,-0.15725,-0.97345,-0.09769,-0.27554,-1.27797,-0.22859,-0.27165,-0.98261,-0.19630,-0.20526,-0.81543,-0.13292,0.03445,-0.97928,-0.14491,-0.01534,-1.31722,-0.22801,-0.08444,-1.16554,-0.19241,-0.09408,-1.01655,-0.14186
nike,-0.00000,0.00000,0.00000,-0.27829,-0.05294,-0.06628,-0.55989,-0.29859,-0.10417,-0.77529,-0.40066,-0.15725,-0.92608,-0.36460,-0.21423,-0.47646,-0.88008,-0.03168,-0.57793,-1.30920,-0.09485,-0.62865,-1.56011,-0.12754,-0.65264,-1.77899,-0.15660,-0.32390,-0.94609,-0.06346,-0.46791,-1.27064,-0.20182,-0.43989,-0.94868,-0.23204,-0.37086,-0.75721,-0.21268,-0.15319,-0.96925,-0.10492,-0.27027,-1.28721,-0.24154,-0.27252,-0.99228,-0.21524,-0.20988,-0.81243,-0.15511,0.03997,-0.96927,-0.15329,-0.00090,-1.32117,-0.24058,-0.07341,-1.18072,-0.21121,-0.08852,-1.03046,-0.16571
nike,-0.00000,0.00000,0.00000,-0.28044,-0.05624,-0.06089,-0.56008,-0.31103,-0.09300,-0.77316,-0.42740,-0.14033,-0.92397,-0.40454,-0.19196,-0.46877,-0.87863,-0.03627,-0.57367,-1.32886,-0.09980,-0.63006,-1.58785,-0.13218,-0.65769,-1.82301,-0.16284,-0.32003,-0.94741,-0.07031,-0.47063,-1.27513,-0.21038,-0.44389,-0.94167,-0.23986,-0.37064,-0.75218,-0.22126,-0.14900,-0.97382,-0.11278,-0.27225,-1.29144,-0.25247,-0.27704,-0.98942,-0.22361,-0.21218,-0.81388,-0.16255,0.04771,-0.97891,-0.16121,0.00339,-1.33699,-0.25316,-0.07459,-1.18983,-0.22265,-0.09010,-1.03542,-0.17630
nike,-0.00000,0.00000,0.00000,-0.28235,-0.05972,-0.06195,-0.56585,-0.32192,-0.09063,-0.77434,-0.43759,-0.13260,-0.92374,-0.41838,-0.17842,-0.45486,-0.88636,-0.04899,-0.55714,-1.35902,-0.11508,-0.61091,-1.61911,-0.15083,-0.63787,-1.86338,-0.18433,-0.30468,-0.95246,-0.08229,-0.45822,-1.27610,-0.22454,-0.44195,-0.94627,-0.26013,-0.36722,-0.75755,-0.24856,-0.13229,-0.97486,-0.12294,-0.26011,-1.29306,-0.26366,-0.27362,-0.98784,-0.24019,-0.20880,-0.80901,-0.18430,0.06688,-0.97709,-0.16931,0.01977,-1.33582,-0.26302,-0.06778,-1.19254,-0.23627,-0.08692,-1.03823,-0.19340
nike,-0.00000,0.00000,0.00000,-0.28670,-0.05607,-0.05991,-0.57234,-0.31967,-0.08872,-0.78166,-0.44130,-0.13299,-0.93355,-0.42040,-0.18146,-0.45695,-0.88679,-0.03990,-0.55554,-1.35345,-0.10571,-0.60918,-1.61712,-0.13673,-0.63459,-1.85666,-0.16508,-0.30646,-0.95188,-0.07401,-0.46141,-1.26536,-0.21830,-0.43729,-0.92825,-0.24771,-0.35922,-0.74610,-0.22835,-0.13539,-0.97478,-0.11638,-0.26139,-1.28002,-0.26369,-0.26837,-0.96609,-0.23526,-0.20105,-0.79166,-0.17189,0.06354,-0.98051,-0.16400,0.01964,-1.32873,-0.26131,-0.06681,-1.18764,-0.23239,-0.08888,-1.04405,-0.18551
nike,-0.00000,0.00000,0.00000,-0.29134,-0.06046,-0.05205,-0.57491,-0.32953,-0.07808,-0.77924,-0.45552,-0.12211,-0.92861,-0.44444,-0.17076,-0.45280,-0.88773,-0.03330,-0.55086,-1.36098,-0.09913,-0.60457,-1.62322,-0.12936,-0.62952,-1.86328,-0.15718,-0.30588,-0.95207,-0.07152,-0.46503,-1.27106,-0.21273,-0.44137,-0.93607,-0.24018,-0.36288,-0.76352,-0.22150,-0.13713,-0.97657,-0.11771,-0.27007,-1.29561,-0.26409,-0.27333,-0.97686,-0.23043,-0.20029,-0.80450,-0.16464,0.06283,-0.98609,-0.16861,0.01180,-1.34148,-0.26587,-0.07220,-1.19793,-0.23357,-0.08844,-1.05538,-0.18487
nike,-0.00000,0.00000,0.00000,-0.28463,-0.07633,-0.04713,-0.55381,-0.34612,-0.06951,-0.74309,-0.48478,-0.10861,-0.88296,-0.49665,-0.15226,-0.44479,-0.89569,-0.04102,-0.53520,-1.39652,-0.11047,-0.57930,-1.65551,-0.14980,-0.60067,-1.90386,-0.18533,-0.30019,-0.95388,-0.08095,-0.45217,-1.27715,-0.22631,-0.44860,-0.95287,-0.26736,-0.38509,-0.76910,-0.26187,-0.13125,-0.97225,-0.12717,-0.25445,-1.30116,-0.27259,-0.27743,-0.98761,-0.25009,-0.22315,-0.80050,-0.19529,0.06713,-0.97429,-0.17751,0.02538,-1.33714,-0.27577,-0.06379,-1.19256,-0.25023,-0.08908,-1.04011,-0.20802
nike,-0.00000,0.00000,0.00000,-0.27292,-0.09194,-0.05630,-0.52364,-0.36313,-0.08906,-0.70112,-0.51334,-0.13620,-0.84810,-0.54790,-0.18664,-0.43844,-0.91207,-0.06909,-0.52196,-1.41809,-0.14877,-0.55785,-1.68507,-0.19509,-0.57394,-1.93569,-0.23380,-0.28875,-0.95741,-0.10902,-0.45625,-1.26689,-0.25708,-0.47425,-0.96205,-0.30037,-0.42311,-0.77666,-0.29906,-0.11715,-0.96126,-0.15496,-0.24055,-1.25932,-0.30272,-0.28189,-0.95221,-0.28077,-0.24392,-0.75815,-0.22755,0.07966,-0.94638,-0.20562,0.02721,-1.28294,-0.30141,-0.07065,-1.12496,-0.26878,-0.09669,-0.95379,-0.22178
nike,-0.00000,0.00000,0.00000,-0.26290,-0.10738,-0.05047,-0.49189,-0.36566,-0.08815,-0.63574,-0.52725,-0.14240,-0.76824,-0.61760,-0.19843,-0.43604,-0.92829,-0.05787,-0.50435,-1.44446,-0.13552,-0.53588,-1.71285,-0.18190,-0.54409,-1.95789,-0.21694,-0.28396,-0.95884,-0.09929,-0.45619,-1.25294,-0.25439,-0.49840,-0.95620,-0.30767,-0.46015,-0.75521,-0.30813,-0.11778,-0.95136,-0.14528,-0.23772,-1.22856,-0.29156,-0.30456,-0.94497,-0.28059,-0.28626,-0.74054,-0.23261,0.07187,-0.93051,-0.19498,0.00751,-1.25626,-0.28711,-0.09691,-1.09507,-0.25642,-0.12847,-0.90410,-0.20815
nike,-0.00000,0.00000,0.00000,-0.26228,-0.13086,-0.03821,-0.46864,-0.39401,-0.07575,-0.59585,-0.56470,-0.13400,-0.69759,-0.69769,-0.19334,-0.42652,-0.93622,-0.05183,-0.48914,-1.46307,-0.13423,-0.52780,-1.73684,-0.18535,-0.53962,-1.99288,-0.22402,-0.28819,-0.95757,-0.10272,-0.49491,-1.20227,-0.26332,-0.53873,-0.88639,-0.31802,-0.48448,-0.70492,-0.32047,-0.13734,-0.94050,-0.15700,-0.30510,-1.16666,-0.30549,-0.36227,-0.86702,-0.28404,-0.32222,-0.68060,-0.23023,0.03683,-0.90244,-0.21450,-0.05945,-1.19065,-0.30867,-0.16714,-1.01224,-0.26684,-0.19170,-0.81928,-0.20941
nike,-0.00000,0.00000,0.00000,-0.27626,-0.15324,-0.02749,-0.46173,-0.41255,-0.06915,-0.57474,-0.59693,-0.13591,-0.68186,-0.75912,-0.20248,-0.42827,-0.93346,-0.04146,-0.49005,-1.45427,-0.12939,-0.54496,-1.72845,-0.18405,-0.57677,-1.98468,-0.22567,-0.31440,-0.94929,-0.10422,-0.57217,-1.13133,-0.26861,-0.61878,-0.81721,-0.31827,-0.55432,-0.64047,-0.31810,-0.18555,-0.92000,-0.17210,-0.41245,-1.08266,-0.32712,-0.44777,-0.78188,-0.29823,-0.37816,-0.60792,-0.23870,-0.03796,-0.86093,-0.24349,-0.16949,-1.10544,-0.34537,-0.27561,-0.93295,-0.30163,-0.29071,-0.75370,-0.24142
nike,-0.00000,0.00000,0.00000,-0.30029,-0.14090,-0.01909,-0.48059,-0.40058,-0.06327,-0.56377,-0.61508,-0.13377,-0.64875,-0.80982,-0.20408,-0.49012,-0.91371,-0.05521,-0.56254,-1.47078,-0.14910,-0.62604,-1.74811,-0.20860,-0.66063,-2.01744,-0.25654,-0.38039,-0.92483,-0.12522,-0.66552,-1.10644,-0.30106,-0.68230,-0.77364,-0.35515,-0.58301,-0.62805,-0.35929,-0.25564,-0.89369,-0.19802,-0.50446,-1.08900,-0.36075,-0.53229,-0.78129,-0.32765,-0.45198,-0.62519,-0.26730,-0.10589,-0.82866,-0.27313,-0.26314,-1.07379,-0.38485,-0.37313,-0.89952,-0.34319,-0.39203,-0.73962,-0.28557
nike,-0.00000,0.00000,0.00000,-0.34043,-0.16861,0.06128,-0.50727,-0.45182,0.04439,-0.61672,-0.65865,-0.01289,-0.72710,-0.80873,-0.07468,-0.44971,-0.94825,0.00142,-0.57951,-1.35369,-0.07883,-0.66766,-1.60433,-0.13577,-0.72379,-1.83739,-0.18727,-0.35961,-0.93310,-0.11370,-0.72522,-0.93767,-0.25941,-0.73058,-0.63731,-0.30165,-0.62268,-0.52327,-0.30933,-0.27178,-0.83561,-0.22694,-0.60092,-0.85724,-0.37108,-0.61975,-0.59835,-0.34544,-0.53199,-0.50038,-0.30289,-0.18801,-0.69512,-0.33572,-0.40137,-0.81708,-0.43408,-0.48988,-0.66045,-0.39616,-0.48143,-0.54042,-0.35183
nike,-0.00000,0.00000,0.00000,-0.36041,-0.19987,0.06746,-0.52926,-0.48414,0.03117,-0.63710,-0.66577,-0.04619,-0.73180,-0.74611,-0.12806,-0.42143,-0.99157,-0.03779,-0.62844,-1.33607,-0.12662,-0.73701,-1.57065,-0.18829,-0.81081,-1.79949,-0.24256,-0.33508,-0.94219,-0.16113,-0.78898,-0.88700,-0.29175,-0.76329,-0.62273,-0.31386,-0.63129,-0.56463,-0.31631,-0.27847,-0.78857,-0.27968,-0.70932,-0.78312,-0.39420,-0.69673,-0.55190,-0.33618,-0.57183,-0.50490,-0.28483,-0.24888,-0.59938,-0.39565,-0.55567,-0.69836,-0.44803,-0.58348,-0.54384,-0.37324,-0.50621,-0.45850,-0.31572
nike,-0.00000,0.00000,0.00000,-0.34304,-0.20701,0.06421,-0.51729,-0.50124,0.03092,-0.64498,-0.69128,-0.04219,-0.77634,-0.77731,-0.11889,-0.42869,-0.99285,-0.02701,-0.64242,-1.32996,-0.10325,-0.76185,-1.56172,-0.16013,-0.84343,-1.77824,-0.21215,-0.35396,-0.93526,-0.13985,-0.80769,-0.89884,-0.25453,-0.79516,-0.66956,-0.27663,-0.67721,-0.60824,-0.28468,-0.31245,-0.76718,-0.24715,-0.74931,-0.76903,-0.34269,-0.73883,-0.57544,-0.28525,-0.62066,-0.52362,-0.24142,-0.29327,-0.57067,-0.35314,-0.62003,-0.64637,-0.39572,-0.63525,-0.51401,-0.32655,-0.55590,-0.43824,-0.27656
nike,-0.00000,0.00000,0.00000,-0.34083,-0.18180,0.05080,-0.52007,-0.45546,0.01218,-0.64902,-0.64293,-0.06196,-0.78852,-0.75380,-0.13703,-0.44067,-0.98652,-0.03131,-0.66792,-1.31346,-0.10589,-0.79343,-1.54248,-0.16405,-0.88393,-1.75016,-0.21675,-0.37421,-0.92734,-0.13221,-0.82876,-0.88433,-0.24074,-0.81958,-0.67619,-0.26456,-0.72298,-0.61820,-0.27601,-0.34002,-0.75167,-0.22839,-0.77725,-0.74252,-0.31286,-0.75882,-0.57281,-0.25861,-0.65494,-0.52336,-0.22116,-0.32958,-0.55091,-0.32493,-0.64097,-0.59177,-0.36142,-0.64308,-0.48477,-0.30002,-0.57109,-0.43376,-0.25728
nike,-0.00000,0.00000,0.00000,-0.32740,-0.18600,0.08954,-0.51901,-0.46496,0.07038,-0.64404,-0.64765,0.01017,-0.75783,-0.76412,-0.05353,-0.44187,-0.98234,-0.00482,-0.69532,-1.31406,-0.06877,-0.83783,-1.53477,-0.11759,-0.94021,-1.73334,-0.16110,-0.39098,-0.92040,-0.11798,-0.87479,-0.88760,-0.20820,-0.85519,-0.66533,-0.21985,-0.74785,-0.60457,-0.22302,-0.37914,-0.75339,-0.22238,-0.83868,-0.75261,-0.28243,-0.80844,-0.57125,-0.21668,-0.69920,-0.51904,-0.17517,-0.39367,-0.55965,-0.32401,-0.72509,-0.60985,-0.33152,-0.71769,-0.48302,-0.25353,-0.64500,-0.41933,-0.20254
nike,-0.00000,0.00000,0.00000,-0.08749,-0.36913,0.11729,-0.22419,-0.71175,0.11243,-0.25965,-0.96079,0.06852,-0.21851,-1.15974,0.01655,-0.44970,-0.97996,0.00951,-0.72113,-1.28322,-0.04855,-0.88620,-1.47745,-0.08902,-1.00727,-1.63084,-0.11978,-0.47245,-0.88136,-0.09956,-0.88266,-0.83531,-0.16308,-0.83574,-0.64357,-0.15961,-0.71147,-0.59262,-0.15519,-0.50782,-0.69592,-0.19574,-0.89114,-0.68495,-0.24418,-0.83450,-0.52774,-0.18295,-0.72419,-0.48664,-0.14234,-0.53849,-0.47522,-0.28317,-0.86634,-0.51258,-0.28389,-0.81232,-0.39890,-0.20498,-0.70283,-0.35511,-0.14960
nike,-0.00000,0.00000,0.00000,-0.07266,-0.39595,0.10730,-0.20164,-0.75829,0.09017,-0.22715,-1.02967,0.03679,-0.17904,-1.22940,-0.02718,-0.44598,-0.98109,-0.02640,-0.74949,-1.29438,-0.08746,-0.93056,-1.47366,-0.12464,-1.06592,-1.61824,-0.15277,-0.48665,-0.87360,-0.13388,-0.90466,-0.84627,-0.20097,-0.85352,-0.65548,-0.19248,-0.71953,-0.60447,-0.18281,-0.53177,-0.67007,-0.22678,-0.90960,-0.68404,-0.27111,-0.85688,-0.52584,-0.20099,-0.74210,-0.48188,-0.15437,-0.56631,-0.42786,-0.31133,-0.89755,-0.50459,-0.30865,-0.85522,-0.38761,-0.21987,-0.75208,-0.33028,-0.15673
nike,-0.00000,0.00000,0.00000,-0.03792,-0.43102,0.09629,-0.14022,-0.81735,0.07486,-0.14181,-1.10494,0.02078,-0.07257,-1.30549,-0.04446,-0.44187,-0.98520,-0.04295,-0.76610,-1.30416,-0.09540,-0.96788,-1.47669,-0.12647,-1.12173,-1.61506,-0.15172,-0.51034,-0.85997,-0.13618,-0.88953,-0.82256,-0.18702,-0.79896,-0.65060,-0.16730,-0.64938,-0.60386,-0.15475,-0.57517,-0.63239,-0.21379,-0.91181,-0.63756,-0.24148,-0.83001,-0.49522,-0.16359,-0.70596,-0.45422,-0.11713,-0.62484,-0.37237,-0.28367,-0.93238,-0.44998,-0.26695,-0.86261,-0.34401,-0.16878,-0.74579,-0.28943,-0.10122
nike,-0.00000,0.00000,0.00000,-0.00289,-0.45198,0.09613,-0.08250,-0.86253,0.07957,-0.06378,-1.18157,0.03183,0.01702,-1.38962,-0.02900,-0.45722,-0.97604,-0.03772,-0.79155,-1.26998,-0.07720,-0.99966,-1.42727,-0.09874,-1.16063,-1.54962,-0.11654,-0.56244,-0.82684,-0.11395,-0.88791,-0.82707,-0.12729,-0.78852,-0.67353,-0.08441,-0.64359,-0.60904,-0.06233,-0.64031,-0.58029,-0.17489,-0.92629,-0.61335,-0.17390,-0.83598,-0.49368,-0.09110,-0.70311,-0.43721,-0.04708,-0.68829,-0.31390,-0.22713,-0.96751,-0.39260,-0.19526,-0.88777,-0.31240,-0.09888,-0.75727,-0.25862,-0.03489
nike,-0.00000,0.00000,0.00000,0.00388,-0.46246,0.10102,-0.07703,-0.87722,0.08421,-0.04632,-1.20912,0.03628,0.04552,-1.42228,-0.02466,-0.47037,-0.97128,-0.02158,-0.80491,-1.25298,-0.05113,-1.01280,-1.40429,-0.06878,-1.17230,-1.51972,-0.08425,-0.58042,-0.81431,-0.09448,-0.87532,-0.82235,-0.08623,-0.77733,-0.67905,-0.03248,-0.64115,-0.61356,-0.00680,-0.65421,-0.56566,-0.15271,-0.91501,-0.61171,-0.13423,-0.82713,-0.50018,-0.04908,-0.69660,-0.44617,-0.00775,-0.69757,-0.29976,-0.20150,-0.95804,-0.39260,-0.15819,-0.87319,-0.31956,-0.05742,-0.73686,-0.27222,0.00705
nike,-0.00000,0.00000,0.00000,0.01747,-0.47788,0.08663,-0.04856,-0.89700,0.05890,-0.00725,-1.23373,0.00225,0.09125,-1.44233,-0.06672,-0.48230,-0.97447,-0.03312,-0.81898,-1.25036,-0.06649,-1.02536,-1.39773,-0.08811,-1.18675,-1.50413,-0.10561,-0.60268,-0.79799,-0.09880,-0.86859,-0.83364,-0.09023,-0.75418,-0.71146,-0.03439,-0.61921,-0.63374,-0.00743,-0.67554,-0.54224,-0.15182,-0.90620,-0.61343,-0.13419,-0.80620,-0.52188,-0.05031,-0.67745,-0.45467,-0.00876,-0.71673,-0.27623,-0.19648,-0.96124,-0.38287,-0.15436,-0.86629,-0.32590,-0.05392,-0.72840,-0.26739,0.01144
nike,-0.00000,0.00000,0.00000,0.02794,-0.49112,0.07820,-0.03149,-0.92053,0.04044,0.02672,-1.27597,-0.02564,0.12629,-1.49823,-0.10394,-0.49476,-0.98013,-0.05022,-0.84440,-1.25679,-0.09579,-1.05575,-1.41028,-0.12687,-1.22409,-1.51708,-0.14892,-0.61504,-0.78850,-0.10999,-0.87176,-0.84960,-0.10595,-0.74168,-0.74477,-0.04448,-0.60451,-0.66045,-0.01261,-0.68107,-0.52571,-0.15831,-0.90353,-0.62227,-0.14129,-0.79310,-0.54447,-0.05030,-0.66372,-0.46587,-0.00200,-0.71867,-0.25952,-0.19927,-0.97633,-0.37948,-0.15549,-0.88139,-0.34082,-0.04954,-0.74324,-0.27920,0.02114
nike,-0.00000,0.00000,0.00000,0.03891,-0.50866,0.08430,-0.01773,-0.93267,0.04579,0.05004,-1.30281,-0.01952,0.15106,-1.52607,-0.09864,-0.50205,-0.98079,-0.05082,-0.86229,-1.25045,-0.09713,-1.07894,-1.40520,-0.13208,-1.25570,-1.50490,-0.15423,-0.62963,-0.77690,-0.09825,-0.87013,-0.86214,-0.07050,-0.73696,-0.77927,0.00537,-0.60669,-0.69267,0.04308,-0.69500,-0.50738,-0.13315,-0.89787,-0.62707,-0.09442,-0.78529,-0.56599,0.00220,-0.65954,-0.48183,0.05197,-0.73399,-0.24148,-0.15948,-0.98196,-0.37705,-0.09860,-0.89281,-0.34957,0.01323,-0.76491,-0.28361,0.08751
nike,-0.00000,0.00000,0.00000,0.06064,-0.53205,0.07635,0.00632,-0.95483,0.03170,0.07640,-1.32933,-0.03930,0.17785,-1.56380,-0.12584,-0.52139,-0.98107,-0.04135,-0.88009,-1.21370,-0.07957,-1.10329,-1.34558,-0.11409,-1.28512,-1.42833,-0.13808,-0.65671,-0.75414,-0.08370,-0.85777,-0.86178,-0.05215,-0.71914,-0.80165,0.01508,-0.59085,-0.71663,0.04522,-0.71488,-0.46639,-0.11284,-0.89039,-0.61780,-0.06803,-0.77562,-0.56784,0.02774,-0.64863,-0.48035,0.07537,-0.73591,-0.19303,-0.13452,-0.95967,-0.34304,-0.06573,-0.86719,-0.32510,0.04837,-0.74303,-0.25735,0.12365
nike,-0.00000,0.00000,0.00000,0.06485,-0.53911,0.05670,0.00687,-0.96898,0.00190,0.07675,-1.34965,-0.07719,0.18182,-1.59318,-0.17109,-0.53289,-0.97924,-0.05706,-0.89501,-1.19744,-0.10449,-1.12537,-1.32860,-0.14584,-1.31093,-1.40879,-0.17493,-0.66581,-0.74612,-0.09701,-0.86607,-0.84927,-0.07851,-0.72455,-0.79667,-0.01581,-0.59161,-0.71288,0.01379,-0.71861,-0.45508,-0.12626,-0.89963,-0.60297,-0.09460,-0.78258,-0.55537,0.00072,-0.65267,-0.46885,0.05142,-0.73264,-0.17772,-0.15024,-0.96635,-0.31946,-0.09337,-0.87549,-0.30565,0.01889,-0.74991,-0.24267,0.09533
nike,-0.00000,0.00000,0.00000,0.07357,-0.54706,0.04644,0.01436,-0.97675,-0.00814,0.07970,-1.36033,-0.08510,0.18336,-1.60362,-0.17637,-0.54085,-0.98208,-0.05015,-0.90631,-1.18294,-0.08669,-1.13768,-1.30451,-0.12154,-1.32280,-1.37806,-0.14817,-0.67498,-0.73784,-0.08444,-0.85885,-0.84528,-0.06155,-0.71758,-0.79956,-0.00336,-0.59027,-0.71730,0.02251,-0.72792,-0.44464,-0.10864,-0.89371,-0.60088,-0.07246,-0.77756,-0.55621,0.01784,-0.65093,-0.46926,0.06417,-0.74126,-0.16919,-0.12906,-0.95927,-0.31113,-0.07242,-0.87143,-0.29719,0.03395,-0.75049,-0.23156,0.10678
nike,-0.00000,0.00000,0.00000,0.07539,-0.54842,0.03265,0.01370,-0.97641,-0.02357,0.07751,-1.35722,-0.09965,0.17720,-1.60718,-0.18914,-0.54352,-0.98325,-0.05391,-0.90811,-1.17510,-0.08903,-1.13874,-1.29046,-0.12412,-1.32370,-1.35986,-0.15217,-0.67683,-0.73614,-0.08369,-0.84871,-0.84068,-0.06171,-0.70970,-0.79675,-0.00754,-0.58914,-0.71339,0.01507,-0.72878,-0.44197,-0.10518,-0.88489,-0.60114,-0.07140,-0.76762,-0.55778,0.01544,-0.64678,-0.47089,0.05941,-0.74070,-0.16551,-0.12457,-0.95565,-0.30434,-0.07297,-0.86845,-0.29661,0.02835,-0.75013,-0.23337,0.09830
nike,-0.00000,0.00000,0.00000,0.07869,-0.55300,0.02993,0.01517,-0.98754,-0.02866,0.07582,-1.37031,-0.10728,0.17795,-1.61786,-0.19937,-0.53824,-0.99112,-0.06470,-0.90963,-1.17861,-0.11055,-1.14783,-1.29097,-0.15257,-1.33912,-1.35755,-0.18462,-0.67244,-0.74016,-0.09700,-0.84541,-0.84307,-0.08678,-0.70436,-0.79434,-0.03570,-0.58433,-0.70874,-0.01351,-0.72512,-0.44216,-0.12139,-0.88410,-0.60019,-0.09951,-0.76535,-0.55515,-0.01194,-0.64413,-0.46566,0.03520,-0.73633,-0.16151,-0.14372,-0.95647,-0.30257,-0.10144,-0.86558,-0.29395,0.00074,-0.74338,-0.22850,0.07336
nike,-0.00000,0.00000,0.00000,0.06985,-0.55040,0.02267,-0.00181,-0.98886,-0.02964,0.05756,-1.36699,-0.09983,0.15555,-1.61520,-0.18027,-0.57106,-0.96886,-0.05523,-0.94124,-1.15474,-0.09323,-1.17073,-1.26158,-0.12964,-1.35511,-1.32402,-0.15682,-0.70143,-0.71274,-0.07988,-0.85564,-0.82784,-0.06670,-0.71388,-0.80839,-0.02016,-0.59548,-0.72568,0.00125,-0.74615,-0.42020,-0.09720,-0.88890,-0.57777,-0.07265,-0.77034,-0.55855,0.00415,-0.64882,-0.47324,0.04595,-0.75069,-0.15569,-0.11285,-0.94288,-0.28446,-0.06419,-0.85396,-0.29028,0.03070,-0.73616,-0.22516,0.09854
nike,-0.00000,0.00000,0.00000,0.06593,-0.55793,0.03531,-0.00428,-0.99273,-0.01309,0.05544,-1.37665,-0.07984,0.15164,-1.63020,-0.15984,-0.58052,-0.96647,-0.05552,-0.96498,-1.15316,-0.08541,-1.20178,-1.26168,-0.11608,-1.38903,-1.32379,-0.13790,-0.71179,-0.70239,-0.07424,-0.84894,-0.82979,-0.03764,-0.69970,-0.80854,0.02436,-0.58625,-0.72010,0.05242,-0.74808,-0.40247,-0.08300,-0.87399,-0.57879,-0.03787,-0.74501,-0.55784,0.04682,-0.62620,-0.47047,0.09025,-0.74311,-0.13634,-0.08813,-0.94311,-0.27054,-0.02422,-0.85221,-0.27860,0.07811,-0.73534,-0.21686,0.14971
nike,-0.00000,0.00000,0.00000,0.06319,-0.56393,0.06169,-0.00836,-0.99805,0.02001,0.04648,-1.39152,-0.04272,0.14054,-1.64873,-0.12104,-0.59623,-0.95656,-0.04496,-1.00325,-1.14506,-0.06635,-1.24374,-1.24735,-0.09013,-1.43196,-1.30379,-0.10506,-0.72737,-0.68624,-0.06357,-0.88040,-0.81311,-0.00011,-0.72382,-0.79436,0.08346,-0.60504,-0.70852,0.12225,-0.75836,-0.37578,-0.06939,-0.89706,-0.55470,0.00099,-0.75898,-0.53144,0.09692,-0.63572,-0.44845,0.14225,-0.75070,-0.10042,-0.06801,-0.95347,-0.23624,0.02181,-0.85218,-0.24311,0.13771,-0.72948,-0.18736,0.21388
nike,-0.00000,0.00000,0.00000,0.06053,-0.56787,0.07938,-0.00902,-0.99358,0.04406,0.02941,-1.39113,-0.01390,0.11372,-1.65108,-0.08848,-0.59570,-0.95262,-0.02081,-1.00471,-1.12349,-0.02829,-1.24178,-1.21555,-0.04586,-1.43234,-1.26963,-0.05868,-0.73023,-0.68320,-0.04002,-0.90116,-0.80022,0.04311,-0.74609,-0.77878,0.13421,-0.62099,-0.69990,0.17461,-0.76158,-0.37369,-0.04483,-0.91158,-0.54284,0.04485,-0.78023,-0.51361,0.14350,-0.65451,-0.43528,0.18574,-0.75538,-0.09972,-0.04079,-0.95849,-0.23302,0.06401,-0.86094,-0.23248,0.18251,-0.74147,-0.17578,0.25661
nike,-0.00000,0.00000,0.00000,0.05802,-0.56906,0.06470,-0.01272,-0.99280,0.02240,0.02066,-1.38728,-0.03961,0.10032,-1.64672,-0.11621,-0.60343,-0.95192,-0.02850,-1.00553,-1.12985,-0.04107,-1.24301,-1.22678,-0.06314,-1.43029,-1.28320,-0.07804,-0.73017,-0.68326,-0.04264,-0.89286,-0.80620,0.03679,-0.74214,-0.78797,0.12787,-0.62585,-0.70715,0.16925,-0.75803,-0.38070,-0.04455,-0.91409,-0.55298,0.03693,-0.78117,-0.53298,0.13656,-0.65794,-0.45703,0.18266,-0.75046,-0.11040,-0.03869,-0.95350,-0.25329,0.06056,-0.85377,-0.25822,0.18145,-0.73477,-0.20036,0.25922
nike,-0.00000,0.00000,0.00000,0.05681,-0.57336,0.05515,-0.02183,-1.00261,0.01425,0.01509,-1.39585,-0.04594,0.10320,-1.64927,-0.11955,-0.59655,-0.95844,-0.02600,-0.99195,-1.14678,-0.03927,-1.22895,-1.25101,-0.06152,-1.41741,-1.31219,-0.07710,-0.72576,-0.68795,-0.04115,-0.89409,-0.83404,0.02046,-0.74623,-0.82455,0.09762,-0.62406,-0.73678,0.13430,-0.76091,-0.39445,-0.04515,-0.90964,-0.57697,0.02760,-0.78179,-0.56494,0.11723,-0.65940,-0.48321,0.15944,-0.76176,-0.13870,-0.04332,-0.95694,-0.27744,0.05059,-0.86595,-0.28503,0.16263,-0.75369,-0.22035,0.23540
nike,-0.00000,0.00000,0.00000,0.05795,-0.57520,0.06595,-0.01006,-0.99760,0.02443,0.03204,-1.39396,-0.03843,0.12066,-1.64818,-0.11584,-0.57680,-0.97334,-0.03037,-0.97751,-1.14906,-0.04256,-1.21287,-1.24990,-0.06173,-1.40180,-1.31289,-0.07596,-0.70767,-0.70654,-0.05136,-0.89064,-0.83531,0.01590,-0.74615,-0.81532,0.10094,-0.62189,-0.72969,0.14007,-0.74314,-0.40842,-0.05994,-0.89892,-0.57012,0.01357,-0.77413,-0.54520,0.10726,-0.64901,-0.46273,0.15012,-0.74741,-0.14344,-0.06125,-0.94669,-0.27595,0.03120,-0.85316,-0.27301,0.14534,-0.73815,-0.20785,0.21814
nike,-0.00000,0.00000,0.00000,0.06078,-0.58242,0.07910,-0.00851,-1.01107,0.03776,0.04381,-1.41484,-0.02749,0.13709,-1.67791,-0.11012,-0.58452,-0.97010,-0.03355,-0.99454,-1.14840,-0.05204,-1.23851,-1.24654,-0.07854,-1.43776,-1.30282,-0.09705,-0.71832,-0.69571,-0.05842,-0.91841,-0.81808,0.00985,-0.75403,-0.79432,0.09731,-0.61900,-0.71530,0.13759,-0.75237,-0.38451,-0.06836,-0.92541,-0.55018,0.00710,-0.78727,-0.52184,0.10888,-0.65163,-0.43808,0.15682,-0.75091,-0.10529,-0.06911,-0.97527,-0.24257,0.02517,-0.86884,-0.24199,0.14738,-0.73810,-0.18016,0.22599
nike,-0.00000,0.00000,0.00000,0.05458,-0.55812,0.04698,-0.03010,-0.99331,-0.00291,0.01945,-1.39299,-0.07197,0.11193,-1.65690,-0.15515,-0.59457,-0.96103,-0.06377,-0.99565,-1.13787,-0.10155,-1.24123,-1.22887,-0.13653,-1.43775,-1.27385,-0.16070,-0.72618,-0.68751,-0.09008,-0.89696,-0.78690,-0.05660,-0.73952,-0.75122,0.01160,-0.61840,-0.67154,0.04311,-0.76523,-0.37652,-0.10549,-0.92308,-0.52136,-0.06124,-0.79112,-0.49069,0.03428,-0.66517,-0.41563,0.08272,-0.76318,-0.09832,-0.11611,-0.97356,-0.21766,-0.04900,-0.87460,-0.21110,0.06223,-0.75383,-0.15393,0.13772
nike,-0.00000,0.00000,0.00000,0.02594,-0.56264,0.07093,-0.07468,-0.99248,0.03980,-0.03891,-1.39684,-0.01101,0.03735,-1.65706,-0.07752,-0.65174,-0.91100,-0.02478,-1.06183,-1.05466,-0.03257,-1.30366,-1.12920,-0.04948,-1.49961,-1.16811,-0.06020,-0.77202,-0.63560,-0.04112,-0.94016,-0.72079,0.03868,-0.78583,-0.70653,0.12217,-0.65550,-0.63971,0.15842,-0.79647,-0.32308,-0.04312,-0.94603,-0.45715,0.03626,-0.80854,-0.43465,0.12716,-0.67514,-0.37048,0.16827,-0.78509,-0.04836,-0.03617,-0.99863,-0.16232,0.06123,-0.89054,-0.16024,0.17774,-0.75319,-0.11133,0.25320
nike,-0.00000,0.00000,0.00000,0.02850,-0.58585,0.08544,-0.06628,-1.01091,0.05022,-0.04188,-1.42324,-0.00718,0.02981,-1.69583,-0.08260,-0.65502,-0.92350,-0.03065,-1.09036,-1.05023,-0.03311,-1.34169,-1.12867,-0.04790,-1.54140,-1.17444,-0.05958,-0.78020,-0.62553,-0.05064,-0.97009,-0.73443,0.04265,-0.81167,-0.72302,0.14176,-0.67531,-0.64678,0.18368,-0.79836,-0.30329,-0.05464,-0.96716,-0.45927,0.04149,-0.82851,-0.44314,0.14581,-0.69236,-0.37363,0.18881,-0.78683,-0.02135,-0.04905,-1.01911,-0.13507,0.05925,-0.91322,-0.14539,0.18145,-0.77800,-0.10500,0.25564
nike,-0.00000,0.00000,0.00000,0.01608,-0.59056,0.07724,-0.08215,-1.00853,0.03557,-0.06218,-1.42013,-0.02757,0.00917,-1.68590,-0.10739,-0.65059,-0.92349,-0.04275,-1.08431,-1.05077,-0.06615,-1.34006,-1.12809,-0.09244,-1.54324,-1.17203,-0.10914,-0.77467,-0.63237,-0.06445,-0.97380,-0.74555,0.00371,-0.81834,-0.72783,0.09913,-0.67842,-0.64838,0.14482,-0.79613,-0.31681,-0.07283,-0.97080,-0.46807,-0.00388,-0.83544,-0.44635,0.09767,-0.70344,-0.37572,0.14704,-0.78944,-0.03382,-0.07145,-1.02022,-0.15373,0.01905,-0.91271,-0.15859,0.13894,-0.78289,-0.11331,0.21529
nike,-0.00000,0.00000,0.00000,0.01085,-0.59289,0.08481,-0.08747,-1.00586,0.04259,-0.06635,-1.41850,-0.02260,0.00185,-1.69316,-0.10453,-0.65245,-0.92669,-0.03424,-1.08680,-1.04741,-0.05090,-1.34038,-1.12191,-0.07583,-1.54458,-1.16441,-0.09296,-0.77604,-0.63068,-0.05726,-0.97750,-0.74372,0.01665,-0.81790,-0.72938,0.11174,-0.67622,-0.64990,0.15606,-0.79533,-0.31438,-0.06531,-0.97252,-0.46078,0.01349,-0.83731,-0.44139,0.11699,-0.70052,-0.36907,0.16515,-0.78837,-0.03524,-0.06320,-1.01663,-0.14963,0.03480,-0.90908,-0.15473,0.15624,-0.77688,-0.10795,0.23250
nike,-0.00000,0.00000,0.00000,0.00386,-0.58225,0.08992,-0.09403,-1.00258,0.04614,-0.07468,-1.41283,-0.02156,-0.00763,-1.68850,-0.10646,-0.65596,-0.92315,-0.05139,-1.09304,-1.04776,-0.08349,-1.34917,-1.12326,-0.11791,-1.55530,-1.16231,-0.14038,-0.77269,-0.63479,-0.08297,-0.99345,-0.72867,-0.01764,-0.83395,-0.70509,0.07819,-0.69125,-0.62884,0.12254,-0.79092,-0.31820,-0.09968,-0.98813,-0.44670,-0.02876,-0.85114,-0.42229,0.07883,-0.71172,-0.35309,0.12942,-0.78403,-0.02943,-0.10599,-1.03085,-0.13321,-0.01754,-0.92359,-0.13761,0.10459,-0.78800,-0.09773,0.18184
nike,-0.00000,0.00000,0.00000,-0.00908,-0.56215,0.10066,-0.10773,-0.98479,0.05697,-0.09172,-1.38944,-0.01483,-0.02345,-1.66188,-0.10378,-0.64401,-0.92481,-0.06024,-1.08102,-1.05814,-0.11172,-1.34266,-1.13858,-0.15698,-1.55230,-1.17978,-0.18536,-0.75997,-0.64996,-0.10659,-1.00655,-0.71385,-0.06130,-0.84407,-0.67336,0.03226,-0.68813,-0.59876,0.07792,-0.78367,-0.33278,-0.13848,-1.00336,-0.43142,-0.08598,-0.86618,-0.39692,0.02394,-0.71774,-0.33128,0.07868,-0.78001,-0.02856,-0.15919,-1.04931,-0.10752,-0.08543,-0.94126,-0.11051,0.03666,-0.79460,-0.08342,0.11517
nike,-0.00000,0.00000,0.00000,-0.01416,-0.54959,0.11998,-0.11209,-0.97167,0.08333,-0.09935,-1.37460,0.01351,-0.02543,-1.63940,-0.07542,-0.62105,-0.93047,-0.05113,-1.05766,-1.07452,-0.10691,-1.32475,-1.15799,-0.15276,-1.53363,-1.20150,-0.18135,-0.73777,-0.67505,-0.11266,-1.00081,-0.70056,-0.07423,-0.84616,-0.63084,0.01569,-0.68521,-0.56430,0.05900,-0.77201,-0.35672,-0.15856,-1.00530,-0.42151,-0.10919,-0.87656,-0.35985,0.00215,-0.72589,-0.29917,0.05580,-0.77349,-0.04534,-0.19222,-1.04400,-0.10767,-0.12179,-0.93477,-0.08800,0.00104,-0.78702,-0.05926,0.07890
nike,-0.00000,0.00000,0.00000,-0.03381,-0.50759,0.09144,-0.14322,-0.93112,0.04246,-0.14105,-1.30765,-0.03730,-0.06790,-1.56800,-0.13314,-0.60749,-0.92504,-0.08389,-1.03511,-1.08598,-0.15112,-1.30007,-1.17991,-0.19423,-1.50297,-1.24450,-0.22394,-0.71237,-0.70180,-0.15783,-1.00439,-0.65256,-0.16812,-0.86245,-0.53924,-0.10107,-0.69636,-0.48736,-0.06494,-0.75316,-0.39615,-0.21851,-1.01237,-0.37654,-0.21235,-0.89146,-0.28728,-0.11068,-0.74106,-0.25681,-0.05732,-0.75777,-0.08646,-0.27018,-1.03377,-0.09500,-0.23519,-0.92591,-0.04354,-0.12563,-0.78175,-0.03095,-0.05388
nike,-0.00000,0.00000,0.00000,-0.05829,-0.48320,0.09729,-0.17852,-0.90248,0.04908,-0.18044,-1.25299,-0.03449,-0.11414,-1.50574,-0.13313,-0.56903,-0.94652,-0.09135,-0.98540,-1.17049,-0.18362,-1.25089,-1.27592,-0.23987,-1.45267,-1.35890,-0.27620,-0.65158,-0.75858,-0.18500,-1.01796,-0.66506,-0.23564,-0.89780,-0.50860,-0.18300,-0.72507,-0.48773,-0.14939,-0.69432,-0.46853,-0.26671,-1.01880,-0.41154,-0.29978,-0.91476,-0.28767,-0.20334,-0.76105,-0.27934,-0.14487,-0.71196,-0.15717,-0.33880,-1.02421,-0.16089,-0.32759,-0.93284,-0.07948,-0.22099,-0.79345,-0.07556,-0.14922
nike,-0.00000,0.00000,0.00000,-0.09228,-0.42521,0.09949,-0.24916,-0.81335,0.05904,-0.28003,-1.12674,-0.01908,-0.22989,-1.37285,-0.11055,-0.54517,-0.95363,-0.07287,-0.90472,-1.21421,-0.17800,-1.13324,-1.36575,-0.24311,-1.30732,-1.50227,-0.28755,-0.57574,-0.81764,-0.18074,-1.00167,-0.71764,-0.27109,-0.90361,-0.51442,-0.24586,-0.74644,-0.49906,-0.22192,-0.59313,-0.56764,-0.27673,-0.98540,-0.48816,-0.34640,-0.88492,-0.32830,-0.25792,-0.74169,-0.32988,-0.19456,-0.59641,-0.27867,-0.36354,-0.94516,-0.26176,-0.37187,-0.85226,-0.15629,-0.27039,-0.71693,-0.15831,-0.19950
nike,-0.00000,0.00000,0.00000,-0.13706,-0.39625,0.12996,-0.32315,-0.73459,0.10380,-0.38568,-1.01087,0.03460,-0.34458,-1.24446,-0.04564,-0.55392,-0.94903,-0.05956,-0.89658,-1.23836,-0.17050,-1.10748,-1.41958,-0.24158,-1.25926,-1.59048,-0.28837,-0.54348,-0.83942,-0.18710,-1.00426,-0.71699,-0.28932,-0.94638,-0.49285,-0.28007,-0.80451,-0.47163,-0.26737,-0.54166,-0.62094,-0.29920,-0.97490,-0.53296,-0.37932,-0.90868,-0.34635,-0.30075,-0.78425,-0.32798,-0.24225,-0.54564,-0.36890,-0.39994,-0.90882,-0.33765,-0.41027,-0.84878,-0.20461,-0.31182,-0.73655,-0.18139,-0.24225
nike,-0.00000,0.00000,0.00000,-0.19045,-0.32981,0.12785,-0.39535,-0.64020,0.11222,-0.49272,-0.84380,0.05227,-0.51046,-1.00324,-0.01409,-0.53204,-0.96066,-0.02332,-0.82199,-1.24452,-0.11883,-1.00304,-1.43878,-0.18645,-1.13494,-1.62431,-0.23400,-0.48181,-0.87628,-0.15457,-0.94498,-0.76282,-0.25611,-0.88113,-0.54386,-0.26237,-0.74529,-0.52544,-0.25745,-0.46223,-0.69142,-0.27152,-0.90831,-0.61674,-0.34475,-0.84325,-0.41976,-0.26892,-0.72358,-0.39361,-0.21242,-0.45995,-0.47272,-0.38018,-0.82783,-0.45015,-0.38107,-0.77138,-0.30066,-0.27899,-0.66873,-0.25658,-0.20778
nike,-0.00000,0.00000,0.00000,-0.29787,-0.21343,0.07370,-0.53140,-0.47034,0.03152,-0.70952,-0.59999,-0.04886,-0.88190,-0.63795,-0.13286,-0.52573,-0.96278,-0.06128,-0.80506,-1.25356,-0.16436,-0.96924,-1.46263,-0.23885,-1.08964,-1.67807,-0.29711,-0.44686,-0.89460,-0.17903,-0.94076,-0.78068,-0.30831,-0.87729,-0.53875,-0.32766,-0.72833,-0.49941,-0.32825,-0.40077,-0.70675,-0.28718,-0.87149,-0.63303,-0.38818,-0.80595,-0.42696,-0.31670,-0.66755,-0.40356,-0.26003,-0.37944,-0.48187,-0.39183,-0.74680,-0.45874,-0.42419,-0.70040,-0.31359,-0.33470,-0.58562,-0.27970,-0.26958
nike,-0.00000,0.00000,0.00000,-0.30414,-0.20576,0.07060,-0.52288,-0.48494,0.03652,-0.65514,-0.68481,-0.03423,-0.79783,-0.78149,-0.10930,-0.53203,-0.95464,-0.06452,-0.78940,-1.25167,-0.16765,-0.94129,-1.46278,-0.23844,-1.04721,-1.68112,-0.29193,-0.43193,-0.90190,-0.17970,-0.92437,-0.79037,-0.30783,-0.87253,-0.54947,-0.32220,-0.72066,-0.50607,-0.31701,-0.36427,-0.72463,-0.28674,-0.82291,-0.65091,-0.39689,-0.78006,-0.44249,-0.33140,-0.64233,-0.41450,-0.27426,-0.31925,-0.51016,-0.38962,-0.68570,-0.50469,-0.43220,-0.66704,-0.36080,-0.34778,-0.55590,-0.31806,-0.28278
nike,-0.00000,0.00000,0.00000,-0.32424,-0.20209,0.05384,-0.52745,-0.49168,0.01294,-0.64873,-0.70731,-0.06179,-0.77770,-0.81003,-0.13925,-0.52366,-0.96336,-0.07724,-0.79067,-1.25731,-0.18167,-0.93628,-1.47344,-0.25213,-1.04206,-1.69167,-0.30732,-0.42418,-0.90558,-0.18719,-0.92134,-0.80473,-0.33001,-0.87032,-0.56446,-0.35132,-0.72567,-0.50424,-0.34777,-0.35317,-0.73437,-0.29035,-0.81914,-0.66199,-0.40981,-0.78119,-0.45915,-0.34829,-0.65475,-0.41456,-0.29011,-0.30339,-0.52187,-0.39149,-0.66257,-0.53415,-0.44258,-0.67344,-0.40344,-0.36762,-0.59717,-0.34715,-0.30667
nike,-0.00000,0.00000,0.00000,-0.33594,-0.18543,0.04285,-0.53280,-0.47189,0.00253,-0.65107,-0.69152,-0.07107,-0.77298,-0.80045,-0.14577,-0.52220,-0.94928,-0.05900,-0.78336,-1.23985,-0.15908,-0.92721,-1.45645,-0.22879,-1.03200,-1.67284,-0.28438,-0.43233,-0.90172,-0.16073,-0.90407,-0.79589,-0.30062,-0.85386,-0.56530,-0.32442,-0.71623,-0.50991,-0.32346,-0.36509,-0.74230,-0.25833,-0.80841,-0.65745,-0.37464,-0.76782,-0.46407,-0.31664,-0.64741,-0.42322,-0.26193,-0.31695,-0.53956,-0.35585,-0.66250,-0.52930,-0.40567,-0.66418,-0.40200,-0.33560,-0.58477,-0.35248,-0.27868
nike,-0.00000,0.00000,0.00000,-0.34693,-0.14216,0.04928,-0.54576,-0.41382,0.01561,-0.66660,-0.62297,-0.05202,-0.77760,-0.71824,-0.12037,-0.52756,-0.93124,-0.04444,-0.76996,-1.21704,-0.13536,-0.91189,-1.43259,-0.20009,-1.01047,-1.64859,-0.25499,-0.44265,-0.89669,-0.14838,-0.87583,-0.77128,-0.27741,-0.82912,-0.52938,-0.29972,-0.69429,-0.48406,-0.30073,-0.37417,-0.74796,-0.24783,-0.77981,-0.66753,-0.36326,-0.75162,-0.44682,-0.30687,-0.63845,-0.40159,-0.25375,-0.31989,-0.55467,-0.34579,-0.63419,-0.54705,-0.40094,-0.64066,-0.40415,-0.33180,-0.56226,-0.35046,-0.27478
nike,-0.00000,0.00000,0.00000,-0.34993,-0.10235,0.06118,-0.54871,-0.36436,0.03027,-0.66771,-0.56227,-0.03970,-0.78075,-0.66406,-0.11218,-0.53224,-0.91295,-0.01991,-0.74077,-1.21097,-0.10477,-0.87028,-1.42547,-0.16631,-0.96023,-1.64363,-0.22287,-0.43870,-0.89863,-0.13425,-0.84870,-0.76288,-0.26983,-0.79234,-0.48719,-0.29664,-0.65067,-0.44571,-0.29908,-0.36283,-0.77196,-0.24425,-0.74913,-0.68536,-0.36644,-0.71142,-0.43267,-0.30995,-0.58806,-0.39778,-0.25641,-0.29994,-0.59887,-0.35130,-0.60080,-0.57765,-0.41223,-0.59582,-0.41001,-0.34298,-0.50617,-0.36795,-0.28665
nike,-0.00000,0.00000,0.00000,-0.34597,-0.09407,0.05199,-0.54519,-0.36099,0.02263,-0.65464,-0.56487,-0.04424,-0.76301,-0.65122,-0.11362,-0.53449,-0.89747,-0.01151,-0.72709,-1.20811,-0.09093,-0.85157,-1.42333,-0.14689,-0.94049,-1.63913,-0.20065,-0.43967,-0.89816,-0.12039,-0.82860,-0.76192,-0.25725,-0.76561,-0.47585,-0.28652,-0.62424,-0.44293,-0.28902,-0.35998,-0.79102,-0.22630,-0.72961,-0.69311,-0.35521,-0.68332,-0.43453,-0.30558,-0.55804,-0.41286,-0.25397,-0.28983,-0.63529,-0.32914,-0.57723,-0.61337,-0.39716,-0.57154,-0.43531,-0.33270,-0.48449,-0.39359,-0.27763
nike,-0.00000,0.00000,0.00000,-0.35989,-0.10761,0.06912,-0.56742,-0.35844,0.05458,-0.68265,-0.56609,-0.00276,-0.79578,-0.69346,-0.06507,-0.57763,-0.87203,-0.00163,-0.74753,-1.28316,-0.08074,-0.86338,-1.51096,-0.13007,-0.95153,-1.74363,-0.17684,-0.47677,-0.87903,-0.12489,-0.82637,-0.81584,-0.27444,-0.75698,-0.49044,-0.30554,-0.61400,-0.42474,-0.30379,-0.37113,-0.81002,-0.24547,-0.70723,-0.76102,-0.39791,-0.65344,-0.47057,-0.35415,-0.52808,-0.42188,-0.29621,-0.26215,-0.69812,-0.36068,-0.49458,-0.79444,-0.45627,-0.54386,-0.60900,-0.39951,-0.51005,-0.50546,-0.34040
nike,-0.00000,0.00000,0.00000,-0.32641,-0.07478,0.00904,-0.52895,-0.27331,-0.03846,-0.64916,-0.42718,-0.12253,-0.76719,-0.59137,-0.20962,-0.62936,-0.81948,-0.03969,-0.77608,-1.38837,-0.14059,-0.88622,-1.65098,-0.20897,-0.96611,-1.91615,-0.26507,-0.51553,-0.85687,-0.13499,-0.81512,-1.07088,-0.32814,-0.79839,-0.71187,-0.39639,-0.68216,-0.54683,-0.40763,-0.38000,-0.85927,-0.23102,-0.66083,-1.10274,-0.40312,-0.66653,-0.75536,-0.37070,-0.56826,-0.56868,-0.30845,-0.21709,-0.82781,-0.32734,-0.40796,-1.09999,-0.44526,-0.50506,-0.89283,-0.40586,-0.50417,-0.71344,-0.35017
nike,-0.00000,0.00000,0.00000,-0.24514,-0.06768,-0.05681,-0.47494,-0.28678,-0.10481,-0.60900,-0.45751,-0.16852,-0.72003,-0.63099,-0.22722,-0.52373,-0.85756,-0.06777,-0.65115,-1.34761,-0.17791,-0.73636,-1.61622,-0.24406,-0.79521,-1.86860,-0.29057,-0.39793,-0.91742,-0.11644,-0.65146,-1.02059,-0.30112,-0.61676,-0.65834,-0.34471,-0.52092,-0.50947,-0.33378,-0.25163,-0.92676,-0.17425,-0.47123,-0.99528,-0.35408,-0.44560,-0.66005,-0.31117,-0.36142,-0.53201,-0.23494,-0.08244,-0.90160,-0.23692,-0.24863,-1.04477,-0.35127,-0.29284,-0.82975,-0.29876,-0.25515,-0.70435,-0.22969
nike,-0.00000,0.00000,0.00000,-0.26216,-0.07026,-0.04984,-0.51315,-0.26905,-0.11634,-0.66734,-0.37209,-0.20247,-0.79666,-0.42196,-0.29049,-0.52049,-0.87038,-0.10348,-0.65728,-1.39202,-0.20926,-0.73410,-1.67081,-0.27682,-0.77910,-1.93227,-0.32910,-0.37088,-0.92868,-0.15783,-0.62446,-1.06317,-0.32951,-0.59595,-0.72017,-0.37495,-0.49470,-0.60789,-0.37549,-0.20623,-0.94157,-0.21517,-0.42014,-1.09244,-0.37861,-0.41484,-0.75754,-0.33231,-0.33014,-0.62396,-0.26433,-0.01549,-0.93241,-0.27627,-0.16199,-1.15936,-0.37870,-0.22702,-0.92979,-0.31388,-0.20410,-0.76293,-0.24120
nike,-0.00000,0.00000,0.00000,-0.28857,-0.06279,-0.06685,-0.57184,-0.24105,-0.14286,-0.76787,-0.32331,-0.23788,-0.90470,-0.37355,-0.33560,-0.54492,-0.85586,-0.10909,-0.68660,-1.37015,-0.21584,-0.77418,-1.65159,-0.28174,-0.82507,-1.91698,-0.33210,-0.38902,-0.92123,-0.15627,-0.61107,-1.13231,-0.33018,-0.58960,-0.78653,-0.37278,-0.49747,-0.63024,-0.36850,-0.21813,-0.95486,-0.20949,-0.39525,-1.21257,-0.36712,-0.40357,-0.88365,-0.31990,-0.33184,-0.71183,-0.25066,-0.02776,-0.97456,-0.26931,-0.13924,-1.27440,-0.36331,-0.21626,-1.06567,-0.30368,-0.21081,-0.88240,-0.23610
nike,-0.00000,0.00000,0.00000,-0.29791,0.00593,-0.07884,-0.61594,-0.18807,-0.13103,-0.84038,-0.28544,-0.19915,-0.99142,-0.26517,-0.27046,-0.57099,-0.82768,-0.08228,-0.72175,-1.32713,-0.17654,-0.82653,-1.60960,-0.22528,-0.88656,-1.87014,-0.26428,-0.41388,-0.91033,-0.11816,-0.59473,-1.20465,-0.28421,-0.55619,-0.85361,-0.31182,-0.46975,-0.68673,-0.29034,-0.23540,-0.95714,-0.16462,-0.38620,-1.26905,-0.32785,-0.37819,-0.94173,-0.27815,-0.30217,-0.77223,-0.19855,-0.02888,-0.99398,-0.21958,-0.11264,-1.34590,-0.32824,-0.17986,-1.18167,-0.28645,-0.17688,-1.03659,-0.22717
nike,-0.00000,0.00000,0.00000,-0.28211,0.01686,-0.10073,-0.60904,-0.16866,-0.16480,-0.85706,-0.25463,-0.23976,-1.02383,-0.24763,-0.31538,-0.57200,-0.81670,-0.09678,-0.72576,-1.30496,-0.19481,-0.83214,-1.58707,-0.24221,-0.89630,-1.84778,-0.28003,-0.41915,-0.90792,-0.12314,-0.59789,-1.20204,-0.29107,-0.53866,-0.83993,-0.31064,-0.45560,-0.68278,-0.28159,-0.24032,-0.96035,-0.16288,-0.38545,-1.24654,-0.33176,-0.36423,-0.91297,-0.27719,-0.29131,-0.75691,-0.19292,-0.03268,-1.00073,-0.21274,-0.11402,-1.33259,-0.32499,-0.17128,-1.15626,-0.28110,-0.16564,-1.01572,-0.21946
nike,-0.00000,0.00000,0.00000,-0.28527,0.02088,-0.09941,-0.61298,-0.16171,-0.16541,-0.87075,-0.24347,-0.24295,-1.04298,-0.22655,-0.32240,-0.57844,-0.81186,-0.09994,-0.74178,-1.30368,-0.19639,-0.85607,-1.58766,-0.24676,-0.92331,-1.85101,-0.28939,-0.42630,-0.90458,-0.12686,-0.60734,-1.19730,-0.29298,-0.54741,-0.83542,-0.31390,-0.46061,-0.68291,-0.28849,-0.24766,-0.96054,-0.16636,-0.39442,-1.25159,-0.33146,-0.37440,-0.92068,-0.27556,-0.29731,-0.76676,-0.19349,-0.04033,-1.00541,-0.21622,-0.12733,-1.33890,-0.33050,-0.18026,-1.15340,-0.28716,-0.16676,-1.00642,-0.22694
nike,-0.00000,0.00000,0.00000,-0.28764,0.01890,-0.09278,-0.61729,-0.17127,-0.15352,-0.87874,-0.24826,-0.22641,-1.04483,-0.20270,-0.30127,-0.57988,-0.81081,-0.08727,-0.73929,-1.28859,-0.17750,-0.84895,-1.57135,-0.22278,-0.91350,-1.82937,-0.26214,-0.43003,-0.90282,-0.11475,-0.60661,-1.19198,-0.27286,-0.54015,-0.83424,-0.28758,-0.45596,-0.68557,-0.25786,-0.25370,-0.95889,-0.15473,-0.39502,-1.23866,-0.31310,-0.37115,-0.91334,-0.25513,-0.29685,-0.76629,-0.17206,-0.04883,-1.00417,-0.20475,-0.13051,-1.33102,-0.31296,-0.18209,-1.14724,-0.26816,-0.17142,-1.00367,-0.20768
nike,-0.00000,0.00000,0.00000,-0.29608,0.01604,-0.09458,-0.63003,-0.16832,-0.15571,-0.89228,-0.23524,-0.22838,-1.06291,-0.18142,-0.30310,-0.58544,-0.80974,-0.08938,-0.74973,-1.28640,-0.17532,-0.85481,-1.56721,-0.21793,-0.91259,-1.82688,-0.25551,-0.43334,-0.90123,-0.11608,-0.60976,-1.19150,-0.27251,-0.54789,-0.83881,-0.29063,-0.46366,-0.68963,-0.26362,-0.25720,-0.95639,-0.15455,-0.39637,-1.24217,-0.30860,-0.37570,-0.92110,-0.25552,-0.30295,-0.77491,-0.17695,-0.05639,-1.00086,-0.20342,-0.13226,-1.34376,-0.30801,-0.18712,-1.16838,-0.26580,-0.18076,-1.02277,-0.20824
nike,-0.00000,0.00000,0.00000,-0.29988,0.01044,-0.09187,-0.63224,-0.16826,-0.15456,-0.89082,-0.22615,-0.23028,-1.05778,-0.16206,-0.30790,-0.58163,-0.81172,-0.08157,-0.74494,-1.28039,-0.16466,-0.85083,-1.55909,-0.20228,-0.90847,-1.81374,-0.23508,-0.42795,-0.90380,-0.10940,-0.60507,-1.17997,-0.26220,-0.53961,-0.82412,-0.27581,-0.45553,-0.68280,-0.24456,-0.25413,-0.95836,-0.14907,-0.39413,-1.23232,-0.30187,-0.36929,-0.91123,-0.24666,-0.29483,-0.77413,-0.16551,-0.05664,-1.00143,-0.19882,-0.13347,-1.34249,-0.30119,-0.18750,-1.16294,-0.25550,-0.17989,-1.01586,-0.19446
nike,-0.00000,0.00000,0.00000,-0.30172,0.01162,-0.09380,-0.63706,-0.16479,-0.15735,-0.89903,-0.21602,-0.23415,-1.07638,-0.15578,-0.31265,-0.58835,-0.80855,-0.08401,-0.75297,-1.28457,-0.16995,-0.85645,-1.56508,-0.20973,-0.91496,-1.82454,-0.24412,-0.43433,-0.90075,-0.11091,-0.60812,-1.17958,-0.26675,-0.53911,-0.82450,-0.28158,-0.45558,-0.67971,-0.25177,-0.25919,-0.95770,-0.15005,-0.40079,-1.24140,-0.30431,-0.37124,-0.91496,-0.24577,-0.29461,-0.77068,-0.16258,-0.06134,-1.00434,-0.19972,-0.14347,-1.34275,-0.30194,-0.19112,-1.16184,-0.25398,-0.17795,-1.01703,-0.19150
nike,-0.00000,0.00000,0.00000,-0.30302,0.00870,-0.10187,-0.64578,-0.16390,-0.16895,-0.91356,-0.21523,-0.24810,-1.09933,-0.15301,-0.32958,-0.59785,-0.80224,-0.09379,-0.76105,-1.27870,-0.18462,-0.86201,-1.56518,-0.23059,-0.92040,-1.83073,-0.27049,-0.44019,-0.89790,-0.11969,-0.61264,-1.17740,-0.28323,-0.54459,-0.82711,-0.30619,-0.45949,-0.67764,-0.28304,-0.25861,-0.95661,-0.15817,-0.40576,-1.25718,-0.31931,-0.37623,-0.93237,-0.26596,-0.29673,-0.78129,-0.18672,-0.05498,-1.00157,-0.20780,-0.14549,-1.34751,-0.31750,-0.19393,-1.16138,-0.27393,-0.17836,-1.00798,-0.21446
nike,-0.00000,0.00000,0.00000,-0.29691,-0.00228,-0.09538,-0.63561,-0.18230,-0.15887,-0.88770,-0.24509,-0.23413,-1.06869,-0.18326,-0.31137,-0.57821,-0.81167,-0.08753,-0.73442,-1.29159,-0.17813,-0.83359,-1.57171,-0.22530,-0.89678,-1.83568,-0.26636,-0.42632,-0.90457,-0.11783,-0.61521,-1.17205,-0.28604,-0.55904,-0.81828,-0.31601,-0.46960,-0.66197,-0.29679,-0.24700,-0.95717,-0.15973,-0.40226,-1.23199,-0.32818,-0.38256,-0.90456,-0.28432,-0.30655,-0.75967,-0.20948,-0.04221,-0.99845,-0.21087,-0.13814,-1.33061,-0.32276,-0.19120,-1.13595,-0.28059,-0.17562,-0.98275,-0.22191
nike,-0.00000,0.00000,0.00000,-0.29745,-0.01716,-0.07705,-0.60872,-0.19951,-0.13662,-0.83408,-0.29685,-0.20957,-1.00109,-0.30297,-0.28524,-0.56736,-0.82164,-0.09067,-0.70975,-1.31636,-0.19393,-0.79821,-1.60049,-0.25877,-0.86298,-1.86987,-0.31200,-0.42008,-0.90749,-0.13032,-0.62182,-1.11060,-0.31875,-0.59884,-0.75672,-0.36977,-0.51717,-0.56717,-0.36567,-0.24271,-0.95044,-0.17842,-0.40849,-1.16959,-0.35327,-0.41103,-0.83601,-0.31475,-0.34979,-0.65892,-0.24543,-0.03419,-0.97588,-0.23356,-0.14961,-1.20504,-0.34212,-0.20491,-0.98792,-0.29636,-0.18929,-0.83196,-0.23629
nike,-0.00000,0.00000,0.00000,-0.28898,-0.05916,-0.07625,-0.56148,-0.26340,-0.14826,-0.75883,-0.38091,-0.23502,-0.93154,-0.38844,-0.32291,-0.55265,-0.85043,-0.11767,-0.67680,-1.37863,-0.23283,-0.75499,-1.67454,-0.30534,-0.81570,-1.93909,-0.36097,-0.40044,-0.91632,-0.16152,-0.63313,-1.00993,-0.36835,-0.63614,-0.67492,-0.43131,-0.56718,-0.49627,-0.43415,-0.22934,-0.92258,-0.21153,-0.40297,-1.03970,-0.39602,-0.43393,-0.73221,-0.36864,-0.40630,-0.55598,-0.30637,-0.03502,-0.89784,-0.26807,-0.15942,-1.06070,-0.38395,-0.23539,-0.85878,-0.34374,-0.24791,-0.69963,-0.28521
nike,-0.00000,0.00000,0.00000,-0.30494,-0.07020,-0.05938,-0.55155,-0.26220,-0.12250,-0.71795,-0.41189,-0.20234,-0.85044,-0.53787,-0.27829,-0.57509,-0.83467,-0.08725,-0.68231,-1.27492,-0.20157,-0.75474,-1.55392,-0.27803,-0.80935,-1.79727,-0.33313,-0.43899,-0.89849,-0.13235,-0.69636,-0.84827,-0.31411,-0.69173,-0.54384,-0.36782,-0.61714,-0.38613,-0.36897,-0.28733,-0.87999,-0.18490,-0.52742,-0.78693,-0.34559,-0.52411,-0.51213,-0.31115,-0.46601,-0.37778,-0.24950,-0.12617,-0.81549,-0.24558,-0.30537,-0.77773,-0.34086,-0.34941,-0.59827,-0.29829,-0.32982,-0.49356,-0.24001
nike,-0.00000,0.00000,0.00000,-0.37916,-0.11603,0.04021,-0.61208,-0.32526,0.00382,-0.77598,-0.44054,-0.06628,-0.91564,-0.49193,-0.14077,-0.58666,-0.86959,-0.06552,-0.74811,-1.23914,-0.16611,-0.84079,-1.49596,-0.23651,-0.91047,-1.73258,-0.29557,-0.46125,-0.88727,-0.17636,-0.81387,-0.74028,-0.31565,-0.76532,-0.44577,-0.34771,-0.64528,-0.35611,-0.35512,-0.32158,-0.79997,-0.28518,-0.66344,-0.65603,-0.42105,-0.61136,-0.40538,-0.37895,-0.49937,-0.34884,-0.33121,-0.18546,-0.64551,-0.39413,-0.40720,-0.66513,-0.48171,-0.46043,-0.50709,-0.43048,-0.43317,-0.39790,-0.37862
nike,-0.00000,0.00000,0.00000,-0.39850,-0.10270,0.07144,-0.63909,-0.31704,0.04169,-0.82580,-0.41667,-0.02668,-0.99869,-0.46619,-0.09715,-0.60767,-0.86844,-0.03253,-0.81572,-1.16963,-0.13123,-0.93710,-1.40942,-0.20283,-1.01788,-1.62931,-0.26111,-0.50617,-0.86243,-0.15436,-0.93337,-0.69740,-0.28668,-0.88939,-0.42826,-0.30991,-0.76213,-0.35070,-0.31033,-0.40401,-0.74551,-0.27290,-0.81668,-0.58967,-0.39381,-0.76870,-0.36353,-0.34181,-0.65457,-0.32660,-0.29130,-0.31805,-0.56553,-0.38905,-0.61580,-0.48758,-0.45102,-0.63712,-0.34298,-0.38892,-0.57519,-0.29759,-0.33661
nike,-0.00000,0.00000,0.00000,-0.33765,-0.23202,0.08088,-0.61742,-0.47614,0.04126,-0.84152,-0.54178,-0.03366,-1.04194,-0.55114,-0.11459,-0.62753,-0.92492,-0.09581,-0.92060,-1.18077,-0.20109,-1.07882,-1.38844,-0.27389,-1.19133,-1.59380,-0.33328,-0.52401,-0.85171,-0.22456,-1.01619,-0.69469,-0.35439,-0.97840,-0.45990,-0.37246,-0.84617,-0.40118,-0.37773,-0.42160,-0.65822,-0.34273,-0.89884,-0.54196,-0.45340,-0.85774,-0.35341,-0.39101,-0.72948,-0.32604,-0.34037,-0.33631,-0.40722,-0.45660,-0.70865,-0.38730,-0.51447,-0.74674,-0.28400,-0.44791,-0.68062,-0.25155,-0.39604
nike,-0.00000,0.00000,0.00000,-0.31540,-0.25389,0.12163,-0.61707,-0.45804,0.09002,-0.85882,-0.46535,0.01553,-1.06184,-0.41399,-0.06881,-0.64124,-0.90701,-0.07217,-0.92176,-1.14378,-0.18123,-1.08883,-1.33483,-0.25858,-1.20835,-1.51937,-0.31751,-0.54687,-0.83722,-0.21885,-1.03691,-0.65003,-0.33085,-0.97518,-0.43174,-0.33207,-0.82334,-0.39725,-0.32799,-0.45515,-0.63740,-0.35341,-0.93035,-0.49496,-0.45367,-0.86442,-0.32657,-0.38717,-0.72648,-0.32856,-0.33589,-0.38227,-0.38563,-0.47866,-0.76312,-0.33849,-0.51516,-0.75391,-0.23916,-0.43172,-0.65139,-0.22428,-0.37315
nike,-0.00000,0.00000,0.00000,-0.23089,-0.36407,0.15437,-0.48381,-0.64553,0.14674,-0.62998,-0.83012,0.09269,-0.68468,-0.99461,0.02691,-0.64089,-0.90017,-0.03232,-0.95427,-1.11923,-0.13520,-1.15173,-1.28982,-0.20693,-1.28720,-1.45626,-0.25451,-0.59102,-0.80666,-0.17113,-1.06983,-0.63166,-0.26403,-1.01254,-0.43319,-0.25160,-0.87348,-0.41804,-0.23691,-0.53382,-0.58661,-0.29376,-0.98951,-0.46009,-0.38176,-0.93530,-0.30325,-0.31145,-0.81424,-0.30175,-0.25430,-0.48182,-0.32756,-0.40121,-0.86901,-0.27800,-0.41269,-0.83042,-0.18829,-0.31263,-0.71584,-0.18251,-0.24212
nike,-0.00000,0.00000,0.00000,-0.18285,-0.39576,0.16769,-0.41991,-0.69117,0.16336,-0.56838,-0.91020,0.11304,-0.59811,-1.14419,0.05217,-0.64389,-0.92279,-0.03919,-0.99616,-1.15263,-0.14437,-1.21983,-1.29852,-0.21334,-1.38241,-1.42521,-0.25569,-0.61422,-0.78913,-0.18063,-1.09363,-0.63622,-0.27067,-1.01753,-0.44571,-0.24794,-0.87999,-0.42377,-0.22709,-0.57982,-0.55015,-0.30371,-1.03093,-0.43711,-0.38007,-0.94985,-0.29304,-0.29458,-0.83239,-0.28428,-0.23076,-0.54749,-0.27886,-0.41062,-0.93980,-0.24431,-0.41121,-0.87487,-0.16003,-0.30048,-0.75747,-0.15228,-0.22343
nike,-0.00000,0.00000,0.00000,-0.16316,-0.40777,0.14439,-0.40035,-0.73155,0.13391,-0.53470,-0.99039,0.08211,-0.53981,-1.24554,0.01811,-0.66248,-0.90209,-0.04716,-1.03558,-1.10886,-0.13959,-1.26175,-1.23756,-0.19686,-1.42960,-1.35453,-0.23515,-0.65327,-0.75713,-0.17518,-1.12317,-0.60764,-0.25320,-1.02502,-0.43050,-0.22413,-0.87437,-0.43213,-0.20266,-0.63358,-0.50643,-0.28605,-1.06181,-0.39512,-0.35102,-0.95687,-0.25525,-0.26084,-0.82722,-0.26116,-0.19976,-0.60300,-0.22221,-0.38318,-0.98396,-0.18387,-0.38196,-0.89441,-0.10163,-0.27495,-0.76283,-0.10543,-0.20343
nike,-0.00000,0.00000,0.00000,-0.13360,-0.46446,0.14130,-0.34182,-0.85523,0.12168,-0.42807,-1.17147,0.06351,-0.39983,-1.42711,-0.01072,-0.64350,-0.91164,-0.08498,-1.08395,-1.08389,-0.18078,-1.34914,-1.17105,-0.23703,-1.55226,-1.25198,-0.27168,-0.67928,-0.73388,-0.19427,-1.12522,-0.61931,-0.24280,-1.00786,-0.47364,-0.18096,-0.83841,-0.46908,-0.14366,-0.68670,-0.44780,-0.28558,-1.08795,-0.37051,-0.32007,-0.97944,-0.25151,-0.21621,-0.82921,-0.24660,-0.15304,-0.67955,-0.13304,-0.36206,-1.04529,-0.11692,-0.33968,-0.95644,-0.04943,-0.22624,-0.81594,-0.05338,-0.15331
nike,-0.00000,0.00000,0.00000,-0.11407,-0.48661,0.11967,-0.30079,-0.89973,0.09521,-0.36186,-1.24011,0.03708,-0.32194,-1.49981,-0.03687,-0.64683,-0.90684,-0.08827,-1.10084,-1.05465,-0.17787,-1.38619,-1.13982,-0.23251,-1.60093,-1.21178,-0.26791,-0.70380,-0.71040,-0.18177,-1.13264,-0.62859,-0.22775,-1.02367,-0.47227,-0.17261,-0.84292,-0.43874,-0.13734,-0.72204,-0.40692,-0.25742,-1.10776,-0.36906,-0.28033,-1.01204,-0.23710,-0.17597,-0.85331,-0.21245,-0.11170,-0.71149,-0.08087,-0.32059,-1.06727,-0.09689,-0.29646,-0.99273,-0.02859,-0.18491,-0.85508,-0.02280,-0.11029
nike,-0.00000,0.00000,0.00000,-0.08483,-0.50554,0.11697,-0.26312,-0.91304,0.09024,-0.31192,-1.27132,0.02808,-0.26366,-1.53101,-0.05082,-0.65337,-0.90343,-0.06335,-1.11482,-1.01710,-0.14928,-1.40827,-1.08781,-0.21077,-1.63097,-1.14296,-0.25118,-0.72883,-0.68470,-0.15327,-1.11212,-0.61584,-0.18985,-0.97966,-0.49442,-0.13101,-0.79006,-0.46879,-0.09446,-0.75509,-0.36854,-0.22868,-1.11357,-0.35308,-0.24972,-0.99768,-0.25188,-0.14446,-0.83087,-0.23335,-0.07961,-0.74880,-0.03770,-0.29182,-1.09731,-0.05450,-0.27292,-0.99592,-0.00890,-0.16185,-0.83878,-0.01660,-0.08628
nike,-0.00000,0.00000,0.00000,-0.07101,-0.53466,0.09934,-0.23508,-0.94491,0.05553,-0.27779,-1.32245,-0.02063,-0.23160,-1.60273,-0.11288,-0.66817,-0.90618,-0.08969,-1.14534,-0.99298,-0.18546,-1.44530,-1.04989,-0.25491,-1.67965,-1.08126,-0.29943,-0.75038,-0.66100,-0.16888,-1.11087,-0.60198,-0.20021,-0.96385,-0.51521,-0.13499,-0.78127,-0.48629,-0.09674,-0.77390,-0.33465,-0.23500,-1.10979,-0.33792,-0.24895,-0.98729,-0.26430,-0.13713,-0.82121,-0.23718,-0.06933,-0.76619,0.00090,-0.29073,-1.10908,-0.03084,-0.27021,-1.00936,-0.00523,-0.15468,-0.85555,-0.00389,-0.07385
nike,-0.00000,0.00000,0.00000,-0.06524,-0.52759,0.09172,-0.22712,-0.93874,0.04644,-0.26474,-1.32417,-0.02912,-0.22032,-1.60535,-0.12015,-0.67736,-0.89030,-0.08523,-1.14457,-0.95518,-0.18119,-1.44287,-1.00397,-0.25111,-1.67351,-1.02342,-0.29392,-0.76249,-0.64700,-0.15576,-1.10226,-0.59509,-0.18432,-0.95243,-0.51574,-0.11771,-0.76954,-0.48090,-0.07516,-0.78232,-0.32718,-0.21477,-1.09444,-0.33129,-0.22934,-0.97079,-0.26674,-0.12339,-0.80680,-0.24162,-0.05544,-0.76784,-0.00067,-0.26348,-1.09679,-0.02005,-0.24395,-1.00063,-0.00366,-0.13325,-0.85228,-0.00779,-0.05314
nike,-0.00000,0.00000,0.00000,-0.06622,-0.53391,0.08160,-0.22320,-0.95272,0.02886,-0.25200,-1.34825,-0.05264,-0.19979,-1.63488,-0.14909,-0.68836,-0.88566,-0.09695,-1.15909,-0.94444,-0.19590,-1.45728,-0.98974,-0.26521,-1.68829,-0.99962,-0.30572,-0.77646,-0.63017,-0.16214,-1.10936,-0.59688,-0.19512,-0.95287,-0.53382,-0.12519,-0.76738,-0.48900,-0.07745,-0.79410,-0.30931,-0.21674,-1.10049,-0.32891,-0.23481,-0.97142,-0.27719,-0.12803,-0.80531,-0.24339,-0.05684,-0.77809,0.01621,-0.26161,-1.10355,-0.00676,-0.24231,-1.00323,-0.00518,-0.13002,-0.85091,-0.00750,-0.04742
nike,-0.00000,0.00000,0.00000,-0.06557,-0.55181,0.07211,-0.22203,-0.97885,0.01393,-0.24494,-1.37696,-0.07220,-0.18200,-1.66113,-0.17274,-0.69701,-0.88863,-0.10478,-1.17411,-0.94114,-0.20854,-1.47528,-0.97850,-0.28285,-1.71027,-0.97802,-0.32632,-0.78259,-0.62253,-0.16689,-1.11292,-0.58423,-0.20387,-0.95194,-0.53279,-0.13830,-0.76934,-0.49176,-0.09279,-0.79557,-0.29849,-0.21901,-1.10078,-0.32338,-0.23897,-0.96883,-0.27607,-0.13412,-0.80350,-0.23840,-0.06276,-0.77465,0.02550,-0.26227,-1.09982,-0.00271,-0.24180,-1.00453,-0.00450,-0.12708,-0.85628,-0.00087,-0.04172
nike,-0.00000,0.00000,0.00000,-0.06123,-0.57068,0.09194,-0.21779,-0.98898,0.04135,-0.24284,-1.39311,-0.03786,-0.18406,-1.68324,-0.13340,-0.71953,-0.86255,-0.09340,-1.19315,-0.89943,-0.17862,-1.48467,-0.91810,-0.24018,-1.71053,-0.90385,-0.27478,-0.80976,-0.58676,-0.15246,-1.11103,-0.56343,-0.15343,-0.94375,-0.53156,-0.07119,-0.77128,-0.49529,-0.02203,-0.81751,-0.25332,-0.19780,-1.10114,-0.29503,-0.18617,-0.95865,-0.26049,-0.07210,-0.79562,-0.22233,-0.00232,-0.78584,0.07315,-0.23178,-1.09479,0.03558,-0.18573,-0.99267,0.01708,-0.06003,-0.83982,0.01786,0.02976
nike,-0.00000,0.00000,0.00000,-0.06049,-0.57772,0.08889,-0.20912,-1.00164,0.03464,-0.22999,-1.41240,-0.04906,-0.17657,-1.69774,-0.14898,-0.72791,-0.85586,-0.09426,-1.20141,-0.89252,-0.18070,-1.49337,-0.91632,-0.24388,-1.72070,-0.90340,-0.28050,-0.81541,-0.57888,-0.15275,-1.11460,-0.56390,-0.15586,-0.94498,-0.53419,-0.07612,-0.77094,-0.49450,-0.02873,-0.81834,-0.24714,-0.19787,-1.10542,-0.29557,-0.18447,-0.96423,-0.26399,-0.06918,-0.80042,-0.22395,0.00095,-0.78143,0.07785,-0.23272,-1.10292,0.04514,-0.18644,-1.00811,0.02191,-0.06072,-0.85887,0.01956,0.02908
nike,-0.00000,0.00000,0.00000,-0.06864,-0.57521,0.09505,-0.22213,-1.00014,0.04639,-0.24925,-1.40878,-0.02970,-0.20334,-1.68979,-0.12168,-0.73028,-0.85587,-0.09664,-1.20489,-0.88086,-0.17548,-1.49158,-0.90164,-0.23204,-1.71549,-0.88914,-0.26421,-0.81813,-0.57503,-0.15187,-1.12223,-0.56061,-0.13978,-0.95745,-0.53584,-0.05034,-0.78757,-0.49955,0.00070,-0.81979,-0.24446,-0.19220,-1.11152,-0.29076,-0.16505,-0.97290,-0.26523,-0.04568,-0.80809,-0.22856,0.02400,-0.78310,0.07807,-0.22161,-1.10277,0.04350,-0.16753,-1.01426,0.01884,-0.04145,-0.86785,0.01340,0.04707
nike,-0.00000,0.00000,0.00000,-0.06957,-0.58816,0.10183,-0.21966,-1.01132,0.05248,-0.24312,-1.42328,-0.02630,-0.19488,-1.70907,-0.12247,-0.73912,-0.85006,-0.09081,-1.21676,-0.87946,-0.16208,-1.50766,-0.90319,-0.21496,-1.73212,-0.89234,-0.24568,-0.82636,-0.56314,-0.14713,-1.12952,-0.55083,-0.12977,-0.96784,-0.52706,-0.04514,-0.79815,-0.49094,0.00087,-0.82603,-0.22812,-0.18612,-1.11959,-0.27678,-0.15064,-0.98922,-0.24996,-0.03264,-0.82394,-0.21303,0.03449,-0.78818,0.09337,-0.21367,-1.12688,0.06243,-0.15805,-1.07319,0.03888,-0.03468,-0.95363,0.03089,0.05295
nike,-0.00000,0.00000,0.00000,-0.06490,-0.58484,0.09008,-0.21783,-1.01459,0.04114,-0.23948,-1.43460,-0.03572,-0.19359,-1.71814,-0.12859,-0.73012,-0.85862,-0.09292,-1.20654,-0.88773,-0.17106,-1.49581,-0.90809,-0.22725,-1.72280,-0.89174,-0.25816,-0.82030,-0.57193,-0.14465,-1.12251,-0.56188,-0.13546,-0.95898,-0.54614,-0.04940,-0.78482,-0.50629,0.00087,-0.82450,-0.24180,-0.18224,-1.11081,-0.29395,-0.15763,-0.97234,-0.27746,-0.04271,-0.80638,-0.23685,0.02600,-0.79305,0.07706,-0.20945,-1.12638,0.04916,-0.15594,-1.03966,0.01721,-0.03098,-0.88848,0.01369,0.05771
nike,-0.00000,0.00000,0.00000,-0.06537,-0.57926,0.09646,-0.22166,-1.01110,0.05361,-0.25007,-1.42283,-0.01736,-0.20149,-1.69833,-0.10511,-0.73479,-0.85013,-0.08666,-1.21151,-0.87032,-0.15379,-1.49865,-0.88272,-0.20201,-1.72168,-0.86388,-0.22867,-0.82617,-0.56343,-0.14048,-1.12143,-0.54035,-0.11918,-0.96292,-0.52508,-0.03047,-0.79217,-0.49109,0.01820,-0.83220,-0.23175,-0.17915,-1.11011,-0.27483,-0.14389,-0.97492,-0.25587,-0.03076,-0.81191,-0.22047,0.03250,-0.80356,0.08580,-0.20715,-1.12114,0.06252,-0.14710,-1.03315,0.03759,-0.02397,-0.88405,0.03376,0.06095
nike,-0.00000,0.00000,0.00000,-0.06149,-0.58450,0.08218,-0.21343,-1.01559,0.03355,-0.23769,-1.43939,-0.04047,-0.19273,-1.72142,-0.12989,-0.73675,-0.85160,-0.08719,-1.20705,-0.87100,-0.15531,-1.48977,-0.87970,-0.20553,-1.71259,-0.85609,-0.23222,-0.83078,-0.55659,-0.12957,-1.11512,-0.55111,-0.10809,-0.95690,-0.55002,-0.01914,-0.78686,-0.51364,0.03148,-0.83462,-0.22926,-0.15856,-1.09715,-0.28232,-0.12480,-0.96303,-0.27338,-0.01570,-0.80022,-0.23535,0.04754,-0.80731,0.08005,-0.17774,-1.10930,0.05339,-0.11616,-1.01896,0.02347,0.00506,-0.86884,0.02151,0.08962
nike,-0.00000,0.00000,0.00000,-0.06127,-0.59192,0.09191,-0.21156,-1.02214,0.04515,-0.23573,-1.44474,-0.02934,-0.19207,-1.72868,-0.12025,-0.75007,-0.84205,-0.07916,-1.22428,-0.85381,-0.13760,-1.50402,-0.85862,-0.18111,-1.72291,-0.83274,-0.20456,-0.83748,-0.54647,-0.12528,-1.11901,-0.53310,-0.09713,-0.95706,-0.53114,-0.00787,-0.78880,-0.49665,0.04109,-0.83452,-0.21522,-0.15595,-1.10309,-0.26213,-0.11333,-0.96521,-0.25172,-0.00065,-0.80208,-0.21516,0.06242,-0.79886,0.09565,-0.17615,-1.10774,0.07343,-0.10731,-1.01783,0.04392,0.01807,-0.86882,0.04218,0.10460
nike,-0.00000,0.00000,0.00000,-0.05991,-0.60001,0.09987,-0.21775,-1.02414,0.06268,-0.24275,-1.45147,-0.00208,-0.19894,-1.73510,-0.08403,-0.75778,-0.83684,-0.05833,-1.23519,-0.83726,-0.09966,-1.51117,-0.83975,-0.13377,-1.72997,-0.81271,-0.15299,-0.84191,-0.53961,-0.10054,-1.12260,-0.51624,-0.05533,-0.95614,-0.51779,0.03611,-0.79036,-0.49180,0.08410,-0.83452,-0.20464,-0.12583,-1.10305,-0.24312,-0.06409,-0.96079,-0.23428,0.04873,-0.79657,-0.20500,0.10819,-0.79311,0.10557,-0.14035,-1.09771,0.09345,-0.05690,-1.00685,0.06375,0.06879,-0.85839,0.05759,0.15351
nike,-0.00000,0.00000,0.00000,-0.05798,-0.59740,0.11095,-0.21560,-1.01613,0.08660,-0.24158,-1.43721,0.03344,-0.20157,-1.71416,-0.03743,-0.75491,-0.83654,-0.03190,-1.22493,-0.82947,-0.05690,-1.49227,-0.82911,-0.08139,-1.70485,-0.80107,-0.09610,-0.84013,-0.54238,-0.07596,-1.10837,-0.51279,-0.01596,-0.94390,-0.51536,0.07700,-0.78241,-0.48972,0.12314,-0.83172,-0.20797,-0.10284,-1.08853,-0.24094,-0.03094,-0.94350,-0.23383,0.07819,-0.78275,-0.20583,0.13214,-0.79070,0.10142,-0.11826,-1.08431,0.08909,-0.02873,-0.98561,0.05691,0.09402,-0.83408,0.05113,0.17431
nike,-0.00000,0.00000,0.00000,-0.05807,-0.59243,0.11066,-0.22001,-1.01404,0.08521,-0.25149,-1.43516,0.03209,-0.21082,-1.71343,-0.03924,-0.76611,-0.82526,-0.03903,-1.23723,-0.80851,-0.06080,-1.50406,-0.79841,-0.08424,-1.71363,-0.76333,-0.09874,-0.84905,-0.52832,-0.07991,-1.11579,-0.49344,-0.01180,-0.95252,-0.49804,0.08394,-0.79408,-0.47937,0.12957,-0.83582,-0.19163,-0.10225,-1.08854,-0.22343,-0.01963,-0.94703,-0.21535,0.09203,-0.78436,-0.19124,0.14481,-0.78838,0.11738,-0.11341,-1.07618,0.10853,-0.01711,-0.98364,0.07784,0.10616,-0.83537,0.06748,0.18598
nike,-0.00000,0.00000,0.00000,-0.06953,-0.59276,0.11668,-0.24340,-1.01156,0.09489,-0.27842,-1.42575,0.04490,-0.23871,-1.69913,-0.02337,-0.76804,-0.82602,-0.03826,-1.24193,-0.80192,-0.06105,-1.51180,-0.79264,-0.08446,-1.72510,-0.75837,-0.09969,-0.84738,-0.53099,-0.08363,-1.12583,-0.48402,-0.01704,-0.96064,-0.48395,0.07928,-0.80271,-0.46693,0.12522,-0.83512,-0.19402,-0.10988,-1.10331,-0.21445,-0.02530,-0.96167,-0.20620,0.09106,-0.79851,-0.18535,0.14550,-0.78758,0.11794,-0.12505,-1.08472,0.11648,-0.02781,-0.99273,0.08601,0.09770,-0.84393,0.07108,0.17814
nike,-0.00000,0.00000,0.00000,-0.06830,-0.59402,0.12695,-0.23491,-1.01067,0.10339,-0.27580,-1.42079,0.04909,-0.24392,-1.69786,-0.02392,-0.75871,-0.82521,-0.04179,-1.23637,-0.80654,-0.07501,-1.51267,-0.79927,-0.10640,-1.73085,-0.76792,-0.12577,-0.84598,-0.53321,-0.09623,-1.12506,-0.48144,-0.03679,-0.96310,-0.46689,0.05838,-0.79914,-0.44038,0.10364,-0.84043,-0.19711,-0.13131,-1.10436,-0.21663,-0.05669,-0.96752,-0.19779,0.05758,-0.80679,-0.17064,0.11155,-0.80076,0.11792,-0.15355,-1.10472,0.11517,-0.06296,-1.01133,0.09312,0.06392,-0.85989,0.08674,0.14538
nike,-0.00000,0.00000,0.00000,-0.06963,-0.58345,0.10217,-0.23676,-1.00181,0.06892,-0.27520,-1.41383,0.00835,-0.24022,-1.68946,-0.06875,-0.75546,-0.82733,-0.06132,-1.22384,-0.81726,-0.10850,-1.50075,-0.81389,-0.14824,-1.71970,-0.78446,-0.17203,-0.84209,-0.53933,-0.11002,-1.12035,-0.49156,-0.06690,-0.96380,-0.47886,0.02331,-0.80035,-0.45201,0.06869,-0.83810,-0.20812,-0.14273,-1.09841,-0.22728,-0.08590,-0.96479,-0.21219,0.02498,-0.80576,-0.18365,0.08175,-0.79960,0.10469,-0.16516,-1.10434,0.10633,-0.08928,-1.01253,0.08175,0.03272,-0.86128,0.07742,0.11390
nike,-0.00000,0.00000,0.00000,-0.06874,-0.58261,0.10898,-0.23610,-1.00087,0.07792,-0.27671,-1.40873,0.01772,-0.24171,-1.68273,-0.05978,-0.75728,-0.82693,-0.05573,-1.22711,-0.81457,-0.09778,-1.50440,-0.80903,-0.13468,-1.72221,-0.77843,-0.15796,-0.84199,-0.53949,-0.10962,-1.11981,-0.48509,-0.06656,-0.96134,-0.46831,0.02034,-0.79733,-0.44182,0.06293,-0.83633,-0.20589,-0.14614,-1.10052,-0.22354,-0.08730,-0.96699,-0.20506,0.02409,-0.80754,-0.17739,0.08005,-0.79577,0.10776,-0.17198,-1.10755,0.10879,-0.09675,-1.02033,0.08538,0.02536,-0.87198,0.07955,0.10670
nike,-0.00000,0.00000,0.00000,-0.07069,-0.57889,0.09457,-0.24056,-1.00362,0.05743,-0.27953,-1.41636,-0.00599,-0.24282,-1.69202,-0.08610,-0.75481,-0.83177,-0.07630,-1.22741,-0.81812,-0.12890,-1.50726,-0.81269,-0.16997,-1.72619,-0.78010,-0.19480,-0.83964,-0.54314,-0.12520,-1.12544,-0.48933,-0.09306,-0.96713,-0.47266,-0.00710,-0.80279,-0.44759,0.03714,-0.83763,-0.20877,-0.15810,-1.10737,-0.22633,-0.10887,-0.97359,-0.20808,0.00238,-0.81318,-0.18212,0.06075,-0.80033,0.10695,-0.18156,-1.11197,0.10743,-0.11364,-1.02378,0.08494,0.00654,-0.87451,0.07793,0.08808
nike,-0.00000,0.00000,0.00000,-0.07295,-0.57924,0.08287,-0.24463,-1.00930,0.04046,-0.27936,-1.42696,-0.02685,-0.23862,-1.70667,-0.11016,-0.75701,-0.83281,-0.08564,-1.22911,-0.81702,-0.14118,-1.51009,-0.80967,-0.18261,-1.72941,-0.77589,-0.20813,-0.84147,-0.54031,-0.13206,-1.12695,-0.49006,-0.10934,-0.96719,-0.47366,-0.02832,-0.80138,-0.44882,0.01417,-0.84106,-0.20396,-0.16338,-1.10725,-0.22439,-0.12104,-0.97265,-0.20643,-0.01189,-0.81110,-0.18151,0.04650,-0.80542,0.11205,-0.18651,-1.11586,0.11339,-0.12458,-1.02635,0.08990,-0.00788,-0.87582,0.08030,0.07219
none,-0.00000,0.00000,0.00000,-0.32129,-0.26125,-0.17130,-0.61558,-0.60273,-0.29859,-0.87283,-0.79888,-0.41057,-1.04729,-0.95047,-0.53233,-0.39458,-1.08277,-0.31385,-0.53753,-1.29257,-0.49563,-0.57768,-1.32345,-0.62283,-0.60953,-1.32266,-0.71533,-0.09445,-0.99553,-0.34521,-0.06261,-1.32142,-0.54356,-0.09693,-1.53202,-0.69663,-0.17431,-1.68367,-0.81739,0.17316,-0.79383,-0.38951,0.19433,-1.12969,-0.61843,0.11367,-1.38648,-0.76824,-0.01170,-1.57514,-0.86482,0.37230,-0.52375,-0.43563,0.34069,-0.77694,-0.63947,0.21450,-0.93159,-0.74359,0.04850,-1.04477,-0.81634
none,-0.00000,0.00000,0.00000,-0.25816,-0.27302,-0.22671,-0.41271,-0.62768,-0.42627,-0.55187,-0.89487,-0.60624,-0.73154,-1.19735,-0.81105,-0.05473,-1.09951,-0.51914,-0.12161,-1.51767,-0.82838,-0.28254,-1.69779,-1.04684,-0.49903,-1.78242,-1.19492,0.16319,-0.98660,-0.56946,0.25488,-1.43334,-0.86374,0.14985,-1.68166,-1.08197,-0.03541,-1.85920,-1.25060,0.33954,-0.72992,-0.63098,0.45174,-1.07706,-0.93347,0.36153,-1.29016,-1.13216,0.20138,-1.41760,-1.27197,0.45281,-0.37867,-0.69733,0.55870,-0.58280,-0.97345,0.52031,-0.73444,-1.12038,0.44436,-0.83511,-1.22643
none,-0.00000,0.00000,0.00000,-0.22169,-0.45696,-0.08551,-0.31082,-0.89317,-0.18179,-0.41875,-1.20653,-0.29035,-0.56522,-1.49323,-0.42165,0.01071,-1.09248,-0.20956,-0.07202,-1.43006,-0.42428,-0.19040,-1.66627,-0.59444,-0.34160,-1.84226,-0.71130,0.14442,-0.98952,-0.28456,0.12368,-1.35081,-0.50703,-0.01175,-1.55999,-0.68535,-0.17668,-1.71205,-0.81192,0.25324,-0.79779,-0.37045,0.27539,-1.11902,-0.60091,0.14589,-1.29937,-0.75811,-0.00720,-1.42111,-0.85780,0.33116,-0.53024,-0.45689,0.32201,-0.75282,-0.65550,0.22176,-0.89250,-0.76751,0.09540,-1.00375,-0.84503
none,-0.00000,0.00000,0.00000,-0.25424,-0.42811,-0.01976,-0.38119,-0.87239,-0.08807,-0.49993,-1.17458,-0.17143,-0.64120,-1.42750,-0.27291,0.00755,-1.10342,-0.16466,-0.07572,-1.44849,-0.34300,-0.20512,-1.70488,-0.48389,-0.35695,-1.88496,-0.57893,0.11515,-0.99335,-0.25910,0.01917,-1.40850,-0.43285,-0.14908,-1.68573,-0.56907,-0.32063,-1.87982,-0.66610,0.16125,-0.80456,-0.35470,0.00010,-1.17279,-0.54005,-0.21602,-1.38482,-0.65188,-0.40499,-1.53727,-0.72155,0.14705,-0.55369,-0.44633,-0.01257,-0.80512,-0.60864,-0.16872,-0.92585,-0.67432,-0.31048,-1.00438,-0.71312
none,-0.00000,0.00000,0.00000,-0.29956,-0.42046,0.02330,-0.40494,-0.77833,-0.04193,-0.50183,-1.00712,-0.13173,-0.64899,-1.21547,-0.23858,-0.07391,-1.12332,-0.15285,-0.23465,-1.47938,-0.33458,-0.39959,-1.72218,-0.47133,-0.56216,-1.88982,-0.56712,-0.00228,-1.00000,-0.27359,-0.19070,-1.45347,-0.47207,-0.40171,-1.69331,-0.60693,-0.58491,-1.87915,-0.69944,0.00724,-0.79990,-0.39196,-0.24239,-1.14651,-0.59850,-0.50124,-1.32003,-0.70022,-0.70094,-1.45067,-0.75529,-0.03499,-0.55218,-0.50239,-0.23374,-0.83390,-0.66472,-0.40414,-0.98118,-0.72549,-0.54203,-1.09588,-0.76256
none,-0.00000,0.00000,0.00000,-0.26402,-0.48503,0.22072,-0.36323,-0.86987,0.18751,-0.44006,-1.13579,0.09976,-0.54679,-1.39820,-0.02139,-0.13547,-1.14986,-0.22675,-0.31122,-1.56933,-0.44116,-0.49395,-1.81524,-0.57406,-0.67025,-1.97464,-0.66967,-0.10510,-0.99446,-0.46469,-0.33181,-1.48271,-0.75086,-0.58767,-1.71489,-0.89408,-0.80312,-1.87517,-0.99297,-0.12175,-0.77508,-0.67127,-0.38801,-1.15358,-0.92696,-0.66588,-1.36844,-1.03797,-0.88289,-1.53499,-1.10929,-0.17509,-0.51858,-0.84596,-0.39020,-0.79016,-1.04326,-0.58568,-0.97879,-1.12668,-0.75278,-1.12321,-1.19253
none,-0.00000,0.00000,0.00000,-0.08424,-0.51457,0.03455,-0.19197,-0.91961,-0.00752,-0.35284,-1.17635,-0.06766,-0.52574,-1.34875,-0.12993,-0.11357,-1.10836,-0.10069,-0.30297,-1.54442,-0.22223,-0.46867,-1.80072,-0.29847,-0.61162,-1.98523,-0.34435,-0.14853,-0.98891,-0.18870,-0.42333,-1.44482,-0.30768,-0.65099,-1.68124,-0.36966,-0.84372,-1.84002,-0.40631,-0.22665,-0.80685,-0.27376,-0.54989,-1.16650,-0.37889,-0.79175,-1.37305,-0.41919,-0.98145,-1.52486,-0.43905,-0.32728,-0.58455,-0.35499,-0.59126,-0.83437,-0.42793,-0.76768,-1.00143,-0.44317,-0.91655,-1.13849,-0.44762
none,-0.00000,0.00000,0.00000,-0.05597,-0.50183,0.07751,-0.19054,-0.92596,0.04360,-0.38049,-1.18279,-0.01348,-0.57855,-1.34203,-0.07643,-0.12490,-1.13910,-0.15172,-0.34951,-1.64128,-0.28951,-0.53575,-1.90542,-0.36216,-0.69325,-2.08913,-0.40133,-0.16407,-0.98645,-0.26545,-0.46727,-1.52245,-0.41373,-0.71640,-1.78755,-0.47571,-0.91953,-1.96853,-0.50818,-0.25327,-0.77756,-0.36720,-0.61383,-1.20332,-0.49532,-0.87850,-1.42377,-0.53901,-1.08041,-1.58753,-0.55677,-0.37349,-0.53785,-0.45805,-0.68573,-0.83144,-0.54179,-0.88040,-0.99954,-0.55538,-1.04199,-1.14023,-0.55686
none,-0.00000,0.00000,0.00000,-0.03058,-0.49340,0.06163,-0.18623,-0.91702,0.03111,-0.39571,-1.16513,-0.01763,-0.60368,-1.30595,-0.06932,-0.15670,-1.11991,-0.13866,-0.39035,-1.64726,-0.26296,-0.58312,-1.91249,-0.32495,-0.74949,-2.09361,-0.35423,-0.20920,-0.97787,-0.23630,-0.50367,-1.54391,-0.35999,-0.73787,-1.83797,-0.41128,-0.93019,-2.03847,-0.43772,-0.30794,-0.77659,-0.32383,-0.68123,-1.21779,-0.43379,-0.94097,-1.45892,-0.47326,-1.13602,-1.63135,-0.48917,-0.43056,-0.54475,-0.40274,-0.76458,-0.84385,-0.47816,-0.96781,-1.00755,-0.48929,-1.13338,-1.14143,-0.48800
none,-0.00000,0.00000,0.00000,-0.03514,-0.47650,0.06314,-0.19445,-0.86279,0.03831,-0.39822,-1.05838,-0.00700,-0.59984,-1.15506,-0.05445,-0.17142,-1.06195,-0.08533,-0.40501,-1.52914,-0.19019,-0.58632,-1.78483,-0.24546,-0.75127,-1.95452,-0.27356,-0.24713,-0.96898,-0.17777,-0.48987,-1.50570,-0.28585,-0.68760,-1.79973,-0.34189,-0.85982,-1.99732,-0.37252,-0.35694,-0.79962,-0.26107,-0.69505,-1.20800,-0.36443,-0.92272,-1.43740,-0.41561,-1.09379,-1.60394,-0.44109,-0.48382,-0.57665,-0.33526,-0.80143,-0.81385,-0.41108,-0.98799,-0.96471,-0.43257,-1.14298,-1.09683,-0.43970
none,-0.00000,0.00000,0.00000,-0.06451,-0.45068,0.05634,-0.22388,-0.82425,0.03043,-0.42877,-0.99854,-0.01767,-0.62894,-1.08517,-0.06889,-0.17220,-1.03828,-0.05307,-0.41438,-1.47956,-0.14543,-0.58503,-1.74206,-0.19916,-0.73107,-1.93054,-0.23111,-0.23673,-0.97158,-0.14780,-0.47822,-1.48819,-0.24171,-0.65869,-1.80344,-0.30483,-0.80950,-2.04023,-0.34412,-0.33477,-0.81494,-0.23698,-0.64918,-1.22687,-0.33191,-0.86191,-1.47416,-0.39696,-1.02409,-1.67437,-0.43731,-0.45479,-0.59108,-0.31788,-0.73892,-0.81130,-0.39302,-0.90849,-0.96530,-0.42453,-1.05172,-1.11042,-0.44301
none,-0.00000,0.00000,0.00000,-0.10352,-0.25821,-0.00221,-0.19885,-0.57838,-0.02724,-0.30484,-0.78643,-0.06397,-0.41086,-0.94901,-0.09701,-0.16637,-0.98909,-0.01260,-0.32666,-1.43619,-0.08316,-0.45426,-1.70859,-0.13876,-0.56424,-1.89562,-0.17425,-0.21414,-0.97680,-0.06378,-0.38717,-1.42723,-0.12313,-0.53479,-1.69562,-0.17533,-0.66291,-1.87637,-0.21209,-0.28212,-0.88409,-0.12045,-0.48336,-1.28152,-0.17356,-0.63935,-1.50464,-0.21726,-0.76758,-1.65865,-0.25141,-0.36738,-0.72331,-0.17914,-0.55130,-0.94774,-0.22238,-0.67966,-1.10951,-0.24311,-0.79014,-1.23875,-0.25863
none,-0.00000,0.00000,0.00000,-0.26185,-0.21092,0.05552,-0.36605,-0.56150,0.07175,-0.42048,-0.79146,0.05951,-0.51223,-0.98656,0.04436,-0.20635,-0.97268,0.06714,-0.33593,-1.35378,-0.00326,-0.47355,-1.60508,-0.06870,-0.60035,-1.80399,-0.11279,-0.15544,-0.98785,-0.02614,-0.25411,-1.48730,-0.09485,-0.37432,-1.83466,-0.16081,-0.48081,-2.11204,-0.20654,-0.13147,-0.95206,-0.12468,-0.26458,-1.42483,-0.19470,-0.39386,-1.73604,-0.24736,-0.50184,-1.97896,-0.28112,-0.14021,-0.86581,-0.22108,-0.26127,-1.21297,-0.27842,-0.36492,-1.43259,-0.30038,-0.45747,-1.60240,-0.31388
none,-0.00000,0.00000,0.00000,-0.23630,-0.18733,0.00693,-0.34967,-0.51127,0.01538,-0.42497,-0.73226,0.00560,-0.52695,-0.88253,-0.00824,-0.23491,-0.94948,0.04025,-0.36784,-1.25496,-0.03043,-0.47737,-1.45964,-0.09554,-0.57530,-1.62562,-0.14026,-0.14339,-0.98967,-0.02771,-0.16350,-1.46123,-0.08695,-0.22921,-1.75993,-0.14554,-0.29310,-2.00993,-0.18454,-0.06565,-0.92697,-0.10539,-0.04691,-1.29741,-0.18156,-0.09115,-1.52730,-0.23260,-0.14052,-1.72913,-0.26218,-0.00630,-0.78217,-0.18495,0.04282,-1.03046,-0.25898,0.01516,-1.16959,-0.28012,-0.02715,-1.28633,-0.28881
none,-0.00000,0.00000,0.00000,-0.22270,-0.15758,-0.07054,-0.37826,-0.45208,-0.10604,-0.50161,-0.70438,-0.14373,-0.61029,-0.90096,-0.18301,-0.21492,-0.91737,-0.05450,-0.35756,-1.24321,-0.14763,-0.46510,-1.46801,-0.22889,-0.55225,-1.65848,-0.28286,-0.07772,-0.99698,-0.08474,-0.11938,-1.43867,-0.15745,-0.17088,-1.71553,-0.22072,-0.21067,-1.94846,-0.26434,0.05238,-0.98424,-0.12892,0.06615,-1.38834,-0.20082,0.04604,-1.66175,-0.24807,0.02263,-1.89457,-0.27842,0.17537,-0.88509,-0.18223,0.25363,-1.21349,-0.24465,0.26409,-1.43683,-0.26521,0.25190,-1.63167,-0.27567
none,-0.00000,0.00000,0.00000,-0.24392,-0.11283,-0.09007,-0.41117,-0.39259,-0.12576,-0.54617,-0.64942,-0.15747,-0.67885,-0.83075,-0.18883,-0.25679,-0.89056,-0.04661,-0.40901,-1.18682,-0.12444,-0.51279,-1.39336,-0.20034,-0.59333,-1.57163,-0.25193,-0.11417,-0.99346,-0.05753,-0.17879,-1.38932,-0.11255,-0.23810,-1.63608,-0.16781,-0.28131,-1.84574,-0.20744,0.02893,-1.00108,-0.08483,0.01642,-1.38332,-0.14403,-0.01778,-1.63292,-0.18580,-0.05273,-1.83530,-0.21192,0.17608,-0.92423,-0.12319,0.24041,-1.24708,-0.17570,0.25191,-1.47137,-0.19250,0.24770,-1.66134,-0.19990
none,-0.00000,0.00000,0.00000,-0.26303,-0.09861,-0.10989,-0.44989,-0.36744,-0.15180,-0.59271,-0.63516,-0.18620,-0.73608,-0.82829,-0.21901,-0.29381,-0.87707,-0.05711,-0.44247,-1.17892,-0.13626,-0.54905,-1.38749,-0.21165,-0.63449,-1.56717,-0.26359,-0.14300,-0.98972,-0.05826,-0.20184,-1.39083,-0.11534,-0.26261,-1.63844,-0.17109,-0.31162,-1.84850,-0.21208,0.00977,-1.00396,-0.07852,0.00610,-1.38846,-0.14534,-0.02379,-1.64499,-0.19547,-0.05804,-1.85678,-0.22787,0.16826,-0.93746,-0.11100,0.24543,-1.25714,-0.17700,0.27854,-1.48741,-0.20680,0.30007,-1.69394,-0.22361
none,-0.00000,0.00000,0.00000,-0.27105,-0.09965,-0.10610,-0.46019,-0.35758,-0.14853,-0.60856,-0.62655,-0.18540,-0.75070,-0.82765,-0.22104,-0.29062,-0.87780,-0.05672,-0.44441,-1.19446,-0.13323,-0.54792,-1.42014,-0.20197,-0.62812,-1.60956,-0.25083,-0.13907,-0.99028,-0.05938,-0.19824,-1.39483,-0.12057,-0.26154,-1.65106,-0.17453,-0.31440,-1.86779,-0.21410,0.01340,-1.00518,-0.08078,0.01358,-1.40877,-0.15370,-0.01643,-1.66868,-0.20645,-0.05133,-1.87727,-0.24017,0.16788,-0.94126,-0.11347,0.24978,-1.26598,-0.18907,0.28667,-1.50009,-0.22706,0.31174,-1.70669,-0.24876
none,-0.00000,0.00000,0.00000,-0.24220,-0.11943,-0.08120,-0.41035,-0.38464,-0.11500,-0.55045,-0.62703,-0.15041,-0.69072,-0.81491,-0.18563,-0.24006,-0.90707,-0.01063,-0.36821,-1.20948,-0.08430,-0.45764,-1.41704,-0.16045,-0.53443,-1.59762,-0.21659,-0.10895,-0.99405,-0.02839,-0.12874,-1.39032,-0.08672,-0.16371,-1.63653,-0.15302,-0.19663,-1.84540,-0.20241,0.01347,-0.98576,-0.06413,0.02993,-1.36335,-0.12995,0.01997,-1.61364,-0.18242,0.00336,-1.82649,-0.21752,0.12451,-0.90284,-0.11039,0.18351,-1.21062,-0.17175,0.19526,-1.42221,-0.19991,0.19229,-1.60684,-0.21670
none,-0.00000,0.00000,0.00000,-0.23854,-0.15744,-0.01597,-0.38514,-0.45411,-0.01872,-0.50843,-0.66961,-0.03826,-0.63566,-0.83546,-0.06159,-0.23766,-0.93475,0.06091,-0.33199,-1.27382,0.00716,-0.39722,-1.48764,-0.05412,-0.45819,-1.66779,-0.10267,-0.14242,-0.98981,0.00970,-0.15032,-1.38683,-0.03631,-0.17663,-1.63484,-0.09809,-0.20513,-1.83568,-0.14659,-0.05817,-0.96651,-0.05604,-0.03749,-1.34930,-0.11141,-0.04253,-1.59986,-0.15682,-0.05429,-1.80212,-0.19010,0.01102,-0.87629,-0.12779,0.03811,-1.18299,-0.18154,0.03717,-1.39089,-0.20356,0.02721,-1.57186,-0.21900
none,-0.00000,0.00000,0.00000,-0.25007,-0.20538,0.02181,-0.38963,-0.54331,0.03003,-0.50133,-0.77644,0.01323,-0.60917,-0.95153,-0.00730,-0.31805,-0.92473,0.09463,-0.40205,-1.24294,0.04304,-0.46864,-1.42414,-0.01908,-0.52402,-1.57489,-0.06612,-0.23644,-0.97165,0.02291,-0.29568,-1.37883,-0.01916,-0.35021,-1.63022,-0.07655,-0.39051,-1.82600,-0.12015,-0.15284,-0.95240,-0.06151,-0.19031,-1.34554,-0.10719,-0.22868,-1.58221,-0.14108,-0.26282,-1.77116,-0.16723,-0.07495,-0.86993,-0.14998,-0.08885,-1.16505,-0.18860,-0.10766,-1.36023,-0.19866,-0.12646,-1.52042,-0.20689
none,-0.00000,0.00000,0.00000,-0.20320,-0.29884,0.02621,-0.33687,-0.61584,0.01764,-0.48729,-0.80590,-0.01429,-0.61492,-0.96444,-0.05096,-0.19886,-0.99664,0.01810,-0.22106,-1.37911,-0.05399,-0.24372,-1.64977,-0.11570,-0.25747,-1.87010,-0.16300,-0.27041,-0.96274,-0.06086,-0.46231,-1.34267,-0.13451,-0.60564,-1.58304,-0.20546,-0.71680,-1.78274,-0.25626,-0.31773,-0.83379,-0.14469,-0.57530,-1.12193,-0.24375,-0.68063,-1.15613,-0.30129,-0.73592,-1.18594,-0.33002,-0.36287,-0.64039,-0.22468,-0.53541,-0.79787,-0.30839,-0.61728,-0.88717,-0.33999,-0.67094,-0.96166,-0.35567
none,-0.00000,0.00000,0.00000,-0.12826,-0.38134,0.06768,-0.26632,-0.72410,0.05228,-0.41951,-0.90202,0.01193,-0.56404,-1.00207,-0.03697,-0.23421,-1.00926,-0.04534,-0.34481,-1.46478,-0.11452,-0.39155,-1.77458,-0.15681,-0.43865,-2.00575,-0.19215,-0.26688,-0.96373,-0.14935,-0.34735,-1.47999,-0.24762,-0.39342,-1.81238,-0.31948,-0.44708,-2.06846,-0.36531,-0.33224,-0.80255,-0.24340,-0.65224,-1.16837,-0.36764,-0.88169,-1.37333,-0.45078,-1.06741,-1.54343,-0.50045,-0.40909,-0.56321,-0.32341,-0.70140,-0.68774,-0.43457,-0.87974,-0.77874,-0.47473,-1.03413,-0.88231,-0.49585
none,-0.00000,0.00000,0.00000,-0.15614,-0.47142,0.02448,-0.33762,-0.80784,-0.03877,-0.52467,-0.98446,-0.11528,-0.70059,-1.08583,-0.19496,-0.31640,-1.03139,-0.20259,-0.41103,-1.54269,-0.33039,-0.45210,-1.86919,-0.40019,-0.49605,-2.15091,-0.44988,-0.34121,-0.93999,-0.29551,-0.43235,-1.46525,-0.48032,-0.49987,-1.81688,-0.57835,-0.57525,-2.11317,-0.63260,-0.39881,-0.71984,-0.37062,-0.80506,-0.99616,-0.55181,-1.08990,-1.15182,-0.61626,-1.29785,-1.29455,-0.63650,-0.46214,-0.43536,-0.43363,-0.80792,-0.57998,-0.55286,-1.00184,-0.67221,-0.56485,-1.16978,-0.77508,-0.55930
none,-0.00000,0.00000,0.00000,-0.14268,-0.49479,0.01771,-0.37431,-0.83011,-0.04739,-0.63086,-0.95103,-0.12123,-0.84317,-0.94972,-0.19343,-0.33408,-1.07337,-0.23930,-0.46502,-1.57782,-0.40266,-0.54393,-1.92094,-0.48910,-0.61436,-2.23115,-0.54653,-0.36763,-0.92997,-0.33420,-0.71395,-1.37474,-0.54843,-0.93967,-1.67536,-0.66014,-1.13397,-1.94243,-0.71972,-0.41546,-0.68359,-0.41168,-0.90089,-0.79729,-0.60931,-1.21050,-0.83563,-0.66080,-1.43974,-0.89833,-0.65972,-0.47855,-0.40643,-0.47987,-0.87328,-0.51822,-0.58973,-1.07692,-0.58555,-0.58853,-1.24819,-0.68841,-0.57102
none,-0.00000,0.00000,0.00000,-0.10326,-0.53611,-0.00479,-0.33969,-0.90184,-0.09030,-0.62626,-1.02187,-0.17624,-0.84926,-1.03457,-0.26030,-0.32701,-1.13334,-0.34010,-0.51517,-1.71264,-0.53148,-0.62674,-2.10096,-0.63874,-0.71642,-2.44825,-0.70701,-0.39515,-0.91862,-0.42510,-0.85433,-1.37185,-0.63864,-1.19422,-1.63643,-0.74180,-1.47541,-1.84887,-0.79968,-0.47847,-0.63190,-0.49104,-1.00970,-0.78016,-0.67707,-1.32140,-0.82263,-0.71563,-1.54155,-0.87439,-0.71063,-0.57867,-0.34654,-0.55068,-1.00532,-0.49507,-0.65788,-1.22592,-0.58245,-0.65009,-1.41013,-0.68878,-0.62678
none,-0.00000,0.00000,0.00000,-0.06763,-0.57497,0.00934,-0.31132,-0.94438,-0.07155,-0.61063,-1.04901,-0.14990,-0.84682,-1.03289,-0.22445,-0.31686,-1.15948,-0.33942,-0.59234,-1.71443,-0.51037,-0.75776,-2.07204,-0.59905,-0.90034,-2.36221,-0.65507,-0.43308,-0.90135,-0.41464,-0.93454,-1.30851,-0.60942,-1.29865,-1.55712,-0.69759,-1.59374,-1.72485,-0.74970,-0.54968,-0.58539,-0.46482,-1.06913,-0.79118,-0.60887,-1.28619,-0.81862,-0.60544,-1.40938,-0.81317,-0.57812,-0.66235,-0.28009,-0.50944,-1.07024,-0.45976,-0.59318,-1.27923,-0.57388,-0.57225,-1.44657,-0.68051,-0.53836
none,-0.00000,0.00000,0.00000,-0.01221,-0.60010,0.01903,-0.20787,-1.08646,-0.05978,-0.45706,-1.39539,-0.12367,-0.65988,-1.58002,-0.18890,-0.28883,-1.17764,-0.39601,-0.61845,-1.70740,-0.58272,-0.82751,-2.03749,-0.69283,-1.00433,-2.29732,-0.76220,-0.43272,-0.90153,-0.45515,-0.94790,-1.29853,-0.60845,-1.30546,-1.50384,-0.65074,-1.57805,-1.63120,-0.68382,-0.56654,-0.57460,-0.48491,-1.04730,-0.82879,-0.56073,-1.26107,-0.93061,-0.50510,-1.37475,-0.96554,-0.46816,-0.67095,-0.24659,-0.51051,-1.05373,-0.46394,-0.54843,-1.23706,-0.59836,-0.49375,-1.37452,-0.69425,-0.44687
none,-0.00000,0.00000,0.00000,0.04071,-0.60454,0.08802,-0.11413,-1.09478,0.04944,-0.29829,-1.43306,0.02262,-0.44674,-1.71315,-0.00247,-0.29796,-1.18270,-0.33710,-0.64694,-1.68753,-0.53081,-0.87334,-2.00928,-0.64855,-1.05328,-2.22989,-0.71120,-0.45361,-0.89120,-0.38446,-0.98784,-1.29840,-0.51448,-1.29963,-1.44824,-0.50369,-1.49648,-1.52825,-0.49045,-0.60023,-0.56795,-0.39725,-1.08675,-0.86575,-0.42218,-1.22149,-0.97917,-0.29078,-1.23722,-1.01011,-0.19560,-0.69476,-0.23801,-0.40110,-1.06949,-0.48299,-0.37805,-1.14811,-0.62973,-0.26487,-1.16457,-0.71070,-0.16891
none,-0.00000,0.00000,0.00000,0.05408,-0.58919,0.06277,-0.10028,-1.09296,0.03024,-0.28343,-1.45571,0.01276,-0.43171,-1.76043,-0.00010,-0.31642,-1.17418,-0.31377,-0.69691,-1.69441,-0.48464,-0.93519,-2.01196,-0.57378,-1.12410,-2.22186,-0.60661,-0.47676,-0.87903,-0.33658,-0.99771,-1.27652,-0.43122,-1.28585,-1.42770,-0.38276,-1.45659,-1.49781,-0.33500,-0.62179,-0.55305,-0.33113,-1.08997,-0.83868,-0.33814,-1.19697,-0.96366,-0.20042,-1.19373,-1.00056,-0.09239,-0.70653,-0.23097,-0.31847,-1.05761,-0.46596,-0.26220,-1.08267,-0.60099,-0.12810,-1.05497,-0.64922,-0.01501
none,-0.00000,0.00000,0.00000,0.06342,-0.59322,0.04807,-0.08805,-1.09980,0.01447,-0.27113,-1.47438,-0.00305,-0.41689,-1.78716,-0.01498,-0.31368,-1.17369,-0.30202,-0.71509,-1.71192,-0.47160,-0.96957,-2.02586,-0.55591,-1.17124,-2.22345,-0.57848,-0.48556,-0.87420,-0.31449,-0.99971,-1.27464,-0.39900,-1.27824,-1.42080,-0.34683,-1.42693,-1.48089,-0.29122,-0.63529,-0.54710,-0.30168,-1.07911,-0.85330,-0.31156,-1.19551,-0.96744,-0.18317,-1.19915,-0.99978,-0.07567,-0.72640,-0.23757,-0.28126,-1.04100,-0.47111,-0.22053,-1.07082,-0.58316,-0.08249,-1.04890,-0.61525,0.03680
none,-0.00000,0.00000,0.00000,0.07247,-0.58193,0.03530,-0.07597,-1.09689,0.00568,-0.26900,-1.47721,-0.01413,-0.40619,-1.78261,-0.02964,-0.31878,-1.16728,-0.23403,-0.77048,-1.62429,-0.33390,-1.04257,-1.84646,-0.36189,-1.24714,-1.96857,-0.35406,-0.48885,-0.87237,-0.25057,-1.00253,-1.25152,-0.30858,-1.25418,-1.40228,-0.26820,-1.39046,-1.46850,-0.22873,-0.63653,-0.54783,-0.24284,-1.10033,-0.82884,-0.24268,-1.17752,-0.94577,-0.14777,-1.14614,-0.99422,-0.07334,-0.71999,-0.24977,-0.22854,-1.02961,-0.49016,-0.16890,-1.03879,-0.60683,-0.05840,-0.98389,-0.64919,0.03101
none,-0.00000,0.00000,0.00000,0.03420,-0.57200,0.02733,-0.11673,-1.07098,-0.01146,-0.31063,-1.44448,-0.04537,-0.48755,-1.72112,-0.07282,-0.33579,-1.14728,-0.22766,-0.79854,-1.59217,-0.33510,-1.06617,-1.76531,-0.36102,-1.26436,-1.84356,-0.35047,-0.48005,-0.87724,-0.25311,-0.95935,-1.31310,-0.32699,-1.22479,-1.45940,-0.30326,-1.38197,-1.49938,-0.27110,-0.61078,-0.55858,-0.25771,-1.04624,-0.82427,-0.28314,-1.16757,-0.91607,-0.21514,-1.17703,-0.95228,-0.15352,-0.69174,-0.23907,-0.25607,-1.00754,-0.42820,-0.22385,-1.08372,-0.55532,-0.14232,-1.08097,-0.63673,-0.06986
none,-0.00000,0.00000,0.00000,-0.00429,-0.58603,0.03308,-0.18988,-1.09765,-0.00695,-0.41785,-1.44088,-0.04566,-0.58605,-1.71079,-0.07430,-0.33385,-1.16513,-0.25447,-0.78696,-1.61509,-0.36078,-1.04502,-1.73585,-0.37484,-1.23249,-1.75848,-0.35755,-0.44387,-0.89609,-0.30386,-0.90645,-1.37998,-0.40134,-1.18500,-1.54398,-0.37582,-1.36897,-1.58049,-0.34101,-0.56059,-0.57756,-0.33156,-1.04810,-0.90583,-0.39326,-1.20246,-0.98299,-0.32203,-1.23998,-0.99338,-0.25214,-0.65593,-0.23266,-0.35210,-1.04495,-0.47692,-0.35193,-1.13144,-0.61360,-0.27372,-1.13083,-0.68785,-0.19997
none,-0.00000,0.00000,0.00000,-0.04402,-0.60027,0.06663,-0.27397,-1.03363,0.02056,-0.56022,-1.20233,-0.03753,-0.82356,-1.23740,-0.08609,-0.27000,-1.18882,-0.21287,-0.67119,-1.63442,-0.34456,-0.94549,-1.71994,-0.39130,-1.15135,-1.68955,-0.39665,-0.37639,-0.92646,-0.29787,-0.80201,-1.41680,-0.42458,-1.09113,-1.56722,-0.42720,-1.28881,-1.58455,-0.40648,-0.50121,-0.61367,-0.36296,-0.98676,-0.96669,-0.44746,-1.17514,-1.05333,-0.38839,-1.24858,-1.07273,-0.32274,-0.62053,-0.27054,-0.42052,-1.02537,-0.52139,-0.43605,-1.13630,-0.66701,-0.35929,-1.16126,-0.76426,-0.28414
none,-0.00000,0.00000,0.00000,-0.03990,-0.54733,0.04719,-0.22987,-0.99557,-0.01537,-0.47844,-1.24062,-0.08811,-0.72526,-1.34845,-0.15372,-0.20653,-1.18715,-0.24591,-0.59054,-1.68196,-0.40715,-0.88545,-1.76515,-0.47001,-1.09649,-1.72652,-0.48393,-0.27988,-0.96004,-0.33510,-0.71386,-1.47349,-0.49108,-1.03083,-1.58586,-0.50501,-1.23640,-1.56647,-0.48524,-0.37870,-0.66051,-0.40881,-0.84512,-1.02483,-0.51479,-1.12377,-1.10499,-0.47279,-1.28914,-1.12957,-0.42017,-0.48347,-0.31571,-0.47598,-0.85822,-0.53063,-0.51694,-1.04791,-0.66178,-0.46430,-1.16740,-0.76662,-0.40666
none,-0.00000,0.00000,0.00000,-0.24586,-0.35218,0.06552,-0.39701,-0.71451,0.01869,-0.57422,-0.94703,-0.05668,-0.73761,-1.13310,-0.13203,-0.17085,-1.11900,-0.12272,-0.51019,-1.54679,-0.27206,-0.78058,-1.56730,-0.35779,-0.96903,-1.48824,-0.40211,-0.14533,-0.98938,-0.23071,-0.58920,-1.36406,-0.37682,-0.88767,-1.31295,-0.42662,-1.07864,-1.21057,-0.44749,-0.16456,-0.77758,-0.33282,-0.59801,-1.08694,-0.43666,-0.87574,-1.08401,-0.44203,-1.05913,-1.04945,-0.43907,-0.21324,-0.51880,-0.42996,-0.50614,-0.70384,-0.49335,-0.68464,-0.79138,-0.48863,-0.82028,-0.85731,-0.48003
none,-0.00000,0.00000,0.00000,-0.32466,-0.33671,0.07787,-0.43145,-0.67477,0.06500,-0.53096,-0.90624,0.01774,-0.64473,-1.07637,-0.03012,-0.17141,-1.04591,-0.00305,-0.43477,-1.38629,-0.10855,-0.66036,-1.43713,-0.18303,-0.83734,-1.40933,-0.22735,-0.10588,-0.99438,-0.09864,-0.50266,-1.24147,-0.21054,-0.75403,-1.17761,-0.25643,-0.91409,-1.08106,-0.27598,-0.08526,-0.86312,-0.19349,-0.46876,-1.06313,-0.27396,-0.71189,-1.03630,-0.28323,-0.87993,-0.97582,-0.28322,-0.09708,-0.68363,-0.28555,-0.35151,-0.80218,-0.33018,-0.51021,-0.83300,-0.32681,-0.63238,-0.84174,-0.31950
none,-0.00000,0.00000,0.00000,-0.27802,-0.31483,0.05611,-0.40594,-0.64088,0.04529,-0.52309,-0.85338,-0.00385,-0.66000,-1.01256,-0.05673,-0.22135,-1.01500,0.05920,-0.37719,-1.32212,-0.04374,-0.56581,-1.38335,-0.12756,-0.72046,-1.37977,-0.18031,-0.13257,-0.99117,-0.03594,-0.40396,-1.28322,-0.16455,-0.64671,-1.22406,-0.24448,-0.80905,-1.10457,-0.28075,-0.06057,-0.91580,-0.13812,-0.35289,-1.14834,-0.25331,-0.58605,-1.09744,-0.29431,-0.74746,-0.99214,-0.30191,-0.00230,-0.79282,-0.23915,-0.21477,-0.97258,-0.32226,-0.38551,-0.98383,-0.34369,-0.52005,-0.95060,-0.34551
none,-0.00000,0.00000,0.00000,-0.23527,-0.28494,-0.02126,-0.38941,-0.64055,-0.06610,-0.53222,-0.88591,-0.12754,-0.69253,-1.06111,-0.18838,-0.15720,-1.00877,-0.03327,-0.35412,-1.30000,-0.15358,-0.54612,-1.35590,-0.24691,-0.71153,-1.36328,-0.30699,-0.05707,-0.99837,-0.09330,-0.30952,-1.30283,-0.21702,-0.54280,-1.29456,-0.28886,-0.72707,-1.23345,-0.32908,0.03267,-0.92503,-0.16564,-0.21541,-1.19090,-0.27907,-0.43949,-1.18338,-0.31088,-0.61742,-1.12992,-0.32154,0.11212,-0.79317,-0.24317,-0.03467,-0.99949,-0.33111,-0.19347,-1.03385,-0.35153,-0.33481,-1.01922,-0.35704
none,-0.00000,0.00000,0.00000,-0.24484,-0.28882,-0.04627,-0.40651,-0.61388,-0.10617,-0.54522,-0.85338,-0.18185,-0.68791,-1.05775,-0.26332,-0.20749,-0.99051,-0.05651,-0.37402,-1.28013,-0.19002,-0.54973,-1.35395,-0.29954,-0.70688,-1.37903,-0.36961,-0.09411,-0.99556,-0.11285,-0.25543,-1.34423,-0.25334,-0.46683,-1.39001,-0.35009,-0.64486,-1.35483,-0.40559,0.02901,-0.93240,-0.18286,-0.06328,-1.30272,-0.30664,-0.26702,-1.37492,-0.36334,-0.45864,-1.35936,-0.38882,0.16455,-0.80255,-0.25917,0.18352,-1.10423,-0.35787,0.05709,-1.22565,-0.39608,-0.09590,-1.25895,-0.41353
none,-0.00000,0.00000,0.00000,-0.25185,-0.15640,-0.09655,-0.45127,-0.44783,-0.16545,-0.60516,-0.70342,-0.22978,-0.76439,-0.90750,-0.29444,-0.30772,-0.90833,-0.13362,-0.50916,-1.20698,-0.27409,-0.67458,-1.31996,-0.37636,-0.82946,-1.38172,-0.43777,-0.14228,-0.98983,-0.16667,-0.23498,-1.43698,-0.28246,-0.36799,-1.66086,-0.35085,-0.49950,-1.82773,-0.39162,0.03147,-0.94377,-0.21621,-0.00153,-1.36460,-0.33145,-0.09681,-1.62063,-0.38346,-0.21328,-1.83617,-0.41161,0.20595,-0.79958,-0.27338,0.30608,-1.10890,-0.36869,0.29453,-1.32837,-0.39436,0.23670,-1.52448,-0.40580
none,-0.00000,0.00000,0.00000,-0.25500,-0.15890,-0.09864,-0.45073,-0.45330,-0.16279,-0.60737,-0.72393,-0.22314,-0.76280,-0.93359,-0.28518,-0.30701,-0.89701,-0.12893,-0.48436,-1.17621,-0.26754,-0.64132,-1.29662,-0.37183,-0.79127,-1.37061,-0.43798,-0.14199,-0.98987,-0.16373,-0.21243,-1.43952,-0.28167,-0.33438,-1.69273,-0.35859,-0.45193,-1.90062,-0.40892,0.03388,-0.95500,-0.21540,0.01856,-1.39347,-0.33990,-0.05704,-1.67352,-0.41040,-0.15003,-1.91707,-0.45231,0.20943,-0.82046,-0.27389,0.30196,-1.14025,-0.38712,0.31758,-1.37163,-0.43199,0.30136,-1.59226,-0.45717
none,-0.00000,0.00000,0.00000,-0.25107,-0.16232,-0.10586,-0.44505,-0.46072,-0.16861,-0.59475,-0.74344,-0.22435,-0.74083,-0.95978,-0.28132,-0.30050,-0.89136,-0.13765,-0.47613,-1.18071,-0.27155,-0.62335,-1.32908,-0.37035,-0.75511,-1.43056,-0.43199,-0.13137,-0.99133,-0.16614,-0.20567,-1.45921,-0.27808,-0.30767,-1.74372,-0.35135,-0.39731,-1.98107,-0.39883,0.04440,-0.96024,-0.21078,0.02924,-1.40696,-0.33179,-0.03443,-1.69878,-0.39938,-0.11126,-1.95270,-0.43836,0.21921,-0.82689,-0.26254,0.31179,-1.15092,-0.37401,0.33853,-1.37984,-0.41479,0.33855,-1.59900,-0.43561
none,-0.00000,0.00000,0.00000,-0.25458,-0.17674,-0.10138,-0.44221,-0.48557,-0.16099,-0.58160,-0.77311,-0.21466,-0.71833,-0.99956,-0.27007,-0.28611,-0.90024,-0.12784,-0.45771,-1.20039,-0.25724,-0.59454,-1.36336,-0.35322,-0.71167,-1.48033,-0.41309,-0.11541,-0.99332,-0.15887,-0.18978,-1.47885,-0.26274,-0.27521,-1.77455,-0.33344,-0.34275,-2.02156,-0.38065,0.06079,-0.95556,-0.20618,0.05250,-1.41656,-0.32112,0.00803,-1.72308,-0.38939,-0.04577,-1.98917,-0.43068,0.23326,-0.81716,-0.26010,0.33019,-1.14524,-0.36980,0.36919,-1.37782,-0.41115,0.38783,-1.60238,-0.43321
none,-0.00000,0.00000,0.00000,-0.25179,-0.18806,-0.10724,-0.43555,-0.50154,-0.17220,-0.56423,-0.79388,-0.23186,-0.69221,-1.03113,-0.29308,-0.27655,-0.90763,-0.13316,-0.42849,-1.21813,-0.26998,-0.55976,-1.38500,-0.37148,-0.67504,-1.50973,-0.43548,-0.10390,-0.99459,-0.16505,-0.15531,-1.48727,-0.27745,-0.22422,-1.79028,-0.35594,-0.28031,-2.04762,-0.40893,0.06997,-0.94987,-0.21397,0.08489,-1.41171,-0.33662,0.05670,-1.72906,-0.41102,0.01651,-2.00976,-0.45656,0.23743,-0.80229,-0.27006,0.34631,-1.12551,-0.38415,0.39763,-1.36007,-0.42924,0.43021,-1.58873,-0.45468
none,-0.00000,0.00000,0.00000,-0.24874,-0.20784,-0.11036,-0.42039,-0.53385,-0.17810,-0.52431,-0.83295,-0.23845,-0.65090,-1.06724,-0.30087,-0.25854,-0.92903,-0.15908,-0.40334,-1.24703,-0.29611,-0.51538,-1.44694,-0.39222,-0.60589,-1.61968,-0.45434,-0.07834,-0.99693,-0.19148,-0.09838,-1.50328,-0.31176,-0.13726,-1.82383,-0.38727,-0.16163,-2.10540,-0.43546,0.09137,-0.92943,-0.23809,0.14349,-1.38617,-0.36641,0.14263,-1.70169,-0.43512,0.13210,-1.99004,-0.47410,0.24798,-0.75557,-0.29179,0.37756,-1.06747,-0.40845,0.44008,-1.28995,-0.45044,0.48625,-1.51107,-0.47147
none,-0.00000,0.00000,0.00000,-0.23794,-0.21638,-0.09400,-0.40237,-0.54909,-0.15486,-0.50292,-0.85181,-0.21205,-0.62002,-1.09231,-0.27206,-0.23592,-0.94696,-0.13791,-0.37178,-1.29660,-0.26644,-0.46602,-1.51401,-0.35609,-0.53958,-1.69386,-0.41420,-0.06375,-0.99797,-0.17690,-0.08381,-1.50992,-0.28932,-0.11663,-1.82868,-0.36274,-0.13533,-2.09601,-0.40974,0.09626,-0.91750,-0.22885,0.14734,-1.37565,-0.34807,0.15047,-1.69474,-0.41651,0.14101,-1.98254,-0.45761,0.24106,-0.73495,-0.28659,0.37675,-1.03367,-0.40204,0.44338,-1.25924,-0.44670,0.48947,-1.48683,-0.46991
none,-0.00000,0.00000,0.00000,-0.23499,-0.23779,-0.08842,-0.38675,-0.57872,-0.15558,-0.48250,-0.87766,-0.21927,-0.58935,-1.12839,-0.28867,-0.22852,-0.96843,-0.16450,-0.34796,-1.33679,-0.30370,-0.42941,-1.57545,-0.39850,-0.49679,-1.78059,-0.46100,-0.06552,-0.99785,-0.21212,-0.06704,-1.51041,-0.33562,-0.08966,-1.84048,-0.41536,-0.10398,-2.12550,-0.46833,0.08530,-0.89178,-0.27019,0.14816,-1.35630,-0.40105,0.15344,-1.68022,-0.47516,0.14336,-1.98078,-0.52133,0.21959,-0.68551,-0.33233,0.36623,-0.98520,-0.46210,0.43601,-1.21798,-0.51431,0.48460,-1.45585,-0.54307
none,-0.00000,0.00000,0.00000,-0.23993,-0.25307,-0.07873,-0.37649,-0.60305,-0.14139,-0.46427,-0.89749,-0.20263,-0.56373,-1.14867,-0.27104,-0.22365,-0.98950,-0.16498,-0.32428,-1.37988,-0.30393,-0.39830,-1.62960,-0.39891,-0.46551,-1.84990,-0.46236,-0.07406,-0.99725,-0.21964,-0.05456,-1.50640,-0.34240,-0.07579,-1.84147,-0.42550,-0.09372,-2.13526,-0.48240,0.06188,-0.87021,-0.28289,0.12023,-1.31680,-0.41174,0.11105,-1.61858,-0.48435,0.08664,-1.90830,-0.53134,0.17766,-0.64254,-0.34991,0.31839,-0.92580,-0.48003,0.37691,-1.14693,-0.53150,0.41434,-1.37686,-0.56063
none,-0.00000,0.00000,0.00000,-0.25122,-0.24944,-0.06720,-0.36817,-0.60868,-0.11274,-0.44075,-0.89743,-0.15860,-0.53449,-1.14104,-0.21155,-0.22064,-0.99820,-0.13031,-0.31188,-1.39641,-0.25403,-0.38101,-1.65315,-0.34117,-0.44064,-1.87393,-0.40131,-0.09377,-0.99559,-0.18525,-0.08636,-1.48842,-0.29370,-0.11073,-1.81346,-0.37567,-0.13148,-2.08901,-0.43262,0.01727,-0.86112,-0.24859,0.04288,-1.28397,-0.36747,0.00692,-1.54970,-0.44233,-0.03857,-1.80166,-0.49166,0.11013,-0.62893,-0.31527,0.21536,-0.85727,-0.44373,0.24028,-1.04102,-0.49843,0.24314,-1.22355,-0.52850
none,-0.00000,0.00000,0.00000,-0.28101,-0.24488,-0.01182,-0.39339,-0.61921,-0.01794,-0.45701,-0.88628,-0.03917,-0.53357,-1.11650,-0.06641,-0.27986,-0.98224,-0.00600,-0.35823,-1.37474,-0.08265,-0.41077,-1.62810,-0.14657,-0.44560,-1.84904,-0.19504,-0.18770,-0.98223,-0.06995,-0.22279,-1.43902,-0.14903,-0.25553,-1.74823,-0.21855,-0.27345,-2.02838,-0.26979,-0.11086,-0.91055,-0.14423,-0.15323,-1.35526,-0.23337,-0.20034,-1.64351,-0.29417,-0.23684,-1.89944,-0.33483,-0.05438,-0.78872,-0.22078,-0.09611,-1.11230,-0.30282,-0.14319,-1.32945,-0.34109,-0.18470,-1.51991,-0.36723
none,-0.00000,0.00000,0.00000,-0.29891,-0.32006,0.04019,-0.41728,-0.68007,0.02320,-0.49989,-0.92355,-0.01497,-0.56790,-1.12530,-0.06408,-0.27924,-1.03488,-0.07514,-0.36654,-1.42327,-0.17395,-0.43504,-1.68846,-0.25211,-0.48494,-1.92290,-0.31504,-0.23048,-0.97308,-0.17825,-0.33090,-1.43012,-0.27840,-0.40609,-1.72700,-0.36127,-0.45958,-1.98756,-0.42645,-0.20557,-0.81877,-0.27788,-0.35723,-1.21668,-0.38425,-0.45455,-1.47928,-0.45917,-0.52231,-1.71337,-0.51703,-0.21430,-0.59423,-0.37234,-0.37393,-0.79932,-0.47381,-0.47735,-0.98299,-0.52779,-0.56111,-1.14868,-0.57045
none,-0.00000,0.00000,0.00000,-0.17770,-0.42416,0.01346,-0.35530,-0.79523,-0.04068,-0.50980,-1.02499,-0.11017,-0.64000,-1.18842,-0.18298,-0.28169,-1.06172,-0.18419,-0.44882,-1.54558,-0.31365,-0.53687,-1.86843,-0.39426,-0.59781,-2.15404,-0.45219,-0.25277,-0.96753,-0.28026,-0.44125,-1.47208,-0.45868,-0.56197,-1.81378,-0.55947,-0.65650,-2.11312,-0.61488,-0.26974,-0.75042,-0.36294,-0.66476,-1.05046,-0.54118,-0.95195,-1.19366,-0.60742,-1.16589,-1.32826,-0.63066,-0.31859,-0.46839,-0.43822,-0.68192,-0.59921,-0.56641,-0.89647,-0.67963,-0.58930,-1.07659,-0.76784,-0.59123
none,-0.00000,0.00000,0.00000,-0.17184,-0.47074,0.02060,-0.40232,-0.83899,-0.03551,-0.62151,-1.01668,-0.10507,-0.80205,-1.12185,-0.17651,-0.32927,-1.10913,-0.22670,-0.48510,-1.64702,-0.36774,-0.56979,-1.97586,-0.45105,-0.63238,-2.26966,-0.50877,-0.30836,-0.95127,-0.32738,-0.56332,-1.46376,-0.51888,-0.73995,-1.79703,-0.62764,-0.88163,-2.07457,-0.68803,-0.34163,-0.69207,-0.41060,-0.80753,-0.96768,-0.59838,-1.12697,-1.11261,-0.67145,-1.36118,-1.24762,-0.69513,-0.40630,-0.40193,-0.48378,-0.82677,-0.54132,-0.61029,-1.06365,-0.61994,-0.62879,-1.25662,-0.70630,-0.62606
none,-0.00000,0.00000,0.00000,-0.14732,-0.49404,0.00587,-0.39660,-0.86766,-0.05712,-0.65952,-1.02750,-0.12799,-0.87594,-1.09178,-0.19930,-0.34764,-1.11053,-0.24261,-0.51055,-1.65473,-0.38737,-0.60198,-1.99376,-0.47306,-0.67576,-2.29355,-0.53193,-0.35194,-0.93602,-0.33459,-0.64022,-1.44496,-0.51769,-0.84474,-1.76598,-0.61969,-1.01129,-2.02455,-0.67766,-0.40031,-0.66853,-0.41089,-0.88787,-0.93459,-0.58906,-1.22118,-1.06455,-0.65614,-1.46537,-1.18526,-0.67768,-0.46629,-0.38206,-0.47853,-0.88938,-0.51769,-0.59263,-1.12185,-0.60256,-0.60499,-1.31270,-0.70258,-0.59999
none,-0.00000,0.00000,0.00000,-0.14146,-0.54823,0.02327,-0.40207,-0.92439,-0.03097,-0.66404,-1.07838,-0.09032,-0.88082,-1.13049,-0.14593,-0.37273,-1.13110,-0.24671,-0.54331,-1.66943,-0.38727,-0.62842,-2.01956,-0.45902,-0.69374,-2.33210,-0.50729,-0.39389,-0.91916,-0.33714,-0.71805,-1.38940,-0.53261,-0.94577,-1.70608,-0.63245,-1.13203,-1.95859,-0.68721,-0.44736,-0.62713,-0.40744,-0.96750,-0.84996,-0.58688,-1.30223,-0.97520,-0.64099,-1.54549,-1.09193,-0.65018,-0.51397,-0.33318,-0.46657,-0.95350,-0.46477,-0.57308,-1.18884,-0.55304,-0.57773,-1.38395,-0.65948,-0.56596
none,-0.00000,0.00000,0.00000,-0.14448,-0.55182,0.02756,-0.34980,-0.98683,-0.01547,-0.49182,-1.31405,-0.05865,-0.50641,-1.62539,-0.09495,-0.35490,-1.14549,-0.24981,-0.53297,-1.67729,-0.40398,-0.62054,-2.02730,-0.48298,-0.68386,-2.35310,-0.53190,-0.37535,-0.92688,-0.33964,-0.75085,-1.38573,-0.54862,-0.99679,-1.70402,-0.65375,-1.19399,-1.96429,-0.71152,-0.42260,-0.63609,-0.40858,-0.96840,-0.83552,-0.59507,-1.30296,-0.97355,-0.65010,-1.55615,-1.10416,-0.65908,-0.48451,-0.33612,-0.46488,-0.91574,-0.47050,-0.57077,-1.14543,-0.56451,-0.57522,-1.34613,-0.67298,-0.56396
none,-0.00000,0.00000,0.00000,-0.12665,-0.54909,0.01443,-0.31534,-1.00983,-0.03622,-0.43904,-1.36545,-0.08367,-0.44172,-1.69670,-0.12805,-0.33147,-1.16198,-0.27404,-0.51768,-1.69888,-0.44396,-0.61576,-2.05779,-0.53735,-0.69089,-2.38402,-0.59702,-0.35120,-0.93630,-0.36245,-0.76508,-1.39157,-0.57153,-1.03363,-1.69079,-0.67559,-1.24783,-1.93878,-0.73570,-0.39867,-0.64365,-0.43236,-0.94651,-0.88008,-0.62074,-1.28029,-1.02799,-0.67982,-1.53760,-1.16729,-0.69590,-0.45897,-0.33788,-0.49089,-0.87948,-0.48547,-0.60511,-1.10356,-0.58410,-0.61661,-1.29669,-0.69514,-0.61228
none,-0.00000,0.00000,0.00000,-0.11604,-0.54404,0.01178,-0.29645,-1.01899,-0.03953,-0.42095,-1.38291,-0.08867,-0.43085,-1.71704,-0.13909,-0.30140,-1.18568,-0.28378,-0.48182,-1.71854,-0.45728,-0.57846,-2.07993,-0.55520,-0.64437,-2.40643,-0.61821,-0.31558,-0.94890,-0.37359,-0.76161,-1.39190,-0.57339,-1.05779,-1.66544,-0.67103,-1.28670,-1.88156,-0.72825,-0.36147,-0.64800,-0.44705,-0.89757,-0.90844,-0.63054,-1.23593,-1.06863,-0.69263,-1.49188,-1.22100,-0.71428,-0.42588,-0.34028,-0.51005,-0.83096,-0.50061,-0.63181,-1.05792,-0.59859,-0.65120,-1.24753,-0.70073,-0.65267
none,-0.00000,0.00000,0.00000,-0.10514,-0.53779,0.01513,-0.27428,-1.02253,-0.03201,-0.38198,-1.39790,-0.07822,-0.38820,-1.73233,-0.12968,-0.29246,-1.17815,-0.26689,-0.47908,-1.70609,-0.43420,-0.56973,-2.06494,-0.52937,-0.62186,-2.38739,-0.59208,-0.31638,-0.94863,-0.35718,-0.78456,-1.36857,-0.53745,-1.08970,-1.61439,-0.62274,-1.32476,-1.81255,-0.67399,-0.35681,-0.65902,-0.43380,-0.86825,-0.94252,-0.60830,-1.19657,-1.10635,-0.67314,-1.45092,-1.26745,-0.70119,-0.40863,-0.35880,-0.49909,-0.76970,-0.51991,-0.62758,-0.98093,-0.62317,-0.65569,-1.16164,-0.73650,-0.66458
none,-0.00000,0.00000,0.00000,-0.11357,-0.52877,0.00633,-0.27266,-1.01745,-0.05089,-0.37058,-1.40035,-0.10750,-0.37119,-1.74356,-0.17200,-0.29375,-1.16321,-0.26741,-0.47825,-1.68457,-0.43607,-0.56611,-2.04544,-0.53569,-0.61862,-2.36969,-0.60280,-0.31404,-0.94941,-0.35230,-0.80678,-1.32711,-0.52065,-1.12101,-1.54346,-0.60282,-1.36660,-1.71708,-0.65619,-0.34812,-0.67080,-0.42480,-0.85029,-0.96837,-0.58607,-1.17449,-1.13967,-0.64982,-1.43141,-1.30022,-0.68427,-0.39348,-0.38519,-0.48717,-0.73087,-0.53807,-0.61164,-0.93449,-0.64971,-0.64282,-1.11336,-0.76850,-0.65715
none,-0.00000,0.00000,0.00000,-0.12781,-0.52692,-0.00692,-0.27983,-1.02082,-0.07435,-0.36989,-1.41052,-0.14209,-0.35895,-1.75546,-0.21814,-0.28157,-1.16360,-0.26659,-0.45336,-1.67875,-0.43325,-0.53912,-2.03441,-0.52899,-0.59411,-2.35183,-0.59407,-0.29475,-0.95558,-0.34803,-0.79229,-1.31045,-0.51739,-1.11663,-1.50664,-0.59776,-1.37274,-1.66056,-0.64811,-0.32777,-0.67635,-0.41928,-0.81271,-0.98358,-0.58294,-1.12959,-1.17096,-0.64968,-1.38114,-1.34382,-0.68634,-0.37664,-0.38738,-0.48186,-0.69876,-0.53617,-0.61170,-0.89978,-0.65324,-0.64884,-1.07476,-0.77397,-0.66713
none,-0.00000,0.00000,0.00000,-0.14077,-0.51279,-0.00221,-0.28717,-0.99183,-0.06321,-0.37826,-1.36884,-0.12875,-0.38361,-1.71040,-0.20145,-0.27647,-1.15790,-0.23222,-0.45196,-1.65536,-0.39369,-0.53986,-1.99435,-0.48661,-0.59609,-2.29350,-0.54852,-0.27636,-0.96105,-0.31563,-0.75692,-1.32497,-0.48227,-1.07732,-1.51532,-0.56225,-1.33035,-1.66182,-0.60885,-0.29985,-0.69078,-0.39124,-0.75380,-1.01614,-0.55522,-1.06533,-1.19889,-0.62073,-1.30523,-1.36513,-0.65275,-0.33983,-0.40271,-0.45877,-0.65500,-0.55874,-0.58413,-0.85347,-0.67094,-0.61712,-1.01573,-0.78403,-0.63107
none,-0.00000,0.00000,0.00000,-0.20307,-0.43517,0.04195,-0.32275,-0.90955,0.00217,-0.38654,-1.27776,-0.05243,-0.36961,-1.59214,-0.12269,-0.27014,-1.10436,-0.18435,-0.52335,-1.53618,-0.32316,-0.65982,-1.84911,-0.39691,-0.75744,-2.09923,-0.45259,-0.25764,-0.96624,-0.29804,-0.65528,-1.36845,-0.43887,-0.91023,-1.60705,-0.51673,-1.12331,-1.78859,-0.57540,-0.25094,-0.74427,-0.40238,-0.60166,-1.11790,-0.54957,-0.84521,-1.32212,-0.63603,-1.06172,-1.49978,-0.69954,-0.26052,-0.45718,-0.49495,-0.44152,-0.65130,-0.63691,-0.57867,-0.78648,-0.70727,-0.72114,-0.91050,-0.75918
none,-0.00000,0.00000,0.00000,-0.24263,-0.39804,0.04233,-0.32495,-0.87694,0.02691,-0.34212,-1.23538,-0.00793,-0.32404,-1.53317,-0.05173,-0.21443,-1.05872,-0.06896,-0.46699,-1.40087,-0.18931,-0.63887,-1.65976,-0.27360,-0.78219,-1.86658,-0.33387,-0.20326,-0.97912,-0.16337,-0.48280,-1.37964,-0.28198,-0.67641,-1.65930,-0.36530,-0.84488,-1.89992,-0.42517,-0.22003,-0.83444,-0.25421,-0.47059,-1.21970,-0.37022,-0.64752,-1.46258,-0.44094,-0.79705,-1.66958,-0.49046,-0.26882,-0.63349,-0.33935,-0.38257,-0.84987,-0.44373,-0.46094,-1.00220,-0.49675,-0.53989,-1.13679,-0.53435
none,-0.00000,0.00000,0.00000,-0.27222,-0.30117,0.02306,-0.32347,-0.67371,0.01423,-0.31684,-0.91767,-0.01843,-0.34695,-1.09178,-0.05857,-0.25451,-0.97955,0.01207,-0.46631,-1.25251,-0.09529,-0.63616,-1.45813,-0.19180,-0.78572,-1.63109,-0.26027,-0.19405,-0.98099,-0.07661,-0.33483,-1.37376,-0.16956,-0.46251,-1.65427,-0.25311,-0.57877,-1.90614,-0.31311,-0.13674,-0.89363,-0.17407,-0.24422,-1.29194,-0.27654,-0.34898,-1.55091,-0.34926,-0.44713,-1.78872,-0.39863,-0.09591,-0.74060,-0.27093,-0.13613,-0.96437,-0.36976,-0.19157,-1.13068,-0.41502,-0.25522,-1.28675,-0.44469
none,-0.00000,0.00000,0.00000,-0.22000,-0.32453,-0.01804,-0.28206,-0.72896,-0.05435,-0.29763,-1.00639,-0.10241,-0.31360,-1.19349,-0.15880,-0.17541,-1.01411,-0.11216,-0.35591,-1.31056,-0.26695,-0.51755,-1.47706,-0.38059,-0.68088,-1.59509,-0.45717,-0.07948,-0.99684,-0.20017,-0.09813,-1.46896,-0.34345,-0.19216,-1.77805,-0.44654,-0.28880,-2.03555,-0.51408,0.01619,-0.85124,-0.29517,0.06414,-1.27759,-0.44739,0.00171,-1.56914,-0.54604,-0.07811,-1.84848,-0.60789,0.08846,-0.61156,-0.38834,0.24323,-0.83069,-0.54203,0.29158,-1.04467,-0.61851,0.31208,-1.26380,-0.66517
none,-0.00000,0.00000,0.00000,-0.20976,-0.27825,-0.04861,-0.29438,-0.66943,-0.08182,-0.33440,-0.96086,-0.11920,-0.38915,-1.18025,-0.16216,-0.10542,-0.97383,-0.10822,-0.25086,-1.30129,-0.23963,-0.38893,-1.50166,-0.33557,-0.50619,-1.66724,-0.39737,0.04011,-0.99920,-0.16774,0.05535,-1.50077,-0.28244,0.02441,-1.83659,-0.36643,0.01150,-2.12417,-0.42078,0.16635,-0.89412,-0.23606,0.28075,-1.33778,-0.35893,0.29727,-1.67685,-0.44143,0.30003,-1.98700,-0.49315,0.26719,-0.68656,-0.30582,0.45892,-0.96150,-0.42527,0.54699,-1.19011,-0.47852,0.60611,-1.42320,-0.50995
none,-0.00000,0.00000,0.00000,-0.21992,-0.24201,-0.08069,-0.33594,-0.59407,-0.13027,-0.40655,-0.89429,-0.17618,-0.47773,-1.13083,-0.22621,-0.10932,-0.95192,-0.12568,-0.22581,-1.28635,-0.24894,-0.31491,-1.51901,-0.33964,-0.38799,-1.70584,-0.39751,0.06829,-0.99767,-0.16297,0.08913,-1.49267,-0.26407,0.07286,-1.81268,-0.33040,0.06925,-2.06926,-0.37226,0.22168,-0.91397,-0.21233,0.31689,-1.36482,-0.32157,0.34758,-1.67997,-0.38677,0.36428,-1.95291,-0.42515,0.34439,-0.72481,-0.26627,0.50317,-1.01390,-0.37513,0.58440,-1.24424,-0.41854,0.63986,-1.46936,-0.44046
none,-0.00000,0.00000,0.00000,-0.23820,-0.20429,-0.07500,-0.39733,-0.55877,-0.10813,-0.49629,-0.87580,-0.14094,-0.59398,-1.12195,-0.17637,-0.22270,-0.94985,-0.05009,-0.31751,-1.30099,-0.12789,-0.38085,-1.50987,-0.19576,-0.43315,-1.68272,-0.24328,-0.06746,-0.99772,-0.07609,-0.10046,-1.42226,-0.13347,-0.15147,-1.66510,-0.18710,-0.19985,-1.86401,-0.22754,0.08159,-0.95909,-0.11716,0.10093,-1.36677,-0.18571,0.07192,-1.62212,-0.23073,0.02328,-1.83720,-0.26301,0.23051,-0.84120,-0.16654,0.35263,-1.12897,-0.23168,0.37305,-1.31855,-0.25232,0.35277,-1.48481,-0.26527
none,-0.00000,0.00000,0.00000,-0.23481,-0.18238,-0.08110,-0.40025,-0.51178,-0.11009,-0.49695,-0.82604,-0.14098,-0.59729,-1.07433,-0.17217,-0.24412,-0.94721,-0.01383,-0.33484,-1.26520,-0.08431,-0.41237,-1.42350,-0.15036,-0.48105,-1.54160,-0.19369,-0.09356,-0.99561,-0.02648,-0.12148,-1.37727,-0.07130,-0.18480,-1.54913,-0.11730,-0.24904,-1.67548,-0.15251,0.05668,-0.96793,-0.05801,0.07050,-1.33319,-0.12196,0.02230,-1.48366,-0.15266,-0.03732,-1.57539,-0.16974,0.21215,-0.88156,-0.09947,0.27088,-1.20940,-0.15867,0.23333,-1.30734,-0.16382,0.18003,-1.33377,-0.16003
none,-0.00000,0.00000,0.00000,-0.23008,-0.14100,-0.06597,-0.42310,-0.41675,-0.11066,-0.56361,-0.67187,-0.16268,-0.68633,-0.87056,-0.21661,-0.27686,-0.93610,-0.04409,-0.38038,-1.28274,-0.13094,-0.48798,-1.41497,-0.20576,-0.57296,-1.47299,-0.24977,-0.13573,-0.99075,-0.06703,-0.18668,-1.39797,-0.13190,-0.29916,-1.45584,-0.18175,-0.37945,-1.42534,-0.21213,0.01626,-0.96913,-0.10226,0.01718,-1.35776,-0.16864,-0.09592,-1.37964,-0.18109,-0.18255,-1.31701,-0.18277,0.17771,-0.88701,-0.14527,0.20531,-1.20359,-0.19474,0.12609,-1.19449,-0.17665,0.06857,-1.09397,-0.15416
none,-0.00000,0.00000,0.00000,-0.24440,-0.11990,-0.07529,-0.48093,-0.34946,-0.13712,-0.63782,-0.54222,-0.21542,-0.76468,-0.65603,-0.28789,-0.41615,-0.91694,-0.03731,-0.53939,-1.29916,-0.16868,-0.62226,-1.28929,-0.26272,-0.67768,-1.20088,-0.30824,-0.26637,-0.96387,-0.06750,-0.37354,-1.26645,-0.20196,-0.44315,-1.11280,-0.27630,-0.47247,-0.93902,-0.29951,-0.09310,-0.95472,-0.11499,-0.15356,-1.18763,-0.22778,-0.21320,-1.02538,-0.23976,-0.23593,-0.85310,-0.21932,0.09974,-0.89802,-0.17185,0.07769,-1.08106,-0.22700,0.02525,-0.97961,-0.20389,0.00136,-0.85526,-0.16840
none,-0.00000,0.00000,0.00000,-0.37684,-0.06594,-0.02349,-0.65747,-0.17888,-0.09228,-0.85250,-0.24968,-0.19136,-1.01806,-0.26965,-0.29434,-0.67740,-0.81187,-0.06681,-0.86231,-0.97897,-0.22767,-1.00652,-0.87174,-0.34189,-1.10969,-0.74039,-0.40659,-0.53425,-0.84533,-0.13932,-0.78372,-0.76935,-0.33500,-0.93921,-0.41458,-0.42966,-1.01590,-0.10936,-0.46200,-0.38722,-0.77920,-0.22080,-0.61022,-0.65507,-0.39491,-0.76557,-0.35027,-0.43011,-0.85416,-0.08123,-0.41592,-0.23619,-0.64225,-0.30599,-0.41609,-0.50879,-0.41492,-0.53710,-0.33371,-0.42484,-0.62038,-0.17293,-0.40694
none,0.00000,0.00000,0.00000,-0.05254,-0.51083,0.02703,-0.23025,-1.04438,-0.05287,-0.39301,-1.43532,-0.13410,-0.50468,-1.72927,-0.24770,-0.18360,-1.21974,-0.43083,-0.52922,-1.78310,-0.64675,-0.76381,-2.10829,-0.76373,-0.95445,-2.36495,-0.84258,-0.21567,-0.97647,-0.54566,-0.68057,-1.52368,-0.80953,-1.04853,-1.75667,-0.91108,-1.31332,-1.88064,-0.97512,-0.31898,-0.63250,-0.63291,-0.86969,-1.05478,-0.88637,-1.26197,-1.23357,-0.94761,-1.52295,-1.32882,-0.96538,-0.47316,-0.26318,-0.69849,-0.96092,-0.55916,-0.90826,-1.25551,-0.72597,-0.95528,-1.46686,-0.83621,-0.96877
none,0.00000,0.00000,0.00000,-0.05254,-0.61540,0.05017,-0.25888,-1.10403,-0.07285,-0.52398,-1.41824,-0.19137,-0.77793,-1.62894,-0.34099,-0.12901,-1.29040,-0.60042,-0.44552,-1.92790,-0.87985,-0.67921,-2.30618,-1.02280,-0.87424,-2.59612,-1.10729,-0.20560,-0.97864,-0.72125,-0.67750,-1.52877,-1.02174,-1.10099,-1.77661,-1.11442,-1.40845,-1.87970,-1.17795,-0.35700,-0.62344,-0.80535,-0.88882,-1.05155,-1.06165,-1.27077,-1.28791,-1.12604,-1.51445,-1.40412,-1.15732,-0.54323,-0.29561,-0.86297,-1.00841,-0.62874,-1.07416,-1.28637,-0.82094,-1.13761,-1.47658,-0.95713,-1.16975
none,0.00000,0.00000,0.00000,-0.02633,-0.59177,0.05533,-0.23869,-1.08386,-0.04095,-0.53451,-1.37555,-0.13930,-0.81296,-1.53524,-0.26632,-0.12572,-1.26132,-0.45534,-0.43931,-1.92735,-0.66678,-0.66449,-2.29808,-0.77145,-0.85462,-2.58790,-0.83485,-0.22146,-0.97517,-0.56709,-0.70573,-1.54449,-0.79448,-1.10511,-1.76795,-0.86076,-1.38883,-1.86639,-0.90337,-0.38336,-0.63674,-0.64663,-0.94683,-1.09505,-0.82437,-1.32318,-1.29494,-0.84948,-1.56080,-1.39395,-0.85922,-0.56401,-0.31071,-0.70600,-1.03838,-0.63892,-0.85080,-1.30394,-0.80789,-0.87439,-1.48116,-0.93541,-0.87831
none,0.00000,0.00000,0.00000,-0.00846,-0.59968,0.04825,-0.19269,-1.11541,-0.04166,-0.46724,-1.44154,-0.12971,-0.71714,-1.65014,-0.24488,-0.11895,-1.26508,-0.45126,-0.44201,-1.92645,-0.65248,-0.65985,-2.29799,-0.74824,-0.84270,-2.58960,-0.80367,-0.23871,-0.97109,-0.55213,-0.75136,-1.54706,-0.76007,-1.14427,-1.75881,-0.81771,-1.42309,-1.85589,-0.85544,-0.41368,-0.63755,-0.62043,-0.98234,-1.09253,-0.77838,-1.34537,-1.28308,-0.79577,-1.57483,-1.38029,-0.80231,-0.59720,-0.32208,-0.66984,-1.06263,-0.64913,-0.79231,-1.31860,-0.81029,-0.80453,-1.49152,-0.93254,-0.80179
none,0.00000,0.00000,0.00000,-0.02251,-0.59304,0.04107,-0.18321,-1.16236,-0.03786,-0.36285,-1.61025,-0.11476,-0.47879,-1.98892,-0.21538,-0.16012,-1.25334,-0.41432,-0.49106,-1.88269,-0.59613,-0.69644,-2.25076,-0.67914,-0.87126,-2.53535,-0.72841,-0.27142,-0.96246,-0.50798,-0.78375,-1.50198,-0.70498,-1.16087,-1.71019,-0.75887,-1.43951,-1.81204,-0.79524,-0.43145,-0.63130,-0.57173,-1.00064,-1.05153,-0.71736,-1.35765,-1.23050,-0.72677,-1.59677,-1.32690,-0.73107,-0.60187,-0.30576,-0.61904,-1.06290,-0.60896,-0.72664,-1.31475,-0.76258,-0.73316,-1.49401,-0.88918,-0.72965
none,0.00000,0.00000,0.00000,-0.04321,-0.56231,0.05362,-0.25202,-1.01978,-0.02183,-0.55192,-1.25215,-0.10112,-0.81022,-1.34006,-0.20553,-0.16179,-1.23615,-0.34057,-0.52337,-1.77971,-0.49761,-0.75614,-2.07939,-0.57661,-0.95653,-2.32246,-0.62683,-0.22470,-0.97443,-0.44123,-0.70245,-1.47776,-0.60781,-1.06617,-1.67864,-0.66167,-1.33576,-1.77777,-0.70049,-0.35256,-0.65325,-0.51526,-0.90558,-1.01255,-0.64581,-1.25132,-1.14053,-0.66523,-1.47441,-1.20000,-0.67482,-0.51125,-0.32787,-0.57311,-0.96008,-0.59962,-0.67233,-1.19934,-0.72288,-0.68139,-1.36374,-0.82209,-0.68127
none,0.00000,0.00000,0.00000,-0.09511,-0.50790,0.06375,-0.30853,-0.93996,-0.00720,-0.57564,-1.18940,-0.08963,-0.81993,-1.31084,-0.19454,-0.20755,-1.18803,-0.30081,-0.56698,-1.71830,-0.47236,-0.82390,-1.99727,-0.55989,-1.04242,-2.20780,-0.61215,-0.22455,-0.97446,-0.41653,-0.67129,-1.54808,-0.60330,-1.02792,-1.75388,-0.66405,-1.30012,-1.84662,-0.69561,-0.31666,-0.67805,-0.50991,-0.86759,-1.05827,-0.67354,-1.23127,-1.17165,-0.70510,-1.47441,-1.22747,-0.70959,-0.45898,-0.35999,-0.58586,-0.92622,-0.61944,-0.71610,-1.19509,-0.73258,-0.73678,-1.38534,-0.83047,-0.73671
none,0.00000,0.00000,0.00000,-0.12962,-0.44093,0.08902,-0.32078,-0.81468,0.04486,-0.53900,-1.04329,-0.01914,-0.75557,-1.15479,-0.10253,-0.23944,-1.09852,-0.18733,-0.60735,-1.50901,-0.33614,-0.86829,-1.71046,-0.42148,-1.08268,-1.83392,-0.47310,-0.24490,-0.96955,-0.31307,-0.61664,-1.50100,-0.47630,-0.91983,-1.70862,-0.55297,-1.16191,-1.80436,-0.59688,-0.30595,-0.72826,-0.41916,-0.77414,-1.08805,-0.57011,-1.10321,-1.17119,-0.61365,-1.32859,-1.19625,-0.62790,-0.41934,-0.43216,-0.50688,-0.83589,-0.65054,-0.63280,-1.08113,-0.74132,-0.65626,-1.25963,-0.81695,-0.65841
none,0.00000,0.00000,0.00000,-0.19598,-0.39170,0.10435,-0.37366,-0.77415,0.06940,-0.53710,-1.05763,0.01027,-0.71768,-1.24815,-0.06458,-0.25297,-1.08291,-0.18397,-0.57343,-1.53092,-0.33193,-0.82304,-1.73949,-0.41459,-1.02582,-1.88118,-0.46502,-0.23619,-0.97171,-0.31666,-0.59108,-1.49915,-0.47104,-0.87040,-1.71674,-0.54661,-1.09205,-1.84732,-0.59701,-0.27422,-0.76011,-0.42872,-0.73047,-1.12428,-0.56821,-1.04943,-1.22431,-0.62175,-1.27367,-1.27544,-0.65254,-0.35825,-0.49207,-0.52200,-0.74735,-0.70196,-0.63872,-0.98376,-0.78184,-0.67332,-1.16838,-0.85571,-0.69110
none,0.00000,0.00000,0.00000,-0.38749,-0.22040,0.03331,-0.57879,-0.55458,-0.00533,-0.71471,-0.79379,-0.06007,-0.85569,-0.95703,-0.12333,-0.30182,-1.01206,-0.11844,-0.57955,-1.40034,-0.23615,-0.79868,-1.62597,-0.31963,-0.98774,-1.78202,-0.37841,-0.26221,-0.96501,-0.21514,-0.55650,-1.46794,-0.35007,-0.81523,-1.68142,-0.43969,-1.04013,-1.80464,-0.49760,-0.26641,-0.80916,-0.30447,-0.64920,-1.17791,-0.44070,-0.93195,-1.29969,-0.51748,-1.15744,-1.37088,-0.56106,-0.33550,-0.57408,-0.38496,-0.64246,-0.76984,-0.49963,-0.85683,-0.84367,-0.54801,-1.04051,-0.91150,-0.57649
none,0.00000,0.00000,0.00000,-0.40943,-0.11767,0.01491,-0.61929,-0.36506,-0.02534,-0.78572,-0.50150,-0.08349,-0.95627,-0.57957,-0.15115,-0.41488,-0.91884,-0.05226,-0.68099,-1.22574,-0.13735,-0.89279,-1.38163,-0.20807,-1.07628,-1.49409,-0.26334,-0.34843,-0.93734,-0.13226,-0.66066,-1.32134,-0.22681,-0.89997,-1.47865,-0.30002,-1.09799,-1.58513,-0.35672,-0.31625,-0.84716,-0.21422,-0.65143,-1.21415,-0.31824,-0.90551,-1.35488,-0.38732,-1.10461,-1.43130,-0.43455,-0.34324,-0.66587,-0.29218,-0.62938,-0.89472,-0.38115,-0.82621,-0.99946,-0.42393,-0.98830,-1.07351,-0.45592
none,0.00000,0.00000,0.00000,-0.34733,-0.08856,-0.00969,-0.60242,-0.29797,-0.04502,-0.78890,-0.44890,-0.09784,-0.96077,-0.54750,-0.15735,-0.58185,-0.77816,-0.01025,-0.87252,-0.92709,-0.11669,-1.08241,-0.99991,-0.21272,-1.26129,-1.05714,-0.27966,-0.50277,-0.86442,-0.08248,-0.73375,-1.23861,-0.17190,-0.92813,-1.41259,-0.24263,-1.09768,-1.52104,-0.29080,-0.40337,-0.85123,-0.16655,-0.60271,-1.21678,-0.25338,-0.78087,-1.38621,-0.30297,-0.93976,-1.50064,-0.33700,-0.30096,-0.74195,-0.25414,-0.41645,-0.98718,-0.32333,-0.52789,-1.12309,-0.34228,-0.64519,-1.22373,-0.35538
none,0.00000,0.00000,0.00000,-0.31896,-0.06694,-0.04216,-0.59550,-0.28169,-0.08040,-0.80023,-0.43182,-0.12955,-0.99510,-0.52379,-0.18490,-0.62750,-0.73587,-0.03340,-0.91481,-0.94233,-0.13596,-1.11658,-1.04577,-0.22415,-1.29355,-1.13900,-0.28867,-0.54775,-0.83664,-0.09220,-0.81098,-1.16326,-0.19044,-1.02151,-1.32246,-0.27606,-1.21110,-1.44551,-0.33738,-0.42712,-0.85943,-0.16433,-0.63143,-1.26097,-0.26501,-0.80920,-1.46960,-0.33983,-0.97884,-1.63395,-0.39240,-0.27747,-0.80866,-0.24049,-0.38085,-1.13691,-0.32900,-0.49427,-1.33997,-0.37487,-0.61701,-1.50890,-0.40882
none,0.00000,0.00000,0.00000,-0.28756,-0.03324,-0.04877,-0.56901,-0.22025,-0.07902,-0.75721,-0.38416,-0.11693,-0.93421,-0.49699,-0.15757,-0.64101,-0.68550,-0.02007,-0.90299,-0.89296,-0.09882,-1.09110,-1.00661,-0.17223,-1.26558,-1.11976,-0.23549,-0.56079,-0.82796,-0.07318,-0.84137,-1.04358,-0.17359,-1.05877,-1.10543,-0.25526,-1.24500,-1.14668,-0.31155,-0.42567,-0.90105,-0.14077,-0.63307,-1.28491,-0.25766,-0.81426,-1.49559,-0.33538,-0.98542,-1.66706,-0.38836,-0.25446,-0.90066,-0.21117,-0.31747,-1.25052,-0.32142,-0.40181,-1.48561,-0.37713,-0.49937,-1.69387,-0.41662
none,0.00000,0.00000,0.00000,-0.27081,-0.03926,-0.04456,-0.54311,-0.23304,-0.07199,-0.72112,-0.39968,-0.10962,-0.87731,-0.54139,-0.15024,-0.64173,-0.68469,-0.00088,-0.89715,-0.88557,-0.07729,-1.09435,-0.98754,-0.15287,-1.27139,-1.08872,-0.21727,-0.56724,-0.82356,-0.05688,-0.86224,-1.02753,-0.16248,-1.08665,-1.07624,-0.25185,-1.27230,-1.11331,-0.30927,-0.43157,-0.90391,-0.12761,-0.65559,-1.27551,-0.24768,-0.83863,-1.48604,-0.33007,-1.00663,-1.66343,-0.38291,-0.25616,-0.91629,-0.20086,-0.32501,-1.26781,-0.30996,-0.40220,-1.51248,-0.36402,-0.49036,-1.73477,-0.40054
none,0.00000,0.00000,0.00000,-0.28495,-0.04066,-0.01283,-0.51882,-0.24604,-0.03896,-0.66200,-0.39619,-0.08249,-0.78023,-0.50848,-0.13198,-0.63745,-0.71492,-0.00614,-0.90467,-0.92039,-0.07873,-1.11125,-0.99580,-0.14355,-1.28111,-1.08392,-0.20014,-0.57794,-0.81608,-0.08118,-0.90563,-1.01759,-0.19327,-1.14984,-1.06243,-0.27993,-1.35036,-1.10399,-0.33350,-0.45251,-0.87275,-0.16657,-0.69264,-1.23255,-0.29402,-0.88200,-1.44806,-0.38245,-1.05168,-1.63337,-0.43844,-0.28832,-0.87565,-0.25047,-0.35211,-1.23737,-0.36384,-0.43810,-1.47953,-0.42297,-0.54102,-1.69918,-0.46364
none,0.00000,0.00000,0.00000,-0.31037,-0.13860,0.01597,-0.55536,-0.46344,0.00402,-0.72129,-0.74235,-0.01675,-0.87328,-0.93718,-0.04007,-0.62655,-0.78068,-0.05155,-0.95075,-1.09274,-0.13847,-1.19523,-1.24930,-0.20350,-1.38409,-1.36011,-0.25130,-0.60437,-0.79670,-0.11489,-0.97665,-1.05614,-0.21301,-1.27496,-1.16710,-0.27657,-1.51694,-1.22349,-0.32017,-0.54180,-0.76346,-0.18067,-0.85141,-1.11554,-0.28250,-1.09701,-1.28734,-0.34418,-1.30539,-1.41233,-0.38943,-0.45066,-0.69013,-0.24142,-0.57351,-0.95143,-0.35060,-0.69868,-1.13546,-0.40705,-0.83096,-1.29689,-0.44455
none,0.00000,0.00000,0.00000,-0.24636,-0.27839,0.07362,-0.47601,-0.54471,0.03410,-0.67072,-0.69672,-0.02806,-0.85055,-0.75847,-0.10342,-0.55187,-0.86693,-0.09559,-0.99800,-1.09307,-0.20290,-1.27811,-1.21969,-0.27481,-1.51009,-1.32850,-0.32313,-0.54945,-0.83553,-0.20344,-1.03772,-1.08355,-0.30777,-1.34809,-1.21488,-0.37180,-1.59626,-1.32569,-0.42220,-0.56695,-0.68652,-0.29938,-1.03184,-0.97126,-0.37522,-1.32306,-1.13497,-0.40814,-1.53834,-1.27990,-0.43947,-0.61274,-0.45456,-0.38611,-0.93272,-0.68980,-0.44248,-1.13094,-0.85022,-0.44968,-1.29235,-0.99966,-0.45832
none,0.00000,0.00000,0.00000,-0.18566,-0.40243,0.20726,-0.39747,-0.73987,0.23719,-0.54897,-0.98543,0.22962,-0.65034,-1.17466,0.19463,-0.54186,-0.96737,-0.08977,-0.96554,-1.27281,-0.18682,-1.22906,-1.42966,-0.22880,-1.43763,-1.54686,-0.25699,-0.53152,-0.84705,-0.26116,-1.05071,-1.14901,-0.37387,-1.38979,-1.29164,-0.42115,-1.65315,-1.38451,-0.45988,-0.53153,-0.62176,-0.40527,-1.03759,-0.92013,-0.50773,-1.36015,-1.06307,-0.56961,-1.60418,-1.16667,-0.62144,-0.54423,-0.32134,-0.52074,-0.91997,-0.47126,-0.64611,-1.15496,-0.57001,-0.71357,-1.35424,-0.65948,-0.76106
none,0.00000,0.00000,0.00000,-0.16085,-0.42709,0.11859,-0.35951,-0.78883,0.10285,-0.49845,-1.07013,0.06194,-0.54799,-1.32040,-0.00147,-0.51116,-0.98831,-0.14249,-0.91613,-1.36606,-0.25795,-1.14839,-1.57472,-0.31012,-1.32561,-1.74594,-0.34033,-0.54077,-0.84117,-0.27267,-1.05930,-1.21429,-0.38503,-1.38764,-1.37091,-0.43453,-1.63541,-1.47846,-0.46772,-0.57005,-0.58431,-0.38191,-1.09057,-0.88091,-0.49248,-1.42203,-1.00240,-0.54813,-1.66974,-1.09033,-0.58485,-0.60010,-0.25488,-0.47005,-1.02019,-0.35933,-0.59481,-1.27287,-0.41431,-0.64280,-1.48970,-0.47423,-0.66626
none,0.00000,0.00000,0.00000,-0.00690,-0.52060,0.05283,-0.13784,-0.95587,-0.00500,-0.27684,-1.36226,-0.07010,-0.27142,-1.71450,-0.15547,-0.38842,-1.06904,-0.26800,-0.75929,-1.58087,-0.40346,-0.97656,-1.88658,-0.44791,-1.13740,-2.12456,-0.47101,-0.50800,-0.86136,-0.35855,-0.99096,-1.32048,-0.51573,-1.31443,-1.54798,-0.57398,-1.56316,-1.71286,-0.60686,-0.60407,-0.56846,-0.42356,-1.10758,-0.84562,-0.56167,-1.43676,-0.97976,-0.60842,-1.67994,-1.08252,-0.63062,-0.67029,-0.22133,-0.47019,-1.10760,-0.33936,-0.59178,-1.34954,-0.40273,-0.62777,-1.55771,-0.48480,-0.63927
none,0.00000,0.00000,0.00000,0.04083,-0.53881,0.00630,-0.08225,-0.99992,-0.06846,-0.22627,-1.41307,-0.14170,-0.22946,-1.75955,-0.23252,-0.35116,-1.08982,-0.32097,-0.72446,-1.63222,-0.47066,-0.93413,-1.96831,-0.52592,-1.08800,-2.23404,-0.55491,-0.53087,-0.84745,-0.38759,-1.00474,-1.32194,-0.55610,-1.32678,-1.57690,-0.61956,-1.57329,-1.75866,-0.65305,-0.65815,-0.54609,-0.43091,-1.14517,-0.82739,-0.57292,-1.45561,-0.98639,-0.61790,-1.67896,-1.10464,-0.63690,-0.72538,-0.22185,-0.46084,-1.13736,-0.37873,-0.58172,-1.37403,-0.45481,-0.61394,-1.56781,-0.53994,-0.61995
none,0.00000,0.00000,0.00000,0.04976,-0.57110,0.00395,-0.04006,-1.06430,-0.07925,-0.15897,-1.50437,-0.15309,-0.15229,-1.87199,-0.24465,-0.34146,-1.11676,-0.35729,-0.68250,-1.71905,-0.51400,-0.88692,-2.08123,-0.56986,-1.03187,-2.35323,-0.59077,-0.52706,-0.84983,-0.40810,-1.03047,-1.35720,-0.57027,-1.35174,-1.62036,-0.61705,-1.59028,-1.79432,-0.63526,-0.66342,-0.54000,-0.43152,-1.16446,-0.85052,-0.55064,-1.47088,-1.03423,-0.56764,-1.68408,-1.16232,-0.56648,-0.73986,-0.21660,-0.44150,-1.13649,-0.45169,-0.52078,-1.33852,-0.58505,-0.51454,-1.49372,-0.71223,-0.49337
none,0.00000,0.00000,0.00000,0.08133,-0.56591,-0.03487,0.00428,-1.07531,-0.12232,-0.11090,-1.52230,-0.19323,-0.10641,-1.89140,-0.28191,-0.31435,-1.13859,-0.36795,-0.63204,-1.75040,-0.51586,-0.82388,-2.11674,-0.57553,-0.97015,-2.38790,-0.60314,-0.51165,-0.85919,-0.39439,-0.99218,-1.32966,-0.53932,-1.30978,-1.58447,-0.59338,-1.55632,-1.74962,-0.62414,-0.65707,-0.54581,-0.39751,-1.14191,-0.84277,-0.51156,-1.44017,-1.02344,-0.55017,-1.65611,-1.13916,-0.56959,-0.74205,-0.23854,-0.38990,-1.09027,-0.49658,-0.47421,-1.26539,-0.64521,-0.48662,-1.39968,-0.78198,-0.48246
none,0.00000,0.00000,0.00000,0.09038,-0.61394,-0.03162,0.03287,-1.15111,-0.12460,-0.08387,-1.63330,-0.18460,-0.07417,-2.01940,-0.25983,-0.26885,-1.17681,-0.45499,-0.61394,-1.83826,-0.60038,-0.82314,-2.22193,-0.65175,-0.98318,-2.51087,-0.66956,-0.50343,-0.86404,-0.44864,-1.05290,-1.34860,-0.60061,-1.37809,-1.61440,-0.64295,-1.62076,-1.78415,-0.66377,-0.67946,-0.55004,-0.40404,-1.21166,-0.86777,-0.52114,-1.50707,-1.08161,-0.55012,-1.70621,-1.18435,-0.56019,-0.78220,-0.27875,-0.34174,-1.05749,-0.61393,-0.38701,-1.06527,-0.76874,-0.35459,-1.03071,-0.85914,-0.32169
none,0.00000,0.00000,0.00000,0.09992,-0.65149,-0.03569,0.03598,-1.22466,-0.13262,-0.09156,-1.74191,-0.19082,-0.09631,-2.15720,-0.26633,-0.25141,-1.20505,-0.50449,-0.63673,-1.89713,-0.65607,-0.87150,-2.29463,-0.70695,-1.05062,-2.59731,-0.72635,-0.49896,-0.86662,-0.49961,-1.11377,-1.37101,-0.66920,-1.46343,-1.64001,-0.72414,-1.71997,-1.81827,-0.75561,-0.68277,-0.53760,-0.44947,-1.26628,-0.89195,-0.59060,-1.56340,-1.11859,-0.63242,-1.76495,-1.22340,-0.65146,-0.79789,-0.25256,-0.37855,-1.05111,-0.57655,-0.45588,-1.00146,-0.70601,-0.43059,-0.91966,-0.77136,-0.39860
none,0.00000,0.00000,0.00000,0.10248,-0.67830,-0.05165,0.03524,-1.28895,-0.16080,-0.11034,-1.81942,-0.22545,-0.11605,-2.24425,-0.30689,-0.23614,-1.22072,-0.57430,-0.63168,-1.92764,-0.76014,-0.87998,-2.34289,-0.83491,-1.07278,-2.66359,-0.86904,-0.49917,-0.86650,-0.55799,-1.15047,-1.38658,-0.73924,-1.52624,-1.66829,-0.79641,-1.80616,-1.84879,-0.83449,-0.69521,-0.54695,-0.49520,-1.30287,-0.91351,-0.63186,-1.60193,-1.14268,-0.66488,-1.80524,-1.24561,-0.68226,-0.82112,-0.28150,-0.41417,-1.08938,-0.61427,-0.48489,-1.06925,-0.74886,-0.46174,-1.01446,-0.82831,-0.43503
none,0.00000,0.00000,0.00000,0.10236,-0.70489,-0.08571,0.00684,-1.33452,-0.20985,-0.17665,-1.87202,-0.28279,-0.19188,-2.31319,-0.37258,-0.25573,-1.23551,-0.62306,-0.67806,-1.95274,-0.81475,-0.94065,-2.36930,-0.89172,-1.14478,-2.69030,-0.92690,-0.52411,-0.85165,-0.59060,-1.21354,-1.37420,-0.78060,-1.62039,-1.66424,-0.84309,-1.92046,-1.84739,-0.88500,-0.72193,-0.51093,-0.51092,-1.35665,-0.89438,-0.66068,-1.66215,-1.11540,-0.69922,-1.86007,-1.20167,-0.71792,-0.85065,-0.23331,-0.41473,-1.10892,-0.59193,-0.50468,-1.05985,-0.71684,-0.48647,-0.96290,-0.77169,-0.45937
none,0.00000,0.00000,0.00000,0.05894,-0.69733,-0.09330,-0.06882,-1.31999,-0.22168,-0.29946,-1.80908,-0.29706,-0.37045,-2.23519,-0.38659,-0.31030,-1.20837,-0.61922,-0.72983,-1.86762,-0.81979,-0.98839,-2.26524,-0.90858,-1.18808,-2.57860,-0.95423,-0.55709,-0.83045,-0.57948,-1.24304,-1.28149,-0.77241,-1.64579,-1.51693,-0.83382,-1.94389,-1.65999,-0.87889,-0.72883,-0.48680,-0.49498,-1.36699,-0.79493,-0.62231,-1.67834,-0.96650,-0.63047,-1.87097,-1.02536,-0.63487,-0.83064,-0.19590,-0.39863,-1.13492,-0.52890,-0.46261,-1.15457,-0.67845,-0.43333,-1.12083,-0.77158,-0.40486
none,0.00000,0.00000,0.00000,-0.03011,-0.63247,-0.03202,-0.21525,-1.21059,-0.13082,-0.45372,-1.65595,-0.19688,-0.57486,-2.03563,-0.28144,-0.35671,-1.23429,-0.50456,-0.72281,-1.80704,-0.69559,-0.96882,-2.18555,-0.78744,-1.16045,-2.47305,-0.83258,-0.52209,-0.85289,-0.51576,-1.13890,-1.20631,-0.68248,-1.52875,-1.38842,-0.72626,-1.81347,-1.48692,-0.75700,-0.65755,-0.47570,-0.49046,-1.26015,-0.65703,-0.60584,-1.58023,-0.78040,-0.59852,-1.77778,-0.83917,-0.59095,-0.74780,-0.11863,-0.45179,-1.08700,-0.37316,-0.50423,-1.15035,-0.50590,-0.45787,-1.14932,-0.61898,-0.41632
none,0.00000,0.00000,0.00000,-0.11280,-0.59285,0.02941,-0.37309,-1.05173,-0.03703,-0.69078,-1.27635,-0.09283,-0.95449,-1.36193,-0.16742,-0.31613,-1.24026,-0.36689,-0.72272,-1.73507,-0.50466,-0.99970,-1.96706,-0.55362,-1.22872,-2.14222,-0.57683,-0.39207,-0.91994,-0.44470,-0.99566,-1.30642,-0.59366,-1.37052,-1.45978,-0.63693,-1.64107,-1.55553,-0.66227,-0.49444,-0.53650,-0.48978,-1.11540,-0.69032,-0.61091,-1.44621,-0.70774,-0.61501,-1.64763,-0.71788,-0.60746,-0.59242,-0.14685,-0.51763,-1.03407,-0.28829,-0.58827,-1.15466,-0.30603,-0.54748,-1.18711,-0.32116,-0.50573
none,0.00000,0.00000,0.00000,-0.18095,-0.46364,0.02780,-0.42934,-0.84345,-0.05846,-0.72922,-1.01428,-0.14827,-0.97470,-1.07618,-0.24800,-0.37295,-1.11446,-0.28889,-0.81146,-1.52076,-0.45895,-1.11928,-1.65221,-0.53723,-1.37325,-1.70838,-0.57386,-0.37745,-0.92603,-0.38132,-0.82695,-1.39788,-0.54941,-1.15193,-1.54857,-0.60577,-1.41506,-1.61041,-0.63205,-0.43810,-0.62362,-0.45442,-1.01176,-0.73950,-0.60304,-1.35303,-0.69508,-0.61375,-1.58948,-0.66079,-0.60219,-0.54116,-0.25782,-0.51357,-0.98277,-0.32859,-0.60119,-1.19309,-0.33497,-0.57981,-1.34577,-0.36051,-0.55336
none,0.00000,0.00000,0.00000,-0.19804,-0.41782,0.03986,-0.41889,-0.78381,-0.02143,-0.65717,-1.02344,-0.09411,-0.89320,-1.12897,-0.17580,-0.37831,-1.05868,-0.20904,-0.76395,-1.45006,-0.36121,-1.04772,-1.59421,-0.44243,-1.28271,-1.68161,-0.48916,-0.34789,-0.93754,-0.30814,-0.73505,-1.42352,-0.46888,-1.05758,-1.59106,-0.53416,-1.32228,-1.66832,-0.57026,-0.37081,-0.69143,-0.39432,-0.87803,-0.91118,-0.54697,-1.23189,-0.89666,-0.58688,-1.48415,-0.86830,-0.59836,-0.43557,-0.37138,-0.46731,-0.85315,-0.46517,-0.58416,-1.09280,-0.46539,-0.60202,-1.28521,-0.47367,-0.60304
none,0.00000,0.00000,0.00000,-0.42150,-0.17425,0.04563,-0.63155,-0.46729,0.00403,-0.78708,-0.67752,-0.05360,-0.93260,-0.79751,-0.11483,-0.38982,-0.99906,-0.12403,-0.70338,-1.34514,-0.24830,-0.94453,-1.52565,-0.32596,-1.14692,-1.62728,-0.37388,-0.33428,-0.94247,-0.22325,-0.65291,-1.43668,-0.38912,-0.95407,-1.58078,-0.48566,-1.19089,-1.60877,-0.53262,-0.32726,-0.75668,-0.30942,-0.72609,-1.04486,-0.46393,-1.03393,-1.03497,-0.51975,-1.25308,-0.99361,-0.52877,-0.38094,-0.48511,-0.38306,-0.75431,-0.59555,-0.48525,-0.97850,-0.58783,-0.49933,-1.15018,-0.57840,-0.49141
none,0.00000,0.00000,0.00000,-0.39291,-0.11961,0.00621,-0.63960,-0.33645,-0.06099,-0.85467,-0.44901,-0.14504,-1.06883,-0.51312,-0.23559,-0.41664,-0.95114,-0.11763,-0.73675,-1.25145,-0.24116,-0.95823,-1.38782,-0.32912,-1.14501,-1.46414,-0.38885,-0.34187,-0.93975,-0.20806,-0.65100,-1.38682,-0.34676,-0.91243,-1.48500,-0.43607,-1.12572,-1.48629,-0.49041,-0.30862,-0.80066,-0.29639,-0.70419,-1.07584,-0.43908,-1.00482,-1.05349,-0.51061,-1.22971,-0.98730,-0.54541,-0.33522,-0.55740,-0.37813,-0.67747,-0.66371,-0.48904,-0.88706,-0.62596,-0.52441,-1.05688,-0.57289,-0.54167
none,0.00000,0.00000,0.00000,-0.38114,-0.05670,-0.02699,-0.64397,-0.21796,-0.09751,-0.85059,-0.28621,-0.18707,-1.05215,-0.30882,-0.27823,-0.48751,-0.89825,-0.05625,-0.73432,-1.17539,-0.19060,-0.94628,-1.23341,-0.29847,-1.11688,-1.22147,-0.36625,-0.39899,-0.91695,-0.13019,-0.70342,-1.24158,-0.27141,-0.96394,-1.14682,-0.35224,-1.13219,-0.99532,-0.39301,-0.33439,-0.82359,-0.21770,-0.67628,-1.06324,-0.35280,-0.93989,-0.91944,-0.40392,-1.10144,-0.75255,-0.41934,-0.31412,-0.62615,-0.30806,-0.61800,-0.74196,-0.40626,-0.81474,-0.65221,-0.43282,-0.94642,-0.53639,-0.43937
none,0.00000,0.00000,0.00000,-0.34780,-0.06929,0.00822,-0.60113,-0.21833,-0.04679,-0.80098,-0.29731,-0.13005,-0.96750,-0.36079,-0.21011,-0.45802,-0.89835,-0.01011,-0.67473,-1.16869,-0.13197,-0.88988,-1.17415,-0.21890,-1.03783,-1.09888,-0.26539,-0.38180,-0.92424,-0.09407,-0.64034,-1.31137,-0.21863,-0.89822,-1.24163,-0.28143,-1.06404,-1.11234,-0.30555,-0.32557,-0.85234,-0.18913,-0.64980,-1.09315,-0.31563,-0.85594,-0.87784,-0.35042,-0.95115,-0.66294,-0.34836,-0.31370,-0.67976,-0.28351,-0.62065,-0.74556,-0.37118,-0.78075,-0.59692,-0.38663,-0.86001,-0.45565,-0.38190
none,0.00000,0.00000,0.00000,-0.31813,-0.08111,-0.00803,-0.54783,-0.24026,-0.06665,-0.74085,-0.32897,-0.15725,-0.91009,-0.44664,-0.24010,-0.45469,-0.87589,0.02884,-0.66530,-1.12399,-0.11410,-0.85130,-1.11046,-0.21666,-0.95797,-1.00979,-0.26598,-0.37625,-0.92652,-0.05106,-0.62020,-1.30296,-0.20413,-0.84337,-1.20814,-0.28252,-0.95478,-1.03861,-0.30332,-0.31484,-0.88471,-0.14835,-0.63807,-1.10133,-0.29536,-0.78412,-0.82638,-0.31533,-0.80092,-0.58226,-0.28812,-0.28792,-0.74818,-0.24838,-0.58815,-0.80967,-0.33918,-0.68741,-0.61692,-0.33587,-0.68234,-0.44900,-0.30852
none,0.00000,0.00000,0.00000,-0.31727,-0.07582,-0.01279,-0.54668,-0.26271,-0.06478,-0.72162,-0.39215,-0.14908,-0.87026,-0.55378,-0.22367,-0.47875,-0.86145,0.03740,-0.65084,-1.16038,-0.11611,-0.80702,-1.06477,-0.22528,-0.86185,-0.90032,-0.27752,-0.39753,-0.91759,-0.04403,-0.61310,-1.31253,-0.20501,-0.80219,-1.12279,-0.27964,-0.84546,-0.89144,-0.29249,-0.31332,-0.89562,-0.14618,-0.58750,-1.13138,-0.29656,-0.72083,-0.83767,-0.31128,-0.70790,-0.60769,-0.28034,-0.24215,-0.78869,-0.25220,-0.52514,-0.88192,-0.34513,-0.61541,-0.65851,-0.33356,-0.57669,-0.47851,-0.29926
none,0.00000,0.00000,0.00000,-0.31164,-0.08589,-0.00740,-0.54376,-0.28727,-0.05469,-0.71980,-0.43956,-0.13742,-0.88241,-0.59943,-0.21172,-0.49358,-0.84172,0.04984,-0.68406,-1.14673,-0.10476,-0.83897,-1.01615,-0.21001,-0.87006,-0.83641,-0.25784,-0.40941,-0.91235,-0.03490,-0.61557,-1.35557,-0.19385,-0.79585,-1.13577,-0.26339,-0.81889,-0.90485,-0.27073,-0.31674,-0.91069,-0.14056,-0.57586,-1.20861,-0.28683,-0.70001,-0.89382,-0.29119,-0.66839,-0.66757,-0.25242,-0.23124,-0.82899,-0.25019,-0.50976,-0.94219,-0.33270,-0.59006,-0.71583,-0.31124,-0.53117,-0.55161,-0.27110
none,0.00000,0.00000,0.00000,-0.36786,-0.10833,0.03689,-0.60650,-0.32085,0.01104,-0.78290,-0.43482,-0.04723,-0.95686,-0.51398,-0.09978,-0.45912,-0.90755,0.05214,-0.72769,-1.05450,-0.07273,-0.86562,-0.86505,-0.15503,-0.87782,-0.68589,-0.19247,-0.38940,-0.92107,-0.03464,-0.72986,-1.10911,-0.16354,-0.84970,-0.81724,-0.19717,-0.80712,-0.61622,-0.18732,-0.33503,-0.84479,-0.13305,-0.69148,-0.88923,-0.24044,-0.75146,-0.59194,-0.20223,-0.67226,-0.44990,-0.14510,-0.30915,-0.67643,-0.23240,-0.61527,-0.68150,-0.28042,-0.65386,-0.48200,-0.22685,-0.57056,-0.38891,-0.16829
none,0.00000,0.00000,0.00000,-0.43333,-0.13114,0.05705,-0.62015,-0.38163,0.02615,-0.74176,-0.59489,-0.03415,-0.85119,-0.73538,-0.09529,-0.46168,-0.93356,-0.03329,-0.80712,-1.08419,-0.16724,-0.96772,-0.86189,-0.23720,-0.99176,-0.64965,-0.26163,-0.41358,-0.91047,-0.11836,-0.85515,-1.09314,-0.26505,-0.98208,-0.77418,-0.28670,-0.93801,-0.52887,-0.26601,-0.38579,-0.78613,-0.20508,-0.81195,-0.80648,-0.32499,-0.88237,-0.49914,-0.29082,-0.81284,-0.31033,-0.23449,-0.39069,-0.58177,-0.28823,-0.72166,-0.54198,-0.34563,-0.76195,-0.34505,-0.30632,-0.68946,-0.22378,-0.25725
none,0.00000,0.00000,0.00000,-0.29522,-0.38592,0.17554,-0.49880,-0.65713,0.15710,-0.70899,-0.81254,0.08968,-0.90750,-0.86075,0.00795,-0.46278,-0.99091,-0.05039,-0.88567,-1.23121,-0.17857,-1.10841,-1.06583,-0.22270,-1.20113,-0.85794,-0.22466,-0.44180,-0.89711,-0.20135,-0.96575,-1.10328,-0.31419,-1.15274,-0.80663,-0.30172,-1.15890,-0.55039,-0.27326,-0.44581,-0.70429,-0.33702,-0.95933,-0.75214,-0.40813,-1.06298,-0.45741,-0.34482,-1.01229,-0.25656,-0.29176,-0.46602,-0.44383,-0.45778,-0.88440,-0.39325,-0.48620,-0.94635,-0.22799,-0.42845,-0.88299,-0.12018,-0.37812
none,0.00000,0.00000,0.00000,-0.19103,-0.48811,0.11449,-0.43612,-0.78829,0.08094,-0.70283,-0.91994,0.02226,-0.93965,-0.92864,-0.04807,-0.48905,-1.03120,-0.17336,-0.94753,-1.32488,-0.30033,-1.19969,-1.18312,-0.31950,-1.31667,-0.98649,-0.30469,-0.48195,-0.87620,-0.28626,-1.05732,-1.06948,-0.39228,-1.25361,-0.76975,-0.35230,-1.25274,-0.53215,-0.30974,-0.50057,-0.61647,-0.38218,-1.05978,-0.68349,-0.45339,-1.17037,-0.42159,-0.37646,-1.11027,-0.25250,-0.31879,-0.52440,-0.30035,-0.46422,-0.98424,-0.27428,-0.50407,-1.04645,-0.13065,-0.44284,-0.97468,-0.04953,-0.38963
none,0.00000,0.00000,0.00000,-0.13267,-0.52795,0.10502,-0.38935,-0.85082,0.08163,-0.66111,-0.94979,0.03993,-0.89429,-0.91399,-0.01063,-0.45283,-1.06224,-0.18051,-0.92064,-1.41931,-0.30485,-1.18137,-1.31662,-0.32507,-1.27757,-1.15170,-0.30865,-0.51898,-0.85478,-0.27878,-1.09898,-1.16177,-0.38684,-1.29796,-0.97537,-0.35163,-1.29606,-0.80620,-0.30527,-0.59124,-0.56009,-0.35783,-1.14438,-0.72519,-0.42806,-1.24137,-0.53358,-0.34581,-1.17052,-0.41001,-0.27279,-0.64151,-0.22289,-0.42268,-1.09827,-0.31062,-0.45094,-1.17242,-0.21122,-0.37499,-1.10764,-0.14021,-0.30384
none,0.00000,0.00000,0.00000,-0.06294,-0.54163,0.08500,-0.24739,-1.01451,0.04451,-0.42110,-1.37350,-0.00582,-0.50239,-1.67979,-0.07123,-0.37345,-1.15247,-0.21787,-0.81885,-1.58567,-0.32743,-1.12390,-1.71239,-0.35799,-1.34574,-1.73520,-0.36008,-0.47129,-0.88198,-0.30752,-1.02489,-1.27151,-0.42676,-1.33292,-1.27345,-0.42066,-1.51261,-1.18489,-0.39535,-0.58643,-0.55511,-0.37163,-1.12068,-0.81118,-0.42736,-1.34051,-0.81604,-0.34796,-1.44114,-0.77946,-0.28185,-0.69029,-0.20569,-0.42429,-1.10560,-0.39062,-0.42316,-1.23342,-0.43651,-0.33227,-1.28172,-0.46838,-0.25538
none,0.00000,0.00000,0.00000,0.00622,-0.55077,0.05060,-0.15467,-1.04645,0.00177,-0.35742,-1.43304,-0.05044,-0.44361,-1.77551,-0.11858,-0.35423,-1.15054,-0.23672,-0.80795,-1.62858,-0.34126,-1.10584,-1.81450,-0.36719,-1.33343,-1.90795,-0.37080,-0.48262,-0.87583,-0.30554,-1.03604,-1.28386,-0.41672,-1.35201,-1.32677,-0.40860,-1.54193,-1.28012,-0.38662,-0.60719,-0.54665,-0.35169,-1.12378,-0.81965,-0.40896,-1.36763,-0.85200,-0.33829,-1.49799,-0.84806,-0.28187,-0.70746,-0.20154,-0.38847,-1.10540,-0.40201,-0.39753,-1.24887,-0.47353,-0.32215,-1.31792,-0.53687,-0.25715
none,0.00000,0.00000,0.00000,0.01484,-0.57463,0.03118,-0.14274,-1.10218,-0.03357,-0.33122,-1.52580,-0.09542,-0.39615,-1.89813,-0.17263,-0.33153,-1.18665,-0.28750,-0.81518,-1.67833,-0.40314,-1.11830,-1.88359,-0.43529,-1.35366,-1.99943,-0.44386,-0.46133,-0.88723,-0.35117,-1.03584,-1.32486,-0.48054,-1.37950,-1.40621,-0.48350,-1.60511,-1.39035,-0.47025,-0.59264,-0.53988,-0.39028,-1.13070,-0.85075,-0.46798,-1.37352,-0.88799,-0.40068,-1.50807,-0.88056,-0.34216,-0.69966,-0.18167,-0.42015,-1.10583,-0.47660,-0.45008,-1.25299,-0.59228,-0.37994,-1.33583,-0.68167,-0.31566
none,0.00000,0.00000,0.00000,0.01079,-0.60405,-0.00214,-0.12817,-1.17949,-0.09113,-0.32492,-1.64248,-0.16487,-0.38616,-2.03321,-0.25432,-0.31005,-1.22162,-0.38931,-0.81716,-1.75718,-0.52367,-1.13098,-1.99059,-0.55890,-1.38303,-2.12996,-0.56926,-0.46562,-0.88498,-0.43641,-1.08036,-1.34650,-0.58304,-1.44083,-1.47432,-0.58987,-1.68531,-1.49289,-0.58331,-0.61693,-0.52570,-0.45505,-1.19099,-0.87220,-0.53991,-1.44957,-0.97175,-0.48096,-1.60288,-0.98821,-0.43374,-0.73714,-0.17816,-0.46581,-1.14746,-0.50727,-0.50399,-1.29831,-0.65380,-0.44675,-1.39160,-0.75291,-0.39447
none,0.00000,0.00000,0.00000,0.01983,-0.64450,-0.00962,-0.11636,-1.25575,-0.09983,-0.32050,-1.74450,-0.16863,-0.37731,-2.14116,-0.25521,-0.28371,-1.24730,-0.44589,-0.81153,-1.81391,-0.58673,-1.13254,-2.08241,-0.61814,-1.39379,-2.25400,-0.62537,-0.45959,-0.88813,-0.48427,-1.11046,-1.37075,-0.63263,-1.48173,-1.54298,-0.63633,-1.74002,-1.60334,-0.63100,-0.62661,-0.51904,-0.49054,-1.24657,-0.86659,-0.58454,-1.51108,-1.00295,-0.53399,-1.66876,-1.05031,-0.49315,-0.76222,-0.16974,-0.48726,-1.17559,-0.52276,-0.53759,-1.31098,-0.70390,-0.49111,-1.38760,-0.83666,-0.44701
none,0.00000,0.00000,0.00000,-0.02896,-0.59476,0.01491,-0.17462,-1.13485,-0.06271,-0.33392,-1.57693,-0.13389,-0.38738,-1.94275,-0.22341,-0.31308,-1.19700,-0.34035,-0.75981,-1.67533,-0.47320,-1.04972,-1.91612,-0.52236,-1.29131,-2.08506,-0.54800,-0.43612,-0.89989,-0.40385,-0.99399,-1.29485,-0.54832,-1.34883,-1.42154,-0.57473,-1.59692,-1.47843,-0.58855,-0.56166,-0.55940,-0.44129,-1.09327,-0.83259,-0.53448,-1.38547,-0.92186,-0.50500,-1.57295,-0.96393,-0.48285,-0.66721,-0.21334,-0.46963,-1.06729,-0.45412,-0.52372,-1.25813,-0.55898,-0.48998,-1.40149,-0.65005,-0.45814
none,0.00000,0.00000,0.00000,-0.16411,-0.44762,0.06979,-0.40518,-0.81578,0.01450,-0.65373,-1.01832,-0.05469,-0.88696,-1.08856,-0.14009,-0.36289,-1.09307,-0.22661,-0.76883,-1.50020,-0.38016,-1.04808,-1.68836,-0.46216,-1.28040,-1.80369,-0.51148,-0.35015,-0.93669,-0.34819,-0.77249,-1.41889,-0.51370,-1.10224,-1.58147,-0.58606,-1.36565,-1.64552,-0.62913,-0.38358,-0.66052,-0.45068,-0.89549,-0.92888,-0.60333,-1.24567,-0.98473,-0.65403,-1.49298,-1.00702,-0.67757,-0.46029,-0.31447,-0.53535,-0.90415,-0.45357,-0.66428,-1.15921,-0.50325,-0.69288,-1.35601,-0.55982,-0.70200
none,0.00000,0.00000,0.00000,-0.16806,-0.41399,0.11404,-0.36352,-0.78248,0.09878,-0.54952,-1.04484,0.06008,-0.72571,-1.17089,0.00191,-0.35233,-1.05086,-0.14998,-0.72820,-1.43535,-0.28091,-0.98772,-1.61122,-0.35567,-1.19650,-1.73124,-0.40321,-0.34265,-0.93946,-0.28282,-0.75480,-1.40349,-0.40500,-1.05148,-1.59229,-0.46847,-1.28192,-1.69774,-0.51548,-0.35915,-0.71576,-0.39746,-0.79489,-1.05882,-0.52247,-1.09761,-1.17525,-0.59333,-1.31449,-1.24922,-0.64267,-0.40170,-0.42347,-0.49164,-0.76024,-0.56246,-0.60609,-0.96382,-0.59168,-0.64484,-1.12072,-0.61539,-0.66923
none,0.00000,0.00000,0.00000,-0.19743,-0.28734,0.11158,-0.38449,-0.64692,0.10929,-0.52425,-0.92353,0.07631,-0.66098,-1.09708,0.03325,-0.31553,-0.98056,-0.03535,-0.60463,-1.37724,-0.12308,-0.82957,-1.56542,-0.17992,-1.02302,-1.69112,-0.21543,-0.32817,-0.94462,-0.15142,-0.68013,-1.38914,-0.23332,-0.94154,-1.58220,-0.27202,-1.15950,-1.71032,-0.30211,-0.38129,-0.82230,-0.25880,-0.78165,-1.18347,-0.33743,-1.06476,-1.30568,-0.37375,-1.27837,-1.37379,-0.39803,-0.48527,-0.63110,-0.35356,-0.82807,-0.88700,-0.41382,-1.05434,-1.00153,-0.43359,-1.23701,-1.07847,-0.44789
none,0.00000,0.00000,0.00000,-0.28382,-0.12939,0.00244,-0.46848,-0.40611,-0.00523,-0.54092,-0.62716,-0.03355,-0.60970,-0.75679,-0.06845,-0.49962,-0.82149,0.03805,-0.74459,-0.97090,-0.04923,-0.94186,-1.02661,-0.13793,-1.10324,-1.05810,-0.20071,-0.40195,-0.91566,-0.03683,-0.58321,-1.26019,-0.10054,-0.77183,-1.43129,-0.17061,-0.93327,-1.53565,-0.22414,-0.28397,-0.89220,-0.12534,-0.43250,-1.26671,-0.20076,-0.61902,-1.42216,-0.26501,-0.77427,-1.51116,-0.31181,-0.17258,-0.76665,-0.21680,-0.31040,-0.98900,-0.29142,-0.45377,-1.11126,-0.32430,-0.58241,-1.19445,-0.34702
none,0.00000,0.00000,0.00000,-0.27702,-0.10571,-0.02148,-0.51083,-0.38347,-0.04920,-0.65037,-0.59436,-0.09537,-0.80432,-0.74966,-0.14851,-0.49682,-0.83787,-0.00817,-0.74732,-0.99256,-0.12201,-0.94469,-1.03152,-0.23003,-1.11367,-1.05150,-0.30443,-0.40068,-0.91622,-0.07690,-0.61351,-1.27532,-0.17598,-0.79703,-1.44028,-0.26772,-0.96298,-1.55664,-0.33112,-0.26374,-0.90233,-0.15947,-0.44518,-1.26700,-0.26086,-0.61765,-1.44225,-0.33502,-0.77587,-1.57013,-0.38298,-0.10517,-0.81021,-0.24625,-0.20645,-1.11985,-0.33580,-0.34227,-1.29602,-0.38146,-0.48314,-1.42257,-0.41179
none,0.00000,0.00000,0.00000,-0.28000,-0.07669,-0.04242,-0.52992,-0.33115,-0.06483,-0.67639,-0.54955,-0.09798,-0.81870,-0.71586,-0.13396,-0.52994,-0.77561,-0.00859,-0.78445,-0.95902,-0.10020,-0.96662,-1.06301,-0.18551,-1.12496,-1.15960,-0.24829,-0.43004,-0.90281,-0.05818,-0.66006,-1.20145,-0.14422,-0.85353,-1.36287,-0.22173,-1.02230,-1.48680,-0.27509,-0.29108,-0.94258,-0.12226,-0.48018,-1.29720,-0.21007,-0.64140,-1.47990,-0.26970,-0.78626,-1.62513,-0.30827,-0.12708,-0.90742,-0.19301,-0.21547,-1.21102,-0.27179,-0.33239,-1.40245,-0.31032,-0.45093,-1.55356,-0.33440
none,0.00000,0.00000,0.00000,-0.28963,-0.06998,-0.04979,-0.54790,-0.32832,-0.07303,-0.69727,-0.56105,-0.10423,-0.84275,-0.73639,-0.13808,-0.55574,-0.75927,-0.03132,-0.81871,-0.98824,-0.12037,-1.00460,-1.12124,-0.20005,-1.16599,-1.24463,-0.26123,-0.45511,-0.89044,-0.07765,-0.70834,-1.19802,-0.16860,-0.91021,-1.35230,-0.24921,-1.08815,-1.47204,-0.30546,-0.31442,-0.94498,-0.13650,-0.51986,-1.31974,-0.23132,-0.69406,-1.50438,-0.29912,-0.85330,-1.64388,-0.34364,-0.14425,-0.93575,-0.20105,-0.23959,-1.25674,-0.28856,-0.35581,-1.45698,-0.33534,-0.47431,-1.61609,-0.36556
none,0.00000,0.00000,0.00000,-0.28605,-0.06831,-0.03140,-0.54253,-0.32628,-0.03857,-0.67996,-0.56499,-0.05588,-0.81285,-0.73179,-0.07494,-0.54972,-0.76775,0.00179,-0.79509,-0.99006,-0.06541,-0.97497,-1.11769,-0.12970,-1.13279,-1.23132,-0.18264,-0.46055,-0.88764,-0.04722,-0.73283,-1.16264,-0.11951,-0.93282,-1.30259,-0.19061,-1.10673,-1.41389,-0.24181,-0.32393,-0.94274,-0.10785,-0.54068,-1.30647,-0.19635,-0.71057,-1.49807,-0.26509,-0.86993,-1.64771,-0.31114,-0.15104,-0.93970,-0.17199,-0.22470,-1.27318,-0.25666,-0.32134,-1.48815,-0.30538,-0.42926,-1.66361,-0.33840
none,0.00000,0.00000,0.00000,-0.28052,-0.06038,-0.02479,-0.53537,-0.32457,-0.02633,-0.66487,-0.56942,-0.03873,-0.78814,-0.73246,-0.05334,-0.54056,-0.76979,0.01668,-0.76506,-0.98312,-0.04538,-0.93933,-1.10035,-0.10852,-1.09573,-1.20368,-0.16090,-0.45052,-0.89276,-0.03592,-0.71482,-1.15211,-0.10863,-0.91890,-1.27811,-0.18158,-1.09580,-1.37758,-0.23251,-0.31371,-0.95358,-0.10009,-0.52054,-1.31420,-0.19069,-0.68741,-1.51064,-0.26079,-0.84162,-1.66981,-0.30650,-0.14427,-0.95676,-0.16696,-0.21159,-1.29819,-0.25047,-0.28974,-1.52784,-0.29650,-0.37701,-1.72594,-0.32755
none,0.00000,0.00000,0.00000,-0.27755,-0.07609,-0.01990,-0.52050,-0.35071,-0.01964,-0.64099,-0.59852,-0.03074,-0.75525,-0.77476,-0.04472,-0.53122,-0.77788,0.01802,-0.75266,-0.99696,-0.04073,-0.92405,-1.11673,-0.10064,-1.07632,-1.21842,-0.15034,-0.43894,-0.89852,-0.03596,-0.70041,-1.16384,-0.10609,-0.90742,-1.29220,-0.17646,-1.08715,-1.39038,-0.22561,-0.30004,-0.95784,-0.10104,-0.51084,-1.32218,-0.19129,-0.67783,-1.51735,-0.26178,-0.82793,-1.67401,-0.30770,-0.13202,-0.95944,-0.16804,-0.19640,-1.31169,-0.25278,-0.26318,-1.55092,-0.30023,-0.33669,-1.76031,-0.33229
none,0.00000,0.00000,0.00000,-0.26227,-0.13563,-0.02227,-0.45831,-0.43393,-0.03516,-0.54099,-0.68158,-0.06071,-0.61065,-0.88056,-0.08993,-0.49894,-0.84611,-0.00149,-0.68913,-1.11932,-0.07196,-0.84478,-1.25736,-0.13758,-0.98732,-1.37466,-0.18953,-0.40545,-0.91412,-0.06152,-0.62959,-1.22155,-0.15182,-0.82833,-1.35680,-0.23433,-1.00543,-1.45436,-0.28678,-0.26784,-0.91708,-0.13175,-0.42335,-1.30714,-0.23696,-0.57799,-1.52146,-0.32064,-0.72682,-1.69141,-0.37245,-0.10585,-0.86159,-0.20277,-0.12531,-1.21317,-0.29892,-0.18743,-1.45372,-0.35460,-0.26416,-1.66129,-0.39087
none,0.00000,0.00000,0.00000,-0.27795,-0.15403,0.00620,-0.42161,-0.47096,-0.00287,-0.48453,-0.71629,-0.03168,-0.55031,-0.91577,-0.06219,-0.47926,-0.86168,0.03691,-0.64649,-1.23118,-0.03033,-0.79547,-1.43054,-0.09442,-0.93059,-1.57680,-0.14090,-0.42285,-0.90620,-0.02866,-0.65439,-1.26849,-0.10577,-0.86144,-1.45726,-0.17340,-1.05442,-1.59770,-0.21557,-0.33917,-0.90250,-0.10220,-0.55141,-1.29109,-0.17465,-0.72813,-1.48923,-0.22122,-0.89041,-1.63482,-0.24975,-0.24472,-0.84587,-0.17876,-0.38229,-1.10986,-0.23138,-0.48593,-1.25603,-0.24341,-0.58237,-1.36709,-0.24798
none,0.00000,0.00000,0.00000,-0.28178,-0.23019,0.04509,-0.40902,-0.54443,0.01301,-0.48582,-0.78152,-0.03887,-0.56581,-0.95918,-0.10119,-0.32722,-0.97801,-0.05076,-0.61195,-1.32691,-0.14784,-0.79087,-1.56034,-0.22220,-0.94251,-1.76176,-0.27208,-0.30063,-0.95374,-0.13973,-0.66362,-1.30890,-0.22994,-0.90076,-1.51593,-0.29056,-1.09983,-1.68825,-0.33499,-0.32259,-0.83747,-0.22492,-0.67036,-1.19333,-0.29744,-0.88512,-1.40385,-0.32754,-1.05429,-1.58866,-0.35089,-0.39242,-0.65093,-0.30686,-0.62291,-0.92801,-0.36030,-0.74970,-1.09934,-0.36592,-0.86136,-1.25917,-0.36933
none,0.00000,0.00000,0.00000,-0.12966,-0.44317,0.09990,-0.30380,-0.85364,0.08624,-0.43025,-1.17927,0.05240,-0.48204,-1.43274,-0.00191,-0.34009,-1.05495,-0.17921,-0.62013,-1.54614,-0.30838,-0.77652,-1.85682,-0.37669,-0.89180,-2.11033,-0.41971,-0.35258,-0.93578,-0.30498,-0.71191,-1.42348,-0.43308,-0.96485,-1.69662,-0.50749,-1.16258,-1.88081,-0.56132,-0.37695,-0.69963,-0.40796,-0.74681,-1.08005,-0.53377,-1.01681,-1.30957,-0.62126,-1.21795,-1.48964,-0.68498,-0.42265,-0.38325,-0.49006,-0.73147,-0.50396,-0.61983,-0.91236,-0.58454,-0.68050,-1.05802,-0.66302,-0.71840
none,0.00000,0.00000,0.00000,-0.10121,-0.47355,0.07150,-0.27460,-0.95795,0.02382,-0.38133,-1.34975,-0.03824,-0.39255,-1.68223,-0.12126,-0.30436,-1.10257,-0.25181,-0.57343,-1.65199,-0.39988,-0.72375,-1.99253,-0.47508,-0.83573,-2.27685,-0.52663,-0.35434,-0.93512,-0.37273,-0.70043,-1.46712,-0.53285,-0.96632,-1.73438,-0.61515,-1.18315,-1.92022,-0.67623,-0.42325,-0.65836,-0.46999,-0.83742,-1.05935,-0.62026,-1.12104,-1.27918,-0.69625,-1.33831,-1.45702,-0.75176,-0.50285,-0.31365,-0.54732,-0.87906,-0.48269,-0.69503,-1.10598,-0.57895,-0.75198,-1.30220,-0.69684,-0.78801
none,0.00000,0.00000,0.00000,-0.11772,-0.54519,0.04792,-0.32552,-1.05820,-0.02676,-0.47970,-1.50115,-0.10922,-0.51009,-1.87837,-0.21386,-0.32620,-1.14901,-0.34363,-0.63349,-1.73647,-0.52894,-0.79405,-2.10112,-0.62777,-0.91210,-2.40193,-0.68959,-0.37730,-0.92609,-0.44897,-0.82101,-1.42341,-0.61968,-1.12956,-1.69899,-0.69356,-1.36726,-1.89199,-0.75751,-0.45763,-0.61000,-0.52964,-0.97097,-0.94477,-0.68103,-1.28893,-1.09538,-0.72703,-1.50854,-1.20120,-0.76432,-0.54360,-0.23915,-0.59316,-0.98477,-0.40196,-0.72687,-1.22896,-0.50022,-0.76311,-1.41802,-0.59950,-0.78726
none,0.00000,0.00000,0.00000,-0.10023,-0.62200,0.03937,-0.30183,-1.20137,-0.03835,-0.47293,-1.68304,-0.12222,-0.58079,-2.07207,-0.23241,-0.33801,-1.21136,-0.37943,-0.68950,-1.75137,-0.54592,-0.91094,-2.05795,-0.61934,-1.08541,-2.30000,-0.66509,-0.42081,-0.90715,-0.47784,-0.87561,-1.28545,-0.64626,-1.16573,-1.51849,-0.70874,-1.37803,-1.69029,-0.76560,-0.52685,-0.54642,-0.54889,-1.07180,-0.72083,-0.68886,-1.39666,-0.83017,-0.72423,-1.61809,-0.90581,-0.75815,-0.63031,-0.17469,-0.60488,-1.08091,-0.27928,-0.71969,-1.34849,-0.37738,-0.75472,-1.56292,-0.48400,-0.78141
none,0.00000,0.00000,0.00000,-0.02567,-0.54381,-0.24726,-0.23816,-1.20498,-0.34164,-0.48074,-1.74984,-0.36410,-0.64585,-2.16310,-0.37944,-0.37516,-1.11220,-0.38419,-0.79353,-1.56644,-0.45482,-1.00899,-1.81717,-0.48273,-1.15165,-2.00179,-0.49758,-0.57243,-0.81995,-0.27304,-1.06358,-1.16727,-0.31979,-1.28259,-1.44385,-0.33211,-1.38628,-1.59500,-0.34598,-0.75075,-0.53728,-0.16900,-1.24852,-0.84048,-0.23736,-1.43787,-1.07867,-0.27258,-1.52520,-1.24421,-0.29253,-0.90121,-0.29768,-0.07407,-1.30656,-0.52819,-0.15474,-1.46710,-0.69931,-0.18904,-1.53834,-0.87837,-0.20554
none,-0.00000,0.00000,0.00000,0.30423,0.10338,-0.29456,0.70655,-0.06065,-0.40797,1.05136,-0.28322,-0.43633,1.27974,-0.49279,-0.43648,0.41547,-0.72468,-0.48863,0.92921,-0.81086,-0.54854,1.13681,-0.63378,-0.51836,1.19156,-0.45856,-0.48393,0.36191,-0.93221,-0.33765,0.86889,-1.01607,-0.38962,1.09890,-0.83213,-0.36619,1.19112,-0.63613,-0.35504,0.34087,-1.04334,-0.18655,0.80109,-1.13802,-0.23356,0.99130,-0.96376,-0.21465,1.06014,-0.77422,-0.20404,0.33648,-1.07202,-0.04919,0.66460,-1.16058,-0.11000,0.82146,-1.02679,-0.11324,0.88534,-0.85752,-0.10362
none,-0.00000,0.00000,0.00000,-0.24784,-0.08904,-0.05733,-0.44009,-0.36686,-0.06566,-0.57064,-0.59014,-0.07924,-0.69645,-0.74314,-0.09432,-0.36163,-0.86942,-0.02009,-0.50355,-1.17897,-0.07478,-0.59221,-1.37030,-0.12669,-0.66146,-1.53240,-0.17076,-0.23896,-0.97103,-0.05192,-0.31700,-1.40031,-0.10606,-0.39875,-1.65122,-0.16650,-0.46448,-1.85867,-0.21557,-0.11256,-0.97976,-0.09750,-0.13868,-1.41575,-0.16773,-0.20178,-1.68770,-0.23590,-0.26496,-1.90934,-0.28459,0.01073,-0.90170,-0.14989,0.06150,-1.27002,-0.23305,0.05870,-1.52045,-0.28912,0.03942,-1.74138,-0.32690
none,-0.00000,0.00000,0.00000,-0.25298,-0.10043,-0.04010,-0.42909,-0.39007,-0.05511,-0.53046,-0.60529,-0.08020,-0.60998,-0.78709,-0.10728,-0.38665,-0.87567,0.00084,-0.53054,-1.21444,-0.07865,-0.62610,-1.43948,-0.15248,-0.70685,-1.62918,-0.20429,-0.29697,-0.95489,-0.04620,-0.40302,-1.39853,-0.11894,-0.49758,-1.70047,-0.19226,-0.57841,-1.94635,-0.24159,-0.20527,-0.94830,-0.10635,-0.28829,-1.38126,-0.18444,-0.37623,-1.65724,-0.24398,-0.45492,-1.88588,-0.27958,-0.11275,-0.86642,-0.17228,-0.15484,-1.18671,-0.24332,-0.21508,-1.40394,-0.27276,-0.27857,-1.58633,-0.28780
none,-0.00000,0.00000,0.00000,-0.32475,-0.17586,-0.02237,-0.52244,-0.52632,-0.03506,-0.64214,-0.77525,-0.06031,-0.75204,-0.98772,-0.08895,-0.51217,-0.85902,-0.02427,-0.67865,-1.24389,-0.12135,-0.81298,-1.52217,-0.20397,-0.92368,-1.75516,-0.26278,-0.46688,-0.88432,-0.07815,-0.63056,-1.29904,-0.17889,-0.77166,-1.59248,-0.26356,-0.89429,-1.85379,-0.32120,-0.42649,-0.86081,-0.14084,-0.57917,-1.27195,-0.23950,-0.70887,-1.55163,-0.29733,-0.81618,-1.78729,-0.33046,-0.40155,-0.80181,-0.20816,-0.52047,-1.12147,-0.28665,-0.62265,-1.34459,-0.31940,-0.71248,-1.52101,-0.33900
none,-0.00000,0.00000,0.00000,-0.22271,-0.30015,0.05660,-0.48244,-0.59465,0.03451,-0.70566,-0.70637,-0.00964,-0.87154,-0.79032,-0.06843,-0.53541,-0.91765,-0.11911,-0.81459,-1.39385,-0.23710,-0.99268,-1.70929,-0.31019,-1.12275,-1.94399,-0.35873,-0.53755,-0.84323,-0.23327,-0.90426,-1.30833,-0.34541,-1.14904,-1.60160,-0.43191,-1.33668,-1.82237,-0.49035,-0.53643,-0.65868,-0.33734,-0.90850,-1.04647,-0.45977,-1.16047,-1.28866,-0.56179,-1.35651,-1.47877,-0.63182,-0.54201,-0.38479,-0.42975,-0.84675,-0.50365,-0.54496,-1.03714,-0.57284,-0.59979,-1.19504,-0.62568,-0.63490
none,-0.00000,0.00000,0.00000,-0.20672,-0.38963,0.08698,-0.46568,-0.71068,0.08500,-0.59259,-0.97080,0.06451,-0.60073,-1.22546,0.03294,-0.60797,-0.90854,-0.08171,-0.94170,-1.28673,-0.19612,-1.14308,-1.54507,-0.25691,-1.28980,-1.74572,-0.29281,-0.62992,-0.77666,-0.19964,-1.05860,-1.19559,-0.32881,-1.33959,-1.45813,-0.40749,-1.56200,-1.67406,-0.45348,-0.63834,-0.55837,-0.30573,-1.09561,-0.85407,-0.44846,-1.39897,-1.02701,-0.53996,-1.64422,-1.18788,-0.59064,-0.63327,-0.26686,-0.39489,-0.98716,-0.36116,-0.52156,-1.21122,-0.41301,-0.57627,-1.40772,-0.47483,-0.60551
none,-0.00000,0.00000,0.00000,-0.18751,-0.41047,0.10979,-0.43366,-0.73710,0.13015,-0.56383,-0.99757,0.12918,-0.57189,-1.25368,0.11634,-0.65336,-0.88285,-0.04990,-0.99994,-1.20874,-0.15258,-1.20766,-1.42782,-0.21207,-1.36606,-1.60004,-0.24836,-0.67952,-0.73365,-0.16754,-1.12070,-1.07627,-0.27439,-1.41103,-1.28227,-0.34406,-1.64437,-1.44405,-0.38808,-0.68699,-0.50378,-0.27367,-1.16036,-0.74392,-0.40268,-1.46767,-0.87189,-0.49729,-1.72141,-0.99462,-0.55326,-0.67960,-0.21193,-0.36081,-1.05771,-0.25867,-0.48169,-1.28089,-0.27095,-0.54111,-1.47870,-0.29807,-0.57515
none,-0.00000,0.00000,0.00000,-0.15667,-0.44649,0.12593,-0.40200,-0.78666,0.15278,-0.55413,-1.05530,0.15850,-0.58287,-1.32261,0.15361,-0.66729,-0.89598,-0.04724,-1.06922,-1.19053,-0.12787,-1.31826,-1.35615,-0.16454,-1.50915,-1.46417,-0.18275,-0.71025,-0.70395,-0.15668,-1.21235,-0.94025,-0.22960,-1.52218,-1.03653,-0.25932,-1.75045,-1.08708,-0.27749,-0.72664,-0.43911,-0.25180,-1.23189,-0.56489,-0.32968,-1.53009,-0.58956,-0.36717,-1.76219,-0.61470,-0.38993,-0.71771,-0.13999,-0.33035,-1.11467,-0.16264,-0.39755,-1.32816,-0.15563,-0.41416,-1.51344,-0.16250,-0.42066
none,-0.00000,0.00000,0.00000,-0.13196,-0.47317,0.06831,-0.36962,-0.86410,0.06241,-0.52498,-1.17307,0.04558,-0.55657,-1.45886,0.01928,-0.66054,-0.91568,-0.12543,-1.09662,-1.21963,-0.22470,-1.36713,-1.37353,-0.26744,-1.57072,-1.47362,-0.28660,-0.71272,-0.70145,-0.21036,-1.24333,-0.91736,-0.29691,-1.55780,-0.98440,-0.32041,-1.77709,-1.01108,-0.33120,-0.73635,-0.41429,-0.28447,-1.25114,-0.52044,-0.36691,-1.54967,-0.54410,-0.39665,-1.76999,-0.56272,-0.41205,-0.73544,-0.09496,-0.34725,-1.14574,-0.10502,-0.40749,-1.36716,-0.09938,-0.41596,-1.55120,-0.10173,-0.41695
none,-0.00000,0.00000,0.00000,-0.10454,-0.48124,0.05443,-0.31499,-0.87052,0.04183,-0.45078,-1.20061,0.02118,-0.47974,-1.48794,-0.00853,-0.66000,-0.90879,-0.11864,-1.08353,-1.20094,-0.20269,-1.34608,-1.34750,-0.23734,-1.54686,-1.43805,-0.25181,-0.73362,-0.67956,-0.18687,-1.24116,-0.86486,-0.24813,-1.53818,-0.93578,-0.26134,-1.74566,-0.96585,-0.26877,-0.76493,-0.38815,-0.24561,-1.24189,-0.43283,-0.30373,-1.52424,-0.45740,-0.32558,-1.72832,-0.47918,-0.34079,-0.75944,-0.07367,-0.29474,-1.12486,-0.02721,-0.33142,-1.33386,-0.01244,-0.33159,-1.51095,-0.01471,-0.33026
none,-0.00000,0.00000,0.00000,-0.08764,-0.47828,0.03050,-0.28914,-0.87052,0.00548,-0.41562,-1.22308,-0.02422,-0.44424,-1.52690,-0.06260,-0.68315,-0.88399,-0.11592,-1.11481,-1.16691,-0.18762,-1.37565,-1.30897,-0.21434,-1.57566,-1.39596,-0.22365,-0.76924,-0.63897,-0.16943,-1.27000,-0.77314,-0.21056,-1.55714,-0.81761,-0.21214,-1.75623,-0.83357,-0.21312,-0.79662,-0.33486,-0.21642,-1.25458,-0.34005,-0.26011,-1.53199,-0.35171,-0.27452,-1.72932,-0.37564,-0.28676,-0.77622,-0.02143,-0.25569,-1.12612,0.04561,-0.27750,-1.32928,0.07203,-0.26508,-1.49485,0.06787,-0.25608
none,-0.00000,0.00000,0.00000,-0.05152,-0.52301,-0.00354,-0.24991,-0.94371,-0.04970,-0.37150,-1.33522,-0.09267,-0.39549,-1.65480,-0.14205,-0.68221,-0.90474,-0.15360,-1.13387,-1.20513,-0.23856,-1.40836,-1.36586,-0.27823,-1.61781,-1.45976,-0.29323,-0.78044,-0.62523,-0.18135,-1.29576,-0.72918,-0.21344,-1.57602,-0.76492,-0.20450,-1.76117,-0.78504,-0.20104,-0.80928,-0.30694,-0.20422,-1.25775,-0.32922,-0.22948,-1.51385,-0.33656,-0.22508,-1.67730,-0.36211,-0.22681,-0.78523,-0.00732,-0.22305,-1.12428,0.02331,-0.22565,-1.30826,0.03127,-0.19473,-1.44513,0.00599,-0.17336
none,-0.00000,0.00000,0.00000,-0.02453,-0.55516,-0.02593,-0.20970,-1.00000,-0.08416,-0.31927,-1.41760,-0.13244,-0.33925,-1.74953,-0.18554,-0.65762,-0.92990,-0.18810,-1.11636,-1.25421,-0.28024,-1.39632,-1.42885,-0.32182,-1.61445,-1.53428,-0.33500,-0.77245,-0.63508,-0.19395,-1.29131,-0.76329,-0.22397,-1.56898,-0.81235,-0.20644,-1.75279,-0.84376,-0.19435,-0.81149,-0.31528,-0.19392,-1.23623,-0.36794,-0.20047,-1.48191,-0.40831,-0.18044,-1.63172,-0.46377,-0.17173,-0.78888,-0.03145,-0.19257,-1.10020,-0.04702,-0.17409,-1.26739,-0.06892,-0.12777,-1.38239,-0.12009,-0.09422
none,-0.00000,0.00000,0.00000,0.00030,-0.56332,-0.03227,-0.16631,-1.03042,-0.09806,-0.26048,-1.46395,-0.15213,-0.27603,-1.80186,-0.21054,-0.62985,-0.95994,-0.20461,-1.07553,-1.31257,-0.30584,-1.35339,-1.50437,-0.35702,-1.57042,-1.61815,-0.37638,-0.75295,-0.65807,-0.20707,-1.26454,-0.81404,-0.24352,-1.54371,-0.87732,-0.22738,-1.72852,-0.91813,-0.21607,-0.79872,-0.34233,-0.20346,-1.22307,-0.44783,-0.21401,-1.45929,-0.51732,-0.19134,-1.59625,-0.59646,-0.17910,-0.78471,-0.06472,-0.19855,-1.10278,-0.12369,-0.18465,-1.26827,-0.16769,-0.13630,-1.37549,-0.23671,-0.09886
none,-0.00000,0.00000,0.00000,0.02333,-0.56664,-0.03916,-0.13808,-1.04943,-0.10570,-0.22311,-1.49510,-0.15637,-0.22817,-1.83819,-0.20802,-0.58091,-0.99466,-0.21574,-1.03505,-1.35046,-0.32119,-1.31782,-1.55533,-0.36932,-1.53376,-1.67992,-0.38046,-0.72445,-0.68933,-0.20274,-1.22689,-0.86505,-0.23701,-1.50096,-0.94380,-0.20381,-1.67799,-0.99815,-0.17433,-0.79169,-0.37858,-0.18303,-1.19421,-0.52261,-0.18535,-1.41496,-0.62326,-0.13858,-1.53340,-0.71798,-0.10231,-0.79335,-0.11829,-0.16262,-1.09560,-0.24830,-0.12990,-1.23497,-0.31347,-0.05675,-1.31108,-0.37860,0.00376
none,-0.00000,0.00000,0.00000,0.03290,-0.56503,-0.07947,-0.10938,-1.05098,-0.16675,-0.17942,-1.49787,-0.22318,-0.17672,-1.83662,-0.27472,-0.55793,-0.97296,-0.28172,-1.00907,-1.34488,-0.41054,-1.28489,-1.55582,-0.46418,-1.49156,-1.68079,-0.46343,-0.72277,-0.69109,-0.21620,-1.17807,-0.85335,-0.24576,-1.41414,-0.94411,-0.17409,-1.55825,-1.00133,-0.10544,-0.79288,-0.41453,-0.14510,-1.14780,-0.60836,-0.16249,-1.37633,-0.74944,-0.09565,-1.50578,-0.84682,-0.02655,-0.79657,-0.20255,-0.07080,-1.05641,-0.42705,-0.03521,-1.19287,-0.55842,0.06147,-1.27438,-0.65725,0.15058
none,-0.00000,0.00000,0.00000,0.03758,-0.55692,-0.08386,-0.10706,-1.03193,-0.17020,-0.17883,-1.47848,-0.22091,-0.17454,-1.83215,-0.26515,-0.57821,-0.95403,-0.28505,-1.01601,-1.32547,-0.40278,-1.28304,-1.52938,-0.44924,-1.48506,-1.64440,-0.44006,-0.73457,-0.67853,-0.19308,-1.16907,-0.83164,-0.20826,-1.39486,-0.93239,-0.12403,-1.53273,-0.99103,-0.04498,-0.78858,-0.40510,-0.09261,-1.11683,-0.60198,-0.09532,-1.33287,-0.76056,-0.02290,-1.45496,-0.86558,0.05178,-0.77790,-0.20775,0.01320,-0.99357,-0.43427,0.07281,-1.10875,-0.57577,0.17994,-1.17687,-0.67671,0.27534
none,-0.00000,0.00000,0.00000,0.04101,-0.55160,-0.09667,-0.10057,-1.03154,-0.18736,-0.16792,-1.48086,-0.23950,-0.16473,-1.83061,-0.28741,-0.56926,-0.95835,-0.29812,-1.00006,-1.33794,-0.41699,-1.26583,-1.53638,-0.47027,-1.46804,-1.65380,-0.46872,-0.72649,-0.68717,-0.20230,-1.14766,-0.85882,-0.21596,-1.37267,-0.96048,-0.14149,-1.51501,-1.02292,-0.07417,-0.78319,-0.43049,-0.09935,-1.10298,-0.64724,-0.10284,-1.31820,-0.80369,-0.04666,-1.44690,-0.90997,0.01233,-0.78188,-0.25070,0.00802,-1.00603,-0.48423,0.05789,-1.13436,-0.62218,0.14778,-1.21921,-0.72277,0.22775
none,-0.00000,0.00000,0.00000,0.06219,-0.56308,-0.11275,-0.07813,-1.04637,-0.20998,-0.14977,-1.50295,-0.26839,-0.14577,-1.85611,-0.32514,-0.56615,-0.97893,-0.31329,-1.00648,-1.36666,-0.43364,-1.27478,-1.57201,-0.49200,-1.48008,-1.69360,-0.50053,-0.73038,-0.68304,-0.22644,-1.16625,-0.88942,-0.25554,-1.39076,-1.01080,-0.20044,-1.53792,-1.09917,-0.14928,-0.79368,-0.41593,-0.13237,-1.12130,-0.65146,-0.13328,-1.31086,-0.82693,-0.07189,-1.41180,-0.95345,-0.01604,-0.78817,-0.23575,-0.03912,-1.00672,-0.49495,0.00393,-1.11136,-0.64125,0.09298,-1.17041,-0.74131,0.17107
none,-0.00000,0.00000,0.00000,0.06000,-0.55240,-0.11160,-0.07912,-1.03027,-0.21294,-0.16053,-1.48711,-0.28412,-0.16135,-1.83743,-0.35599,-0.54242,-1.00601,-0.28871,-0.97068,-1.38649,-0.41648,-1.24634,-1.59197,-0.49146,-1.46058,-1.70965,-0.52159,-0.70277,-0.71142,-0.23606,-1.15527,-0.94579,-0.28607,-1.39730,-1.07102,-0.27095,-1.57461,-1.16850,-0.25652,-0.77356,-0.43479,-0.17915,-1.13029,-0.67812,-0.19550,-1.31699,-0.84347,-0.15444,-1.42171,-0.95916,-0.12199,-0.77813,-0.22771,-0.12717,-1.02443,-0.49616,-0.11295,-1.13412,-0.63831,-0.04676,-1.19733,-0.73141,0.01017
none,-0.00000,0.00000,0.00000,0.02898,-0.54176,-0.07185,-0.10880,-1.02672,-0.16922,-0.19712,-1.47305,-0.25037,-0.20523,-1.81658,-0.33541,-0.52496,-1.02118,-0.28847,-0.96810,-1.43258,-0.44201,-1.25439,-1.66007,-0.52531,-1.47928,-1.80057,-0.55880,-0.67349,-0.73920,-0.28265,-1.16916,-1.03496,-0.36782,-1.46131,-1.19224,-0.36936,-1.67307,-1.30398,-0.36397,-0.74954,-0.44230,-0.27145,-1.13814,-0.69378,-0.32469,-1.35933,-0.84475,-0.30201,-1.49075,-0.95023,-0.27723,-0.77032,-0.17378,-0.26196,-1.06325,-0.41078,-0.27257,-1.18518,-0.54212,-0.21826,-1.24560,-0.63973,-0.16894
none,-0.00000,0.00000,0.00000,0.02060,-0.55056,-0.05308,-0.09672,-1.05003,-0.14764,-0.19627,-1.48392,-0.22909,-0.22395,-1.83717,-0.31955,-0.45332,-1.07371,-0.32743,-0.91495,-1.55038,-0.48193,-1.20577,-1.80389,-0.54935,-1.43855,-1.96355,-0.57659,-0.61463,-0.78882,-0.35840,-1.14974,-1.16504,-0.47394,-1.48503,-1.35657,-0.50380,-1.73237,-1.46398,-0.51975,-0.70981,-0.47503,-0.37843,-1.16189,-0.76422,-0.46577,-1.43820,-0.92576,-0.48076,-1.63340,-1.03133,-0.48873,-0.74855,-0.17971,-0.39506,-1.07133,-0.37122,-0.45152,-1.27200,-0.46992,-0.43810,-1.43460,-0.55245,-0.42137
none,-0.00000,0.00000,0.00000,-0.01132,-0.51396,-0.02529,-0.13658,-0.97258,-0.10139,-0.23137,-1.35256,-0.17179,-0.27438,-1.67096,-0.25141,-0.41088,-1.08137,-0.28093,-0.79914,-1.54125,-0.43231,-1.05985,-1.80036,-0.50954,-1.27465,-1.97757,-0.54964,-0.54956,-0.83546,-0.33569,-1.03951,-1.21150,-0.44982,-1.35632,-1.39601,-0.49784,-1.59675,-1.51266,-0.53204,-0.64145,-0.53772,-0.37982,-1.11337,-0.82170,-0.47562,-1.39096,-0.96307,-0.50661,-1.58863,-1.06078,-0.52751,-0.68982,-0.23207,-0.41883,-1.04182,-0.40671,-0.48995,-1.25195,-0.50753,-0.49376,-1.42639,-0.59291,-0.49052
none,0.00000,0.00000,0.00000,0.10335,-0.37286,-0.18542,0.28596,-0.77434,-0.19267,0.51355,-1.02087,-0.16371,0.70840,-1.17260,-0.11207,0.18840,-1.09199,0.01524,0.40059,-1.49515,0.00989,0.58878,-1.70576,-0.01024,0.74781,-1.82765,-0.01983,0.29093,-0.95675,0.11542,0.57577,-1.22303,0.13103,0.79667,-1.34059,0.08806,0.97929,-1.39755,0.05668,0.36095,-0.78160,0.18881,0.64548,-0.95332,0.16778,0.79639,-0.97996,0.09279,0.89419,-0.98599,0.04553,0.39232,-0.61432,0.24810,0.57075,-0.72666,0.21962,0.64508,-0.71328,0.18214,0.68806,-0.68531,0.16375
none,-0.00000,0.00000,0.00000,-0.23957,-0.20461,-0.00241,-0.35038,-0.51998,-0.01595,-0.42165,-0.73152,-0.05102,-0.50893,-0.90728,-0.08743,-0.29599,-0.93084,0.05201,-0.42358,-1.29017,-0.03308,-0.54259,-1.51257,-0.11150,-0.64718,-1.68380,-0.16439,-0.23864,-0.97111,-0.01863,-0.35616,-1.39795,-0.09494,-0.48503,-1.64921,-0.16664,-0.60217,-1.84058,-0.21460,-0.16977,-0.95990,-0.10450,-0.26791,-1.38617,-0.18457,-0.39114,-1.61949,-0.23654,-0.50769,-1.79392,-0.26762,-0.09798,-0.89558,-0.19440,-0.14530,-1.20850,-0.25944,-0.22033,-1.39554,-0.28197,-0.29596,-1.53874,-0.29439
none,-0.00000,0.00000,0.00000,-0.25192,-0.17296,-0.01001,-0.38987,-0.48516,-0.01378,-0.49083,-0.69928,-0.03864,-0.59345,-0.83531,-0.06559,-0.28047,-0.89989,0.07214,-0.41698,-1.17966,0.00568,-0.50884,-1.31268,-0.06420,-0.58674,-1.42719,-0.11477,-0.17948,-0.98376,0.00764,-0.27143,-1.39722,-0.05323,-0.37078,-1.65257,-0.11877,-0.46220,-1.87380,-0.16477,-0.07409,-0.98777,-0.07498,-0.13074,-1.41516,-0.15019,-0.23155,-1.67750,-0.21216,-0.33443,-1.89756,-0.25104,0.03303,-0.92096,-0.16155,0.05012,-1.25647,-0.22439,0.00598,-1.46861,-0.24972,-0.05949,-1.64539,-0.26724
none,-0.00000,0.00000,0.00000,-0.29385,-0.08931,-0.08767,-0.50922,-0.35266,-0.11652,-0.66616,-0.61384,-0.14164,-0.80912,-0.78699,-0.16732,-0.39526,-0.84345,-0.04091,-0.55891,-1.15160,-0.11330,-0.66818,-1.35019,-0.18187,-0.75536,-1.52585,-0.22952,-0.24293,-0.97004,-0.04785,-0.34656,-1.37853,-0.09959,-0.42891,-1.61854,-0.15111,-0.49776,-1.81250,-0.19047,-0.08899,-1.00812,-0.07126,-0.14980,-1.41855,-0.12672,-0.23190,-1.66283,-0.16875,-0.31648,-1.85832,-0.19943,0.07603,-0.97249,-0.10496,0.09564,-1.30657,-0.15528,0.07864,-1.52507,-0.17436,0.04536,-1.71841,-0.18693
none,-0.00000,0.00000,0.00000,-0.30133,-0.06802,-0.09532,-0.53739,-0.33344,-0.10969,-0.71504,-0.59056,-0.11950,-0.85710,-0.76737,-0.12602,-0.44966,-0.83087,0.00760,-0.63966,-1.12332,-0.03662,-0.75096,-1.31488,-0.09059,-0.83880,-1.48341,-0.13044,-0.29998,-0.95395,0.01160,-0.43233,-1.31523,-0.01599,-0.52385,-1.53960,-0.06386,-0.59913,-1.72225,-0.10153,-0.14142,-0.99657,-0.00424,-0.23322,-1.34250,-0.04386,-0.31800,-1.54643,-0.08818,-0.40012,-1.70595,-0.12093,0.03239,-0.97710,-0.03242,0.03759,-1.26325,-0.07666,0.02694,-1.45516,-0.09877,0.00167,-1.63011,-0.11268
none,-0.00000,0.00000,0.00000,-0.29183,-0.06246,-0.09127,-0.52914,-0.31570,-0.11209,-0.70183,-0.55252,-0.12835,-0.84826,-0.71276,-0.14058,-0.44547,-0.83300,-0.00906,-0.64162,-1.11600,-0.06101,-0.76292,-1.30884,-0.11743,-0.85952,-1.46967,-0.15884,-0.30466,-0.95246,-0.01062,-0.43584,-1.32431,-0.04859,-0.53549,-1.56171,-0.09752,-0.61782,-1.75035,-0.13344,-0.15192,-0.99102,-0.02996,-0.25058,-1.36503,-0.07990,-0.33224,-1.58252,-0.12477,-0.40876,-1.75169,-0.15469,0.01379,-0.95870,-0.05987,0.02254,-1.25648,-0.11738,0.01750,-1.45468,-0.14337,0.00260,-1.63133,-0.15562
none,-0.00000,0.00000,0.00000,-0.28949,-0.05360,-0.10531,-0.51560,-0.29895,-0.13826,-0.68361,-0.54096,-0.16371,-0.84152,-0.69850,-0.18479,-0.44798,-0.82425,-0.05164,-0.65721,-1.12968,-0.11334,-0.78088,-1.33834,-0.16831,-0.87462,-1.51334,-0.20765,-0.30170,-0.95340,-0.04779,-0.44339,-1.34225,-0.09375,-0.53857,-1.58657,-0.13630,-0.61369,-1.78351,-0.16703,-0.14562,-0.99674,-0.06117,-0.22300,-1.38191,-0.11391,-0.28885,-1.61252,-0.15634,-0.35011,-1.79521,-0.18530,0.02047,-0.96223,-0.08614,0.05833,-1.26658,-0.14568,0.07118,-1.46889,-0.17429,0.07110,-1.65142,-0.18872
none,-0.00000,0.00000,0.00000,-0.28219,-0.04589,-0.10498,-0.49883,-0.29441,-0.13954,-0.65814,-0.54208,-0.16685,-0.81243,-0.69544,-0.19007,-0.46412,-0.81726,-0.05729,-0.66311,-1.12004,-0.12365,-0.78036,-1.32718,-0.18071,-0.86776,-1.49971,-0.22215,-0.31693,-0.94845,-0.05615,-0.45301,-1.33345,-0.10792,-0.54532,-1.57327,-0.15225,-0.61771,-1.76713,-0.18357,-0.15616,-0.99091,-0.07207,-0.23645,-1.38257,-0.13310,-0.29618,-1.61765,-0.17855,-0.35184,-1.80246,-0.20837,0.01317,-0.95033,-0.09891,0.05101,-1.25350,-0.16719,0.06453,-1.45291,-0.19991,0.06723,-1.63110,-0.21612
none,-0.00000,0.00000,0.00000,-0.27564,-0.04610,-0.11568,-0.49220,-0.28433,-0.15685,-0.63650,-0.54343,-0.18947,-0.79011,-0.68535,-0.21767,-0.46492,-0.81350,-0.06549,-0.65176,-1.10752,-0.13933,-0.76494,-1.30405,-0.20273,-0.85280,-1.46504,-0.24838,-0.31876,-0.94783,-0.06222,-0.45525,-1.32980,-0.11938,-0.54490,-1.56499,-0.16789,-0.62111,-1.75406,-0.20251,-0.15975,-0.98955,-0.07737,-0.24663,-1.37266,-0.14341,-0.30514,-1.60487,-0.19260,-0.36435,-1.78662,-0.22563,0.01269,-0.94197,-0.10432,0.05737,-1.23160,-0.17563,0.07695,-1.42484,-0.21038,0.08353,-1.59775,-0.22878
none,-0.00000,0.00000,0.00000,-0.27408,-0.06192,-0.10561,-0.47000,-0.29972,-0.14650,-0.59953,-0.54384,-0.18010,-0.74901,-0.67467,-0.21067,-0.44080,-0.83313,-0.07727,-0.62386,-1.13916,-0.15060,-0.73316,-1.34160,-0.21186,-0.81852,-1.50763,-0.25648,-0.29773,-0.95465,-0.08026,-0.44092,-1.33654,-0.13553,-0.52887,-1.57384,-0.18182,-0.60359,-1.76437,-0.21524,-0.13921,-0.97599,-0.09924,-0.22109,-1.36526,-0.16505,-0.27371,-1.60393,-0.21719,-0.32957,-1.79550,-0.25353,0.03655,-0.90348,-0.12829,0.09406,-1.18141,-0.20242,0.12452,-1.37210,-0.24047,0.13972,-1.54260,-0.26155
none,-0.00000,0.00000,0.00000,-0.24512,-0.09668,-0.08987,-0.41563,-0.35573,-0.13311,-0.50863,-0.59571,-0.17502,-0.61787,-0.70834,-0.21952,-0.39165,-0.86091,-0.10155,-0.54320,-1.17763,-0.18864,-0.63386,-1.38347,-0.25791,-0.70246,-1.56462,-0.30945,-0.25127,-0.96792,-0.12799,-0.38047,-1.38450,-0.20148,-0.46490,-1.65542,-0.26094,-0.52871,-1.87985,-0.30440,-0.09797,-0.96577,-0.16734,-0.15054,-1.39749,-0.25077,-0.18312,-1.67507,-0.32186,-0.21653,-1.89853,-0.37153,0.07022,-0.86411,-0.21437,0.16963,-1.17990,-0.30716,0.22611,-1.39598,-0.36035,0.26383,-1.58999,-0.39398
none,-0.00000,0.00000,0.00000,-0.24868,-0.12143,-0.07521,-0.43307,-0.37535,-0.14255,-0.53552,-0.60060,-0.21201,-0.60978,-0.77812,-0.28663,-0.45997,-0.87225,-0.15425,-0.58052,-1.23495,-0.27454,-0.65875,-1.47102,-0.36028,-0.72343,-1.67545,-0.42382,-0.36141,-0.93241,-0.20473,-0.48295,-1.34726,-0.31870,-0.57091,-1.62619,-0.39574,-0.64138,-1.88674,-0.44962,-0.22968,-0.89330,-0.26488,-0.24078,-1.35523,-0.39250,-0.28311,-1.64846,-0.47572,-0.33555,-1.90794,-0.53040,-0.07928,-0.76031,-0.32882,0.07988,-1.10884,-0.46774,0.15242,-1.36407,-0.54108,0.19398,-1.59720,-0.58577
none,-0.00000,0.00000,0.00000,-0.31542,-0.26828,0.03019,-0.47684,-0.62127,0.00262,-0.53443,-0.90299,-0.04765,-0.54736,-1.10248,-0.11680,-0.53681,-0.92609,-0.10158,-0.73532,-1.36017,-0.21010,-0.83958,-1.64465,-0.28271,-0.92120,-1.87261,-0.33952,-0.51259,-0.85863,-0.21449,-0.69926,-1.32628,-0.34066,-0.79929,-1.64558,-0.43738,-0.88703,-1.93476,-0.50666,-0.44313,-0.71851,-0.32249,-0.57996,-1.16448,-0.45893,-0.66860,-1.43398,-0.55456,-0.76442,-1.66780,-0.62407,-0.35358,-0.52147,-0.42171,-0.28546,-0.78331,-0.55182,-0.25883,-0.86155,-0.60093,-0.26456,-0.89254,-0.63459
none,-0.00000,0.00000,0.00000,-0.19208,-0.45730,0.08454,-0.44365,-0.83456,0.05468,-0.58665,-1.13458,0.00802,-0.57952,-1.43309,-0.04914,-0.58698,-0.97255,-0.18074,-0.94888,-1.46043,-0.31816,-1.16076,-1.81349,-0.37897,-1.30534,-2.09693,-0.41106,-0.63119,-0.77563,-0.30971,-1.18067,-1.20888,-0.46701,-1.53606,-1.46868,-0.52639,-1.79594,-1.66277,-0.55190,-0.65513,-0.51047,-0.42019,-1.19475,-0.85143,-0.58879,-1.54038,-1.01441,-0.64997,-1.79913,-1.16825,-0.67016,-0.67455,-0.17582,-0.51078,-1.07544,-0.36087,-0.61738,-1.20608,-0.37689,-0.60595,-1.26540,-0.38883,-0.58571
none,-0.00000,0.00000,0.00000,-0.12218,-0.47085,0.03411,-0.33726,-0.89038,0.00582,-0.46252,-1.21061,-0.02916,-0.44621,-1.49424,-0.07794,-0.59291,-0.95340,-0.17744,-0.94278,-1.39322,-0.30642,-1.15061,-1.69147,-0.37227,-1.29994,-1.93927,-0.41255,-0.66621,-0.74577,-0.27206,-1.17556,-1.09375,-0.40379,-1.49468,-1.31577,-0.47103,-1.74904,-1.49105,-0.51081,-0.69339,-0.46986,-0.35617,-1.20294,-0.72709,-0.49813,-1.52568,-0.87632,-0.57931,-1.78978,-1.00713,-0.62556,-0.68973,-0.14871,-0.42702,-1.06333,-0.23314,-0.55845,-1.29251,-0.28614,-0.60800,-1.50705,-0.35110,-0.63297
none,-0.00000,0.00000,0.00000,-0.08102,-0.45231,0.01405,-0.26430,-0.87558,-0.01332,-0.36483,-1.21499,-0.04674,-0.35144,-1.49642,-0.09061,-0.57418,-0.92858,-0.13552,-0.89919,-1.35506,-0.23677,-1.10639,-1.62159,-0.28884,-1.26442,-1.82094,-0.32139,-0.67464,-0.73815,-0.21062,-1.13819,-1.07358,-0.30701,-1.42817,-1.27309,-0.35830,-1.65103,-1.41875,-0.38965,-0.72352,-0.47478,-0.28064,-1.19723,-0.71558,-0.39087,-1.48572,-0.85796,-0.45995,-1.71242,-0.97546,-0.50183,-0.73221,-0.17131,-0.34224,-1.09152,-0.20779,-0.44710,-1.30885,-0.23819,-0.48940,-1.49978,-0.27803,-0.51141
none,-0.00000,0.00000,0.00000,-0.04737,-0.47148,0.02403,-0.21314,-0.90314,0.00707,-0.31886,-1.24638,-0.01652,-0.30678,-1.52539,-0.05226,-0.53591,-0.94657,-0.11970,-0.86591,-1.35169,-0.20603,-1.07463,-1.59591,-0.24691,-1.23848,-1.77400,-0.27194,-0.65717,-0.75374,-0.18909,-1.10401,-1.07259,-0.26608,-1.38214,-1.26187,-0.30543,-1.58955,-1.39479,-0.33134,-0.72167,-0.49413,-0.25227,-1.15862,-0.71659,-0.34169,-1.43183,-0.86385,-0.40260,-1.63698,-0.98475,-0.44224,-0.73838,-0.20318,-0.30688,-1.08187,-0.25047,-0.39361,-1.28857,-0.29734,-0.43060,-1.46218,-0.35246,-0.45138
none,-0.00000,0.00000,0.00000,-0.02268,-0.49760,0.02036,-0.16285,-0.93237,-0.00585,-0.25813,-1.28671,-0.03729,-0.24968,-1.57508,-0.07788,-0.50542,-0.98558,-0.11861,-0.84798,-1.38094,-0.19738,-1.05661,-1.61098,-0.22728,-1.21679,-1.77316,-0.24102,-0.63630,-0.77144,-0.17801,-1.07715,-1.07388,-0.24519,-1.34242,-1.24572,-0.26533,-1.53459,-1.35970,-0.27531,-0.71028,-0.50380,-0.23199,-1.11380,-0.71913,-0.30259,-1.37072,-0.86151,-0.33738,-1.55643,-0.97809,-0.35830,-0.73674,-0.21379,-0.27890,-1.05964,-0.28703,-0.33566,-1.25473,-0.34928,-0.34765,-1.41286,-0.41674,-0.35085
none,-0.00000,0.00000,0.00000,-0.02271,-0.52661,0.00172,-0.15342,-0.97902,-0.03423,-0.24634,-1.35695,-0.07071,-0.24422,-1.66638,-0.11382,-0.49447,-1.00291,-0.15532,-0.86296,-1.41714,-0.24565,-1.08746,-1.63986,-0.27789,-1.26894,-1.79421,-0.29050,-0.63114,-0.77567,-0.20150,-1.06676,-1.12221,-0.27383,-1.33825,-1.29748,-0.29056,-1.53654,-1.40254,-0.29996,-0.71266,-0.50028,-0.24271,-1.11121,-0.73314,-0.31368,-1.36617,-0.88020,-0.34394,-1.55072,-0.99815,-0.36248,-0.74422,-0.20988,-0.27828,-1.06964,-0.30668,-0.33444,-1.26630,-0.39039,-0.34858,-1.42545,-0.47811,-0.35393
none,-0.00000,0.00000,0.00000,-0.04172,-0.55479,-0.00118,-0.19445,-1.04205,-0.04850,-0.30991,-1.42867,-0.09801,-0.30901,-1.74116,-0.15675,-0.49195,-1.03849,-0.18202,-0.89131,-1.44208,-0.28679,-1.13222,-1.65166,-0.33101,-1.32627,-1.80120,-0.35140,-0.61946,-0.78503,-0.24010,-1.10017,-1.11876,-0.32183,-1.39752,-1.30177,-0.35286,-1.61829,-1.41806,-0.37501,-0.69865,-0.48812,-0.29166,-1.12950,-0.73007,-0.36583,-1.39853,-0.88971,-0.39845,-1.59668,-1.01443,-0.42143,-0.73920,-0.18070,-0.33806,-1.08310,-0.32825,-0.39672,-1.29214,-0.43423,-0.40760,-1.46357,-0.53631,-0.41246
none,-0.00000,0.00000,0.00000,-0.05407,-0.57596,0.00274,-0.23345,-1.08338,-0.04489,-0.39143,-1.45884,-0.09424,-0.44173,-1.77680,-0.14900,-0.48503,-1.06931,-0.19738,-0.92198,-1.44964,-0.30459,-1.18098,-1.63608,-0.34535,-1.38580,-1.76776,-0.36062,-0.60240,-0.79819,-0.25714,-1.11354,-1.12303,-0.34131,-1.42606,-1.29556,-0.36414,-1.65594,-1.40335,-0.37910,-0.68122,-0.48610,-0.30822,-1.13836,-0.74418,-0.37618,-1.41156,-0.90515,-0.39150,-1.60738,-1.03512,-0.40229,-0.73295,-0.16640,-0.35478,-1.09618,-0.34926,-0.40374,-1.30646,-0.48778,-0.40234,-1.46926,-0.62295,-0.39777
none,-0.00000,0.00000,0.00000,-0.09207,-0.59517,-0.00767,-0.29652,-1.10961,-0.05310,-0.46765,-1.47389,-0.10143,-0.52624,-1.78845,-0.14927,-0.47323,-1.09577,-0.14745,-0.88484,-1.44360,-0.25070,-1.15069,-1.60295,-0.30074,-1.36449,-1.70697,-0.32457,-0.57941,-0.81504,-0.20429,-1.06334,-1.09364,-0.28280,-1.36316,-1.22934,-0.30882,-1.58993,-1.31211,-0.32755,-0.65250,-0.49565,-0.25880,-1.10121,-0.73058,-0.32738,-1.37296,-0.86419,-0.34194,-1.56671,-0.97325,-0.35082,-0.70476,-0.16820,-0.31159,-1.06549,-0.35573,-0.35939,-1.26082,-0.49364,-0.35620,-1.40320,-0.63783,-0.35053
none,-0.00000,0.00000,0.00000,-0.13841,-0.61673,0.01808,-0.41662,-1.10713,-0.02569,-0.68974,-1.43460,-0.07619,-0.88124,-1.69407,-0.12587,-0.47971,-1.12753,-0.19552,-0.94606,-1.46377,-0.30727,-1.21274,-1.60831,-0.35353,-1.40565,-1.70959,-0.37330,-0.55200,-0.83385,-0.26650,-1.06106,-1.12508,-0.34925,-1.34167,-1.24639,-0.36106,-1.52801,-1.31385,-0.37072,-0.61188,-0.49602,-0.32748,-1.07604,-0.73425,-0.38659,-1.32661,-0.87508,-0.37470,-1.48985,-0.99483,-0.37228,-0.66130,-0.14748,-0.38494,-1.01691,-0.33715,-0.42558,-1.20297,-0.49378,-0.40541,-1.33113,-0.64652,-0.38904
none,-0.00000,0.00000,0.00000,-0.16428,-0.54833,0.03436,-0.44863,-0.97466,-0.02254,-0.73413,-1.19018,-0.09337,-0.97778,-1.28599,-0.16591,-0.47706,-1.14084,-0.19765,-0.94815,-1.46103,-0.33103,-1.24229,-1.52490,-0.39691,-1.45781,-1.52978,-0.42734,-0.50980,-0.86029,-0.28717,-1.04065,-1.11223,-0.39158,-1.33389,-1.16838,-0.41195,-1.51980,-1.16944,-0.42128,-0.54276,-0.52128,-0.36667,-1.03733,-0.72704,-0.43563,-1.30651,-0.82453,-0.42355,-1.46983,-0.90683,-0.41768,-0.57527,-0.16114,-0.44233,-0.94852,-0.29678,-0.47921,-1.14313,-0.40623,-0.45094,-1.27041,-0.51884,-0.42707
none,-0.00000,0.00000,0.00000,-0.16156,-0.49530,0.04685,-0.43232,-0.88497,-0.01926,-0.70938,-1.07105,-0.10604,-0.95172,-1.13862,-0.19572,-0.46103,-1.09388,-0.20835,-0.89008,-1.48602,-0.36715,-1.18513,-1.49493,-0.45316,-1.39465,-1.41691,-0.49335,-0.48101,-0.87672,-0.31116,-1.02073,-1.18004,-0.42904,-1.30932,-1.17497,-0.45777,-1.47422,-1.09852,-0.47276,-0.50535,-0.58055,-0.40193,-1.04156,-0.79568,-0.47760,-1.28610,-0.79198,-0.44981,-1.40554,-0.76272,-0.43072,-0.53071,-0.24403,-0.48918,-0.92038,-0.37706,-0.52161,-1.10412,-0.42781,-0.47438,-1.20023,-0.46377,-0.43501
none,-0.00000,0.00000,0.00000,-0.24502,-0.41322,0.05841,-0.55865,-0.77884,-0.00743,-0.84620,-0.97215,-0.09964,-1.09292,-1.07469,-0.19114,-0.54515,-1.05217,-0.22379,-1.05420,-1.37294,-0.42250,-1.35281,-1.20686,-0.52494,-1.50498,-0.98558,-0.56612,-0.49530,-0.86872,-0.33746,-1.09250,-1.07769,-0.49290,-1.36543,-0.85717,-0.52202,-1.45704,-0.65419,-0.52927,-0.45877,-0.58766,-0.44036,-1.03280,-0.69894,-0.55654,-1.27012,-0.51267,-0.52370,-1.33821,-0.36856,-0.48915,-0.43782,-0.24931,-0.53717,-0.87210,-0.27494,-0.59977,-1.06289,-0.21355,-0.55902,-1.12796,-0.17089,-0.51839
none,-0.00000,0.00000,0.00000,-0.26153,-0.40368,0.02879,-0.61282,-0.70647,-0.04099,-0.92487,-0.82350,-0.13660,-1.18133,-0.82939,-0.23625,-0.64738,-0.98207,-0.18417,-1.11107,-1.23455,-0.36645,-1.40866,-1.12592,-0.47025,-1.60017,-0.93925,-0.52123,-0.54845,-0.83618,-0.28547,-1.09031,-0.94393,-0.47146,-1.37688,-0.71498,-0.53870,-1.52768,-0.46816,-0.56302,-0.47709,-0.60277,-0.38139,-0.98273,-0.63548,-0.52227,-1.25433,-0.45480,-0.53235,-1.41080,-0.26477,-0.51901,-0.42381,-0.30835,-0.47406,-0.79496,-0.30510,-0.54351,-1.03014,-0.24416,-0.52857,-1.18488,-0.16783,-0.50666
none,0.00000,0.00000,0.00000,-0.33531,0.13425,-0.13228,-0.68317,0.03464,-0.17983,-0.92989,-0.21798,-0.22107,-1.12209,-0.44344,-0.25235,-0.83171,-0.45377,-0.02548,-1.15612,-0.65118,-0.11035,-1.35971,-0.78470,-0.19012,-1.52142,-0.91517,-0.24954,-0.72134,-0.69258,-0.02117,-1.02613,-0.95722,-0.08540,-1.21168,-1.14050,-0.15451,-1.34939,-1.29553,-0.20603,-0.55487,-0.85044,-0.04324,-0.81628,-1.14136,-0.12065,-0.97649,-1.30194,-0.17852,-1.10823,-1.42953,-0.21575,-0.34601,-0.96366,-0.08069,-0.49012,-1.25076,-0.15062,-0.59858,-1.41870,-0.18754,-0.69711,-1.55855,-0.20936
none,0.00000,0.00000,0.00000,-0.31899,0.11910,-0.11868,-0.66764,0.02441,-0.15621,-0.92164,-0.21322,-0.18696,-1.13603,-0.41360,-0.20790,-0.84064,-0.44490,-0.00957,-1.16055,-0.61684,-0.08323,-1.35923,-0.72286,-0.15417,-1.52605,-0.83296,-0.20690,-0.73444,-0.67868,-0.01181,-1.03073,-0.92852,-0.06449,-1.21950,-1.09927,-0.12701,-1.37536,-1.25184,-0.17249,-0.57174,-0.83927,-0.03865,-0.82538,-1.10497,-0.10516,-0.97867,-1.26099,-0.14894,-1.11167,-1.38870,-0.17779,-0.36914,-0.95448,-0.07998,-0.51884,-1.21660,-0.13902,-0.62012,-1.37636,-0.15762,-0.71622,-1.51340,-0.16649
none,0.00000,0.00000,0.00000,-0.33102,0.11761,-0.06874,-0.67193,0.01043,-0.07976,-0.91073,-0.20071,-0.09427,-1.12230,-0.32124,-0.10611,-0.79600,-0.48935,0.02479,-1.10045,-0.64574,-0.03678,-1.28732,-0.73893,-0.09993,-1.44454,-0.83579,-0.14974,-0.69307,-0.72087,-0.00410,-0.98220,-0.97618,-0.05280,-1.16517,-1.13720,-0.11931,-1.31933,-1.28065,-0.16980,-0.54051,-0.88095,-0.05247,-0.78064,-1.15933,-0.11884,-0.93712,-1.32686,-0.17267,-1.08066,-1.46871,-0.21178,-0.34800,-0.98920,-0.11028,-0.47330,-1.27408,-0.17064,-0.56578,-1.45652,-0.19507,-0.66088,-1.61643,-0.21179
none,0.00000,0.00000,0.00000,-0.31169,0.07001,-0.04865,-0.62672,-0.05900,-0.05671,-0.83145,-0.26020,-0.07201,-1.00902,-0.38914,-0.08708,-0.71721,-0.57581,0.02557,-0.98319,-0.75193,-0.03392,-1.14952,-0.84989,-0.09409,-1.28932,-0.93599,-0.13956,-0.61554,-0.78811,-0.01402,-0.87405,-1.09191,-0.06099,-1.04438,-1.26328,-0.12044,-1.18712,-1.39859,-0.16486,-0.47256,-0.92950,-0.07074,-0.68001,-1.24795,-0.13471,-0.83201,-1.42663,-0.18588,-0.97316,-1.57173,-0.22237,-0.29574,-1.01469,-0.13497,-0.39754,-1.33878,-0.19402,-0.48191,-1.54320,-0.21738,-0.57230,-1.71115,-0.23312
none,0.00000,0.00000,0.00000,-0.26709,-0.04264,-0.02412,-0.51220,-0.25685,-0.02879,-0.67550,-0.43675,-0.04838,-0.82440,-0.53498,-0.06924,-0.60617,-0.69622,0.06050,-0.81293,-0.87739,0.00341,-0.95059,-0.96884,-0.05964,-1.06279,-1.04991,-0.10520,-0.52338,-0.85210,0.01193,-0.73937,-1.17261,-0.04057,-0.90818,-1.35323,-0.10520,-1.05222,-1.49645,-0.15007,-0.40007,-0.94346,-0.05232,-0.57720,-1.31652,-0.11820,-0.71986,-1.51880,-0.17664,-0.84831,-1.67485,-0.21436,-0.25066,-0.97310,-0.12193,-0.33642,-1.31515,-0.18033,-0.42992,-1.53528,-0.20992,-0.52828,-1.71366,-0.22874
none,0.00000,0.00000,0.00000,-0.27061,-0.11324,-0.00381,-0.44021,-0.38001,-0.02613,-0.51469,-0.62082,-0.06529,-0.61105,-0.78122,-0.10459,-0.59075,-0.76544,0.01668,-0.79120,-1.07278,-0.05520,-0.93131,-1.25309,-0.12295,-1.04196,-1.40944,-0.17089,-0.53489,-0.84492,-0.04624,-0.75457,-1.20803,-0.11137,-0.91779,-1.44155,-0.17193,-1.05062,-1.63323,-0.21527,-0.44544,-0.87068,-0.11867,-0.62511,-1.25207,-0.17443,-0.76479,-1.47895,-0.21344,-0.88143,-1.65516,-0.24309,-0.32838,-0.84313,-0.19675,-0.43848,-1.13894,-0.23727,-0.53569,-1.32621,-0.24946,-0.62375,-1.47548,-0.25935
none,0.00000,0.00000,0.00000,-0.28332,-0.36394,0.12486,-0.55300,-0.68773,0.12032,-0.81005,-0.88493,0.07665,-1.04364,-1.01241,0.01899,-0.41958,-0.94797,0.00836,-0.76029,-1.33440,-0.07518,-0.99650,-1.57206,-0.13261,-1.19902,-1.75712,-0.17391,-0.41424,-0.91017,-0.12569,-0.79025,-1.34852,-0.20899,-1.04553,-1.59350,-0.25618,-1.25424,-1.77616,-0.29441,-0.44553,-0.79165,-0.25131,-0.79617,-1.21849,-0.30144,-1.03262,-1.45517,-0.31464,-1.21881,-1.63914,-0.33549,-0.51329,-0.61375,-0.36805,-0.75353,-0.90300,-0.40306,-0.91058,-1.09002,-0.40365,-1.04612,-1.23347,-0.41099
none,0.00000,0.00000,0.00000,-0.05875,-0.52861,0.05585,-0.22010,-0.94902,0.00942,-0.38349,-1.31943,-0.05044,-0.39511,-1.64505,-0.13398,-0.48441,-1.01563,-0.22045,-0.87937,-1.50193,-0.34120,-1.08549,-1.80929,-0.39408,-1.23635,-2.05328,-0.42624,-0.60544,-0.79589,-0.31291,-1.09693,-1.19213,-0.44077,-1.41827,-1.43395,-0.49359,-1.65179,-1.60171,-0.53262,-0.69269,-0.50103,-0.38624,-1.18605,-0.80389,-0.50097,-1.49506,-1.00848,-0.55099,-1.71504,-1.15765,-0.58571,-0.74632,-0.16506,-0.44420,-1.18376,-0.33251,-0.56382,-1.43341,-0.41706,-0.60836,-1.63874,-0.49506,-0.62919
none,0.00000,0.00000,0.00000,0.00765,-0.53050,0.03071,-0.12890,-0.95355,-0.02541,-0.29360,-1.32832,-0.08718,-0.32446,-1.67009,-0.16771,-0.44116,-1.02077,-0.24437,-0.79301,-1.51531,-0.37722,-1.01605,-1.82621,-0.43254,-1.17482,-2.06825,-0.46111,-0.60009,-0.79993,-0.31077,-1.06289,-1.20654,-0.44039,-1.36439,-1.43036,-0.48336,-1.57931,-1.58955,-0.50816,-0.70914,-0.51437,-0.35811,-1.16757,-0.82832,-0.46425,-1.45662,-1.01918,-0.49833,-1.66226,-1.16644,-0.51695,-0.76743,-0.18814,-0.39254,-1.15606,-0.34423,-0.49309,-1.38502,-0.44014,-0.52275,-1.57375,-0.53499,-0.52969
none,0.00000,0.00000,0.00000,0.01263,-0.52536,0.05177,-0.10925,-0.93886,0.00952,-0.24817,-1.31231,-0.04137,-0.24908,-1.64172,-0.10999,-0.42141,-1.03735,-0.20344,-0.73413,-1.52219,-0.32316,-0.93703,-1.82723,-0.37207,-1.07739,-2.06283,-0.39691,-0.58101,-0.81390,-0.27413,-1.01472,-1.21193,-0.40376,-1.30642,-1.43192,-0.44898,-1.51571,-1.59106,-0.47320,-0.69112,-0.52825,-0.32474,-1.12380,-0.83423,-0.43078,-1.40052,-1.01822,-0.46321,-1.59679,-1.16392,-0.47706,-0.75162,-0.20069,-0.36068,-1.12707,-0.35787,-0.45408,-1.34189,-0.45030,-0.47788,-1.51911,-0.54923,-0.47988
none,0.00000,0.00000,0.00000,0.01728,-0.52279,0.03565,-0.10067,-0.95850,-0.00997,-0.23229,-1.34069,-0.06070,-0.23498,-1.67234,-0.12823,-0.40193,-1.05127,-0.22353,-0.70516,-1.54861,-0.33961,-0.90955,-1.84884,-0.38186,-1.05881,-2.07178,-0.40354,-0.55949,-0.82884,-0.29172,-1.00880,-1.22974,-0.42143,-1.30976,-1.44281,-0.46170,-1.52539,-1.58756,-0.48291,-0.67384,-0.53782,-0.34163,-1.11379,-0.84317,-0.45575,-1.39265,-1.02363,-0.49192,-1.59223,-1.15496,-0.50675,-0.74306,-0.20310,-0.37754,-1.12454,-0.37640,-0.48271,-1.34998,-0.46922,-0.51392,-1.53536,-0.55586,-0.52041
none,0.00000,0.00000,0.00000,-0.01204,-0.53186,0.03495,-0.13509,-0.97526,-0.02466,-0.26385,-1.36154,-0.09141,-0.27351,-1.70226,-0.17674,-0.40076,-1.06281,-0.24460,-0.73747,-1.57735,-0.37503,-0.95070,-1.89537,-0.42710,-1.10591,-2.13771,-0.45444,-0.55246,-0.83354,-0.32301,-1.02408,-1.25791,-0.46243,-1.33625,-1.49433,-0.51486,-1.56372,-1.66266,-0.54643,-0.66785,-0.53939,-0.38197,-1.13738,-0.84776,-0.50216,-1.44174,-1.03555,-0.54340,-1.66225,-1.17940,-0.56494,-0.74382,-0.20380,-0.42712,-1.13929,-0.37957,-0.53880,-1.37744,-0.47961,-0.57182,-1.57759,-0.58070,-0.58088
none,0.00000,0.00000,0.00000,-0.03831,-0.49092,0.06613,-0.18206,-0.89433,0.02474,-0.32160,-1.25447,-0.03193,-0.36028,-1.56802,-0.10802,-0.41757,-1.03649,-0.18567,-0.75964,-1.52445,-0.29854,-0.96302,-1.81778,-0.33982,-1.10611,-2.05099,-0.36026,-0.52620,-0.85036,-0.27953,-0.99941,-1.25803,-0.40790,-1.30656,-1.48380,-0.45601,-1.52517,-1.64640,-0.48314,-0.60922,-0.57783,-0.35395,-1.09165,-0.87785,-0.46766,-1.39095,-1.04902,-0.50735,-1.60773,-1.18176,-0.52708,-0.66441,-0.24918,-0.41207,-1.06415,-0.41414,-0.51911,-1.29693,-0.50429,-0.54966,-1.49894,-0.59179,-0.55763
none,0.00000,0.00000,0.00000,-0.15611,-0.45153,0.13498,-0.36198,-0.81567,0.14356,-0.52501,-1.08050,0.12404,-0.63761,-1.27004,0.08521,-0.41724,-1.02662,-0.10383,-0.72123,-1.44556,-0.20980,-0.90459,-1.70265,-0.26673,-1.04785,-1.91847,-0.30010,-0.43699,-0.89947,-0.22981,-0.87273,-1.28816,-0.33447,-1.16984,-1.48528,-0.38994,-1.40571,-1.62703,-0.43151,-0.47266,-0.67434,-0.33508,-0.93680,-0.97406,-0.43252,-1.23702,-1.12935,-0.49322,-1.46664,-1.25037,-0.53618,-0.52639,-0.38605,-0.41976,-0.92646,-0.49994,-0.52332,-1.16460,-0.56985,-0.57069,-1.36822,-0.63966,-0.59860
none,0.00000,0.00000,0.00000,-0.28735,-0.23527,0.10152,-0.51445,-0.56577,0.09250,-0.70098,-0.76299,0.05209,-0.87973,-0.89098,-0.00054,-0.42649,-0.93193,-0.02538,-0.74561,-1.28178,-0.11562,-0.99410,-1.49495,-0.18083,-1.19925,-1.65153,-0.22642,-0.42830,-0.90364,-0.14680,-0.80894,-1.30641,-0.22931,-1.07542,-1.52653,-0.27894,-1.28414,-1.67157,-0.31598,-0.46198,-0.78485,-0.25982,-0.83914,-1.14116,-0.32291,-1.10267,-1.34034,-0.34835,-1.30385,-1.48600,-0.37134,-0.53293,-0.59433,-0.36381,-0.82050,-0.83607,-0.41215,-1.00641,-0.98183,-0.41526,-1.15453,-1.09240,-0.41918
none,0.00000,0.00000,0.00000,-0.23468,0.02065,-0.03511,-0.47824,-0.13264,-0.05630,-0.62755,-0.27566,-0.09083,-0.76925,-0.39223,-0.12296,-0.59834,-0.69203,0.06424,-0.77644,-0.86966,-0.00147,-0.89349,-0.92850,-0.08004,-0.98563,-0.97153,-0.13214,-0.51609,-0.85654,0.01954,-0.71789,-1.16255,-0.02442,-0.87664,-1.35800,-0.07897,-1.00645,-1.51989,-0.11899,-0.40602,-0.94645,-0.04699,-0.58422,-1.25674,-0.10081,-0.74354,-1.42817,-0.14901,-0.87451,-1.56606,-0.17884,-0.26793,-0.98040,-0.12266,-0.40808,-1.25885,-0.17109,-0.55320,-1.40536,-0.19246,-0.69181,-1.50663,-0.20322
none,0.00000,0.00000,0.00000,-0.33635,0.14109,-0.10756,-0.69830,0.08231,-0.15620,-0.96708,-0.08033,-0.20340,-1.19085,-0.16478,-0.24729,-0.81974,-0.45582,-0.03678,-1.13823,-0.63800,-0.12782,-1.33399,-0.76238,-0.21512,-1.49758,-0.87974,-0.28114,-0.71885,-0.69517,-0.05502,-1.01729,-0.97265,-0.13185,-1.20358,-1.17004,-0.20752,-1.35050,-1.33651,-0.26530,-0.56689,-0.85789,-0.09613,-0.82578,-1.15440,-0.17657,-0.98847,-1.34933,-0.23796,-1.12410,-1.50645,-0.28110,-0.37111,-0.97342,-0.15086,-0.52014,-1.26969,-0.21873,-0.63637,-1.45456,-0.25347,-0.74263,-1.61122,-0.27810
none,0.00000,0.00000,0.00000,-0.32610,0.15604,-0.10485,-0.69350,0.09327,-0.13746,-0.96142,-0.08449,-0.16682,-1.18771,-0.19324,-0.19286,-0.83192,-0.43979,-0.02974,-1.14662,-0.62727,-0.11481,-1.34216,-0.74325,-0.19272,-1.50930,-0.85977,-0.25201,-0.73234,-0.68093,-0.04798,-1.03452,-0.95290,-0.12065,-1.22818,-1.13210,-0.19580,-1.39381,-1.29065,-0.25168,-0.57928,-0.84725,-0.08844,-0.84789,-1.13772,-0.17391,-1.01347,-1.30864,-0.23354,-1.16398,-1.45158,-0.27364,-0.38300,-0.96632,-0.14103,-0.55111,-1.25460,-0.22040,-0.67416,-1.43422,-0.25631,-0.79522,-1.59152,-0.27898
none,0.00000,0.00000,0.00000,-0.31346,0.13546,-0.07601,-0.65916,0.06235,-0.10023,-0.89975,-0.10707,-0.12556,-1.09357,-0.20417,-0.15146,-0.80057,-0.48137,-0.02905,-1.11035,-0.66501,-0.10833,-1.30597,-0.77346,-0.18132,-1.47121,-0.87925,-0.23708,-0.69824,-0.71586,-0.06364,-0.99921,-1.00092,-0.13270,-1.19668,-1.17887,-0.20767,-1.36687,-1.33088,-0.26382,-0.55082,-0.87520,-0.11542,-0.80124,-1.18834,-0.19660,-0.97412,-1.37492,-0.26015,-1.13546,-1.52630,-0.30513,-0.36615,-0.97721,-0.17603,-0.52013,-1.28401,-0.25141,-0.64198,-1.47764,-0.28630,-0.76739,-1.64230,-0.31003
none,0.00000,0.00000,0.00000,-0.30279,0.04583,-0.05706,-0.59255,-0.08477,-0.08453,-0.78058,-0.26951,-0.11862,-0.92767,-0.39382,-0.15381,-0.73268,-0.57618,-0.02035,-1.01802,-0.77525,-0.09853,-1.19863,-0.88154,-0.16916,-1.35105,-0.98366,-0.22142,-0.63393,-0.77339,-0.06318,-0.91724,-1.07493,-0.13755,-1.11372,-1.24667,-0.21414,-1.28295,-1.38889,-0.26830,-0.49425,-0.90996,-0.12040,-0.73114,-1.25893,-0.20460,-0.90395,-1.44973,-0.27062,-1.05941,-1.59715,-0.31472,-0.32139,-0.99358,-0.18440,-0.44226,-1.34171,-0.26028,-0.55042,-1.56476,-0.29718,-0.66173,-1.74556,-0.32056
none,0.00000,0.00000,0.00000,-0.26894,-0.07622,-0.00875,-0.47789,-0.29510,-0.02056,-0.59005,-0.50244,-0.04820,-0.69231,-0.63466,-0.07517,-0.64944,-0.70313,0.04838,-0.88612,-0.92247,-0.01013,-1.04511,-1.04481,-0.07124,-1.16969,-1.15513,-0.11567,-0.58775,-0.80904,-0.00883,-0.85095,-1.10513,-0.07109,-1.03415,-1.28514,-0.13414,-1.18529,-1.43556,-0.17610,-0.48229,-0.86954,-0.07774,-0.69979,-1.22605,-0.14283,-0.84984,-1.42289,-0.19129,-0.98102,-1.57022,-0.22189,-0.33866,-0.87620,-0.15119,-0.45754,-1.18154,-0.19891,-0.55102,-1.37792,-0.21540,-0.64106,-1.54150,-0.22551
none,0.00000,0.00000,0.00000,-0.29354,-0.28173,0.14000,-0.49342,-0.57435,0.15781,-0.65464,-0.79098,0.13475,-0.80560,-0.93074,0.10100,-0.46493,-0.89532,0.07786,-0.81255,-1.17384,0.01720,-1.05052,-1.34191,-0.03033,-1.25301,-1.48498,-0.06646,-0.46514,-0.88524,-0.05154,-0.87169,-1.20781,-0.12360,-1.12742,-1.38851,-0.16923,-1.33973,-1.54383,-0.20297,-0.49558,-0.77974,-0.17419,-0.87488,-1.10034,-0.22655,-1.11620,-1.28019,-0.24862,-1.30252,-1.43666,-0.27003,-0.55702,-0.59371,-0.28670,-0.82088,-0.80674,-0.31793,-0.98668,-0.94376,-0.31821,-1.12626,-1.06413,-0.32363
none,0.00000,0.00000,0.00000,-0.19026,-0.47738,0.15063,-0.40513,-0.84593,0.14187,-0.51051,-1.16985,0.09850,-0.50859,-1.44997,0.02987,-0.52087,-0.98499,-0.14134,-0.85376,-1.39532,-0.25639,-1.05898,-1.65075,-0.31000,-1.21999,-1.86196,-0.34810,-0.55582,-0.83130,-0.29055,-1.01134,-1.17591,-0.43493,-1.33209,-1.37072,-0.51000,-1.57979,-1.49581,-0.56609,-0.57985,-0.56495,-0.41213,-1.07344,-0.75466,-0.54887,-1.40365,-0.86971,-0.61574,-1.65045,-0.94859,-0.66323,-0.60314,-0.22988,-0.50909,-1.00930,-0.29816,-0.64435,-1.24471,-0.34657,-0.69829,-1.45032,-0.40538,-0.73211
none,0.00000,0.00000,0.00000,-0.04439,-0.49147,0.06079,-0.19793,-0.95291,0.01287,-0.33914,-1.34054,-0.04427,-0.33696,-1.67496,-0.12192,-0.43501,-1.06161,-0.22527,-0.79242,-1.56721,-0.34037,-1.00999,-1.87154,-0.38116,-1.16882,-2.09252,-0.40137,-0.54994,-0.83521,-0.30778,-1.05633,-1.22344,-0.42245,-1.37867,-1.39548,-0.45735,-1.62046,-1.50618,-0.47742,-0.65065,-0.54062,-0.36711,-1.17374,-0.77640,-0.45705,-1.48540,-0.88420,-0.47467,-1.70537,-0.95776,-0.48421,-0.72683,-0.20573,-0.41102,-1.14598,-0.33805,-0.48438,-1.37218,-0.41654,-0.49006,-1.55356,-0.50782,-0.48405
none,0.00000,0.00000,0.00000,-0.01970,-0.52730,0.05192,-0.14903,-1.00116,-0.00366,-0.27465,-1.40336,-0.06362,-0.28009,-1.73808,-0.14373,-0.38843,-1.08623,-0.26951,-0.74128,-1.64417,-0.39517,-0.94711,-1.98040,-0.43944,-1.09545,-2.22445,-0.45765,-0.52785,-0.84934,-0.34380,-1.04680,-1.29600,-0.45569,-1.37219,-1.49733,-0.48235,-1.60999,-1.62336,-0.49623,-0.64202,-0.55235,-0.39273,-1.16180,-0.83963,-0.47253,-1.47142,-0.97732,-0.48091,-1.68562,-1.07671,-0.48597,-0.71800,-0.22489,-0.42695,-1.12797,-0.37206,-0.49115,-1.34213,-0.45531,-0.48596,-1.50601,-0.55058,-0.47135
none,0.00000,0.00000,0.00000,-0.04164,-0.52929,0.04935,-0.17647,-1.03195,-0.01929,-0.30385,-1.45017,-0.09281,-0.30092,-1.80397,-0.19098,-0.36999,-1.10984,-0.30294,-0.71972,-1.70989,-0.44521,-0.92028,-2.07215,-0.49928,-1.06089,-2.33729,-0.52335,-0.49427,-0.86931,-0.38484,-1.03654,-1.32535,-0.51397,-1.37879,-1.54382,-0.54946,-1.63272,-1.68614,-0.57193,-0.60337,-0.56433,-0.44086,-1.14677,-0.86352,-0.53704,-1.47550,-1.01471,-0.55090,-1.71014,-1.12425,-0.56090,-0.68653,-0.22565,-0.48155,-1.11740,-0.40679,-0.56168,-1.34362,-0.50549,-0.56276,-1.52494,-0.61112,-0.55421
none,0.00000,0.00000,0.00000,-0.07125,-0.52415,0.08613,-0.20861,-1.01596,0.03427,-0.32223,-1.42182,-0.02631,-0.32158,-1.76801,-0.10933,-0.35090,-1.13052,-0.28170,-0.67008,-1.71073,-0.42069,-0.86381,-2.05616,-0.47111,-1.00563,-2.31097,-0.49194,-0.44044,-0.89778,-0.37286,-0.96488,-1.34807,-0.51192,-1.30559,-1.54174,-0.54217,-1.56157,-1.66043,-0.55767,-0.54828,-0.60376,-0.43442,-1.09699,-0.88829,-0.53172,-1.41795,-1.00534,-0.52957,-1.64420,-1.08313,-0.52313,-0.64975,-0.27548,-0.47754,-1.09588,-0.45695,-0.53830,-1.31422,-0.52891,-0.51827,-1.47850,-0.60560,-0.49367
none,0.00000,0.00000,0.00000,-0.08211,-0.49517,0.09328,-0.23936,-0.97808,0.05035,-0.36687,-1.37521,-0.00722,-0.38787,-1.71397,-0.08791,-0.30937,-1.12540,-0.25384,-0.61937,-1.67079,-0.38794,-0.79709,-1.99819,-0.43984,-0.93368,-2.25295,-0.46563,-0.37950,-0.92519,-0.35604,-0.88178,-1.35095,-0.48953,-1.20696,-1.50091,-0.52458,-1.44645,-1.59014,-0.54713,-0.48071,-0.64658,-0.43082,-1.00501,-0.92873,-0.53790,-1.32094,-1.01523,-0.54877,-1.54256,-1.06263,-0.55177,-0.59102,-0.33005,-0.48615,-1.02646,-0.53445,-0.56246,-1.25149,-0.59947,-0.55714,-1.42550,-0.65846,-0.54476
none,0.00000,0.00000,0.00000,-0.10284,-0.46783,0.09688,-0.25549,-0.91209,0.06630,-0.39238,-1.25899,0.01665,-0.47194,-1.55241,-0.05297,-0.25663,-1.13740,-0.19955,-0.53813,-1.62918,-0.33427,-0.71196,-1.91735,-0.40206,-0.85412,-2.14742,-0.43955,-0.28558,-0.95835,-0.30600,-0.74910,-1.31861,-0.44120,-1.06016,-1.38655,-0.47686,-1.28042,-1.40507,-0.49788,-0.36858,-0.70107,-0.39113,-0.87939,-0.98745,-0.50931,-1.18632,-1.02181,-0.51280,-1.38394,-1.01954,-0.50447,-0.47873,-0.41411,-0.45847,-0.89070,-0.65102,-0.53422,-1.08648,-0.69897,-0.51616,-1.21613,-0.72365,-0.49252
none,0.00000,0.00000,0.00000,-0.17127,-0.40199,0.11572,-0.26193,-0.76774,0.12479,-0.35624,-1.04519,0.09714,-0.47856,-1.22766,0.06028,-0.12697,-1.06629,0.05006,-0.43138,-1.41945,-0.01035,-0.63926,-1.55054,-0.05075,-0.79586,-1.63873,-0.07560,-0.11881,-0.99292,-0.05272,-0.51741,-1.26584,-0.10846,-0.77700,-1.26867,-0.13397,-0.96813,-1.25972,-0.15386,-0.16112,-0.86565,-0.15147,-0.55440,-1.11524,-0.18924,-0.82110,-1.13871,-0.18541,-1.01744,-1.14072,-0.18819,-0.24818,-0.70662,-0.24284,-0.57208,-0.89209,-0.26777,-0.76487,-0.96073,-0.26120,-0.92045,-1.00864,-0.25638
none,0.00000,0.00000,0.00000,-0.26980,-0.23437,0.10016,-0.33139,-0.54278,0.11783,-0.37671,-0.77343,0.09091,-0.45700,-0.97387,0.06496,-0.20666,-0.95929,0.17444,-0.45494,-1.24341,0.09310,-0.68442,-1.26635,0.00978,-0.84489,-1.21966,-0.03388,-0.17266,-0.98498,0.07624,-0.48302,-1.28978,0.02663,-0.73334,-1.29838,-0.02369,-0.89674,-1.25865,-0.05866,-0.17335,-0.95828,-0.03418,-0.47871,-1.28745,-0.08170,-0.72508,-1.29925,-0.09399,-0.88260,-1.25234,-0.09960,-0.22077,-0.90304,-0.14289,-0.46000,-1.17106,-0.16753,-0.64634,-1.21605,-0.15882,-0.78620,-1.19854,-0.15037
none,0.00000,0.00000,0.00000,-0.27688,-0.17583,0.06627,-0.39749,-0.47848,0.09780,-0.44135,-0.69240,0.09288,-0.50496,-0.86711,0.08572,-0.36002,-0.90236,0.17836,-0.51032,-1.14467,0.12265,-0.66362,-1.21378,0.04454,-0.79838,-1.22434,-0.00868,-0.26704,-0.96369,0.09296,-0.43986,-1.25013,0.03593,-0.62138,-1.29729,-0.04115,-0.77990,-1.28137,-0.09085,-0.16542,-0.95804,-0.00572,-0.29421,-1.29011,-0.06154,-0.47123,-1.36613,-0.11133,-0.62993,-1.36427,-0.14158,-0.05761,-0.89378,-0.10480,-0.13284,-1.15327,-0.14747,-0.25598,-1.26208,-0.17025,-0.38222,-1.30534,-0.18509
none,0.00000,0.00000,0.00000,-0.26119,-0.17247,0.00297,-0.41890,-0.48404,0.01472,-0.49901,-0.72283,0.00842,-0.58593,-0.89969,0.00507,-0.35085,-0.91329,0.10229,-0.50757,-1.16924,0.03484,-0.65337,-1.26229,-0.04034,-0.77109,-1.30817,-0.08685,-0.22807,-0.97365,0.05752,-0.36419,-1.29922,-0.00666,-0.49535,-1.32711,-0.06474,-0.59319,-1.28502,-0.08978,-0.09533,-0.96957,-0.00192,-0.18013,-1.30414,-0.04489,-0.28562,-1.36636,-0.05808,-0.37176,-1.36599,-0.05772,0.04629,-0.89586,-0.06873,0.01857,-1.16713,-0.09612,-0.06851,-1.29001,-0.09776,-0.16187,-1.35404,-0.09127
none,0.00000,0.00000,0.00000,-0.28169,-0.13366,-0.02685,-0.47955,-0.45697,-0.03039,-0.57776,-0.72080,-0.04925,-0.66408,-0.93441,-0.06416,-0.40791,-0.89156,0.06862,-0.57184,-1.18545,0.00376,-0.71270,-1.33768,-0.06405,-0.83588,-1.45330,-0.11077,-0.28166,-0.95951,0.03066,-0.43465,-1.29183,-0.05241,-0.58002,-1.33157,-0.11208,-0.69123,-1.29494,-0.13376,-0.14955,-0.96937,-0.02236,-0.27795,-1.31092,-0.09044,-0.41143,-1.34120,-0.10092,-0.51113,-1.30732,-0.08906,-0.00267,-0.92555,-0.08423,-0.07689,-1.20735,-0.12531,-0.18151,-1.30618,-0.12122,-0.27164,-1.34072,-0.10545
none,0.00000,0.00000,0.00000,-0.30628,-0.12035,-0.04395,-0.51274,-0.45933,-0.03890,-0.61580,-0.75273,-0.04297,-0.72420,-0.97426,-0.04059,-0.41687,-0.89409,0.06719,-0.58916,-1.23592,0.03674,-0.71750,-1.41455,-0.00401,-0.82181,-1.55989,-0.03434,-0.27733,-0.96078,0.04944,-0.43125,-1.31871,0.00455,-0.58234,-1.35553,-0.03238,-0.67555,-1.32309,-0.04326,-0.14500,-0.97010,0.01621,-0.27598,-1.33857,-0.02210,-0.42284,-1.35637,-0.02074,-0.50506,-1.31520,-0.00531,-0.01653,-0.93757,-0.02757,-0.11019,-1.24962,-0.04361,-0.24037,-1.31178,-0.02669,-0.32225,-1.29424,-0.00463
none,-0.00000,0.00000,0.00000,0.34099,-0.11149,-0.05995,0.55165,-0.46430,-0.04767,0.66430,-0.79564,-0.03631,0.76114,-1.04255,-0.01367,0.42479,-0.87972,0.08037,0.60308,-1.29349,0.08115,0.73484,-1.51458,0.06721,0.83796,-1.69078,0.05685,0.27112,-0.96255,0.09467,0.45163,-1.36819,0.08884,0.61922,-1.45950,0.07527,0.73087,-1.48092,0.07770,0.13584,-0.98777,0.09327,0.30198,-1.39263,0.08272,0.45560,-1.42907,0.09828,0.54468,-1.39940,0.12355,0.01736,-0.98433,0.08108,0.13485,-1.31338,0.08857,0.27208,-1.37635,0.11681,0.35460,-1.35894,0.14815
none,0.00000,0.00000,0.00000,-0.30853,-0.26376,0.05397,-0.44206,-0.64220,0.09921,-0.52741,-0.91462,0.10712,-0.61538,-1.14924,0.11257,-0.25025,-0.98628,0.23422,-0.35007,-1.34660,0.22022,-0.46290,-1.52460,0.16575,-0.57221,-1.64920,0.11656,-0.13906,-0.99028,0.15605,-0.23539,-1.41193,0.10850,-0.39930,-1.55473,0.00918,-0.55434,-1.59988,-0.05893,-0.04147,-0.94455,0.06276,-0.12662,-1.35116,0.00228,-0.30622,-1.45236,-0.08722,-0.46345,-1.44081,-0.14328,0.04968,-0.85888,-0.02909,-0.00680,-1.13840,-0.07887,-0.14005,-1.25985,-0.12990,-0.27710,-1.30312,-0.16771
none,0.00000,0.00000,0.00000,-0.20878,-0.29638,0.05370,-0.28634,-0.70285,0.07237,-0.34229,-0.96377,0.05715,-0.42330,-1.17705,0.04120,-0.06543,-1.03230,0.10740,-0.11821,-1.41479,0.05570,-0.22157,-1.62358,-0.00150,-0.32022,-1.78263,-0.04722,0.00611,-0.99998,0.02385,-0.11693,-1.40423,-0.08165,-0.34404,-1.43552,-0.15479,-0.51864,-1.36515,-0.18352,0.05001,-0.91572,-0.06577,-0.06854,-1.28910,-0.14827,-0.31047,-1.32202,-0.18331,-0.48701,-1.27218,-0.18873,0.07435,-0.78470,-0.15524,-0.02014,-1.05607,-0.20525,-0.18415,-1.13439,-0.22119,-0.31848,-1.13539,-0.22272
none,0.00000,0.00000,0.00000,-0.22293,-0.37907,0.01704,-0.29226,-0.79531,-0.00353,-0.33882,-1.07852,-0.04353,-0.40658,-1.31743,-0.08975,0.03234,-1.11624,-0.07267,-0.06015,-1.50515,-0.16906,-0.14863,-1.74958,-0.24101,-0.23979,-1.94311,-0.29322,0.09825,-0.99516,-0.15171,-0.12078,-1.35261,-0.28810,-0.39707,-1.41628,-0.35119,-0.61767,-1.37047,-0.37823,0.10311,-0.80175,-0.23086,-0.14212,-1.09694,-0.34935,-0.40120,-1.16415,-0.38165,-0.59508,-1.14778,-0.38508,0.05008,-0.56892,-0.30903,-0.15577,-0.80742,-0.39816,-0.33838,-0.90208,-0.41955,-0.48152,-0.93211,-0.41969
none,0.00000,0.00000,0.00000,-0.20958,-0.44365,0.03441,-0.25872,-0.86686,0.00969,-0.27618,-1.17551,-0.03477,-0.32699,-1.41700,-0.08979,0.05566,-1.12300,-0.10548,-0.07472,-1.50141,-0.23520,-0.17116,-1.71778,-0.33218,-0.26166,-1.89030,-0.39847,0.09753,-0.99523,-0.19813,-0.16222,-1.35478,-0.35512,-0.43702,-1.46655,-0.43732,-0.66113,-1.49215,-0.48459,0.07777,-0.80433,-0.28879,-0.19409,-1.13663,-0.43644,-0.46921,-1.26409,-0.49677,-0.69060,-1.31383,-0.52392,-0.00241,-0.58000,-0.37328,-0.23416,-0.81869,-0.49448,-0.42887,-0.93631,-0.54014,-0.59150,-1.01284,-0.56048
none,0.00000,0.00000,0.00000,-0.20948,-0.44680,0.03393,-0.24754,-0.85066,0.00582,-0.26260,-1.11943,-0.04554,-0.31260,-1.34226,-0.10564,0.06227,-1.11185,-0.06359,-0.13027,-1.46833,-0.21864,-0.32462,-1.61286,-0.34268,-0.49008,-1.66681,-0.41720,0.09172,-0.99579,-0.16031,-0.14776,-1.40276,-0.31057,-0.39856,-1.53987,-0.41498,-0.59700,-1.59675,-0.48118,0.06972,-0.81878,-0.26116,-0.19045,-1.20038,-0.40631,-0.45729,-1.35522,-0.48626,-0.66077,-1.44193,-0.52952,-0.00554,-0.59645,-0.35618,-0.23728,-0.86314,-0.47805,-0.42398,-0.99096,-0.53052,-0.57025,-1.07576,-0.55879
none,0.00000,0.00000,0.00000,-0.21478,-0.45880,0.23115,-0.29712,-0.82146,0.24180,-0.37809,-1.05248,0.19200,-0.48309,-1.28777,0.11678,-0.07858,-1.10900,-0.05341,-0.23418,-1.50073,-0.23446,-0.44260,-1.68573,-0.35250,-0.63323,-1.77540,-0.42231,-0.04174,-0.99913,-0.27352,-0.22479,-1.45662,-0.47599,-0.47588,-1.66252,-0.57011,-0.67342,-1.76429,-0.62730,-0.05409,-0.81589,-0.47779,-0.25404,-1.22936,-0.68155,-0.49842,-1.44001,-0.76250,-0.68967,-1.55361,-0.80162,-0.11066,-0.59740,-0.65245,-0.30808,-0.88965,-0.82873,-0.49756,-1.06382,-0.89796,-0.64905,-1.16137,-0.93831
none,0.00000,0.00000,0.00000,-0.29348,-0.31874,0.13933,-0.41553,-0.72369,0.14380,-0.48969,-0.98976,0.10870,-0.60416,-1.20948,0.05109,-0.23088,-1.05957,-0.09851,-0.36263,-1.46445,-0.26265,-0.53870,-1.69039,-0.37832,-0.71673,-1.81601,-0.46035,-0.14625,-0.98925,-0.27373,-0.31061,-1.47290,-0.47864,-0.53722,-1.68351,-0.60319,-0.74015,-1.81307,-0.68508,-0.09627,-0.82796,-0.43758,-0.29523,-1.25043,-0.65000,-0.52636,-1.45568,-0.78052,-0.72451,-1.59328,-0.86006,-0.10033,-0.60400,-0.57850,-0.27157,-0.86659,-0.77606,-0.45685,-1.02356,-0.88778,-0.61505,-1.13481,-0.96552
none,0.00000,0.00000,0.00000,-0.33637,-0.21634,-0.00905,-0.48538,-0.58437,-0.02854,-0.54470,-0.86259,-0.06062,-0.62102,-1.07370,-0.09652,-0.38140,-0.95870,-0.04349,-0.54325,-1.30478,-0.15857,-0.73395,-1.48499,-0.24758,-0.90399,-1.59650,-0.30969,-0.27943,-0.96017,-0.12309,-0.47115,-1.38508,-0.23581,-0.68497,-1.58973,-0.32341,-0.86877,-1.71337,-0.38093,-0.18708,-0.84158,-0.21180,-0.40758,-1.24271,-0.34012,-0.64042,-1.40572,-0.42696,-0.83638,-1.50533,-0.47981,-0.13848,-0.63065,-0.29970,-0.30513,-0.87068,-0.43237,-0.47439,-1.00596,-0.50344,-0.62334,-1.11370,-0.54592
none,0.00000,0.00000,0.00000,-0.29495,-0.10299,-0.02622,-0.48628,-0.38300,-0.04732,-0.57548,-0.60441,-0.08065,-0.68345,-0.76171,-0.11660,-0.54460,-0.82698,-0.00124,-0.73857,-1.11881,-0.08474,-0.89379,-1.29249,-0.16008,-1.02116,-1.43437,-0.21762,-0.44581,-0.89513,-0.06185,-0.66626,-1.23956,-0.14476,-0.83084,-1.42422,-0.22516,-0.97062,-1.57213,-0.28168,-0.32642,-0.87596,-0.13336,-0.51829,-1.22757,-0.22315,-0.67914,-1.40183,-0.29009,-0.81955,-1.53935,-0.33541,-0.19642,-0.77579,-0.20853,-0.33329,-1.00841,-0.29362,-0.45824,-1.14241,-0.33336,-0.57135,-1.25356,-0.35848
none,0.00000,0.00000,0.00000,-0.27747,-0.08120,-0.02748,-0.51918,-0.34463,-0.04408,-0.65152,-0.54599,-0.07684,-0.74877,-0.71936,-0.11093,-0.50924,-0.84798,0.04328,-0.67059,-1.13747,-0.01391,-0.79252,-1.29838,-0.07775,-0.89206,-1.43829,-0.12828,-0.40324,-0.91509,-0.01334,-0.58102,-1.25234,-0.06680,-0.71833,-1.44241,-0.13015,-0.83107,-1.59016,-0.17464,-0.27492,-0.92044,-0.08508,-0.45914,-1.25145,-0.14588,-0.60368,-1.42344,-0.18798,-0.72182,-1.56537,-0.21605,-0.13468,-0.86943,-0.16400,-0.29895,-1.12086,-0.21865,-0.42241,-1.23847,-0.23300,-0.52437,-1.32460,-0.23971
none,0.00000,0.00000,0.00000,-0.34319,0.04696,-0.04827,-0.66804,-0.13324,-0.06124,-0.85841,-0.37058,-0.07567,-1.01327,-0.53099,-0.08988,-0.70666,-0.62002,-0.01450,-0.98710,-0.84511,-0.07210,-1.16039,-0.99625,-0.12714,-1.29960,-1.13225,-0.16801,-0.59105,-0.80664,-0.04279,-0.85288,-1.09953,-0.09230,-1.03501,-1.28584,-0.14401,-1.17306,-1.43313,-0.18018,-0.44323,-0.90649,-0.08386,-0.67509,-1.23317,-0.14464,-0.84086,-1.43948,-0.20043,-0.97222,-1.60272,-0.23689,-0.26741,-0.94703,-0.12972,-0.39446,-1.25593,-0.18828,-0.50738,-1.45140,-0.21990,-0.60879,-1.61842,-0.23754
none,0.00000,0.00000,0.00000,-0.34204,0.07954,-0.06882,-0.66956,-0.06318,-0.09832,-0.88545,-0.28502,-0.12985,-1.08356,-0.42665,-0.16082,-0.73204,-0.58236,-0.02161,-1.02473,-0.80613,-0.09843,-1.19884,-0.94586,-0.16690,-1.33473,-1.08686,-0.21664,-0.61896,-0.78542,-0.05729,-0.89890,-1.11976,-0.12533,-1.08427,-1.33228,-0.19528,-1.22912,-1.51286,-0.24469,-0.46906,-0.90284,-0.10995,-0.71152,-1.26681,-0.18977,-0.87364,-1.47736,-0.25045,-1.01250,-1.65701,-0.29071,-0.28335,-0.96264,-0.16990,-0.42660,-1.29119,-0.24023,-0.53801,-1.48629,-0.26922,-0.64483,-1.65258,-0.28674
none,0.00000,0.00000,0.00000,-0.33820,0.09675,-0.08295,-0.65573,-0.01469,-0.12563,-0.87661,-0.20859,-0.16856,-1.08648,-0.33710,-0.20955,-0.75586,-0.56221,-0.03636,-1.05987,-0.77966,-0.11885,-1.24119,-0.92160,-0.19171,-1.37927,-1.06178,-0.24280,-0.63520,-0.77235,-0.06572,-0.91168,-1.11603,-0.13525,-1.08984,-1.32776,-0.20716,-1.22503,-1.50274,-0.25743,-0.47394,-0.89710,-0.11229,-0.70973,-1.25876,-0.18849,-0.86455,-1.45596,-0.24278,-0.99518,-1.61910,-0.27839,-0.27665,-0.96340,-0.16792,-0.41209,-1.29654,-0.23344,-0.51807,-1.49686,-0.25647,-0.61905,-1.66728,-0.26817
none,0.00000,0.00000,0.00000,-0.31892,0.13437,-0.08513,-0.64998,0.04042,-0.12194,-0.87453,-0.16326,-0.15777,-1.07897,-0.29109,-0.19112,-0.78858,-0.51586,-0.03451,-1.09883,-0.72069,-0.10980,-1.28999,-0.85661,-0.17947,-1.43974,-0.98781,-0.23155,-0.67095,-0.74150,-0.06107,-0.95215,-1.05893,-0.12166,-1.12912,-1.26032,-0.18875,-1.26291,-1.42524,-0.23870,-0.50919,-0.88313,-0.10523,-0.75062,-1.22082,-0.17578,-0.90061,-1.41684,-0.22890,-1.02634,-1.57887,-0.26694,-0.31053,-0.96637,-0.15921,-0.44535,-1.27901,-0.22541,-0.54744,-1.47333,-0.25172,-0.64351,-1.64043,-0.26760
none,0.00000,0.00000,0.00000,-0.31623,0.10045,-0.07418,-0.65708,-0.00522,-0.10441,-0.89471,-0.18095,-0.13579,-1.09755,-0.30550,-0.16398,-0.77333,-0.53944,-0.02320,-1.08188,-0.73121,-0.09905,-1.27554,-0.84767,-0.16814,-1.43220,-0.95648,-0.21823,-0.66268,-0.74891,-0.05203,-0.94215,-1.06536,-0.11485,-1.12330,-1.25999,-0.17907,-1.26640,-1.41400,-0.22487,-0.50933,-0.88606,-0.09807,-0.74437,-1.22323,-0.16935,-0.90441,-1.41006,-0.21872,-1.04412,-1.55706,-0.25134,-0.32122,-0.96841,-0.15305,-0.46046,-1.29927,-0.21607,-0.57003,-1.50057,-0.23870,-0.67794,-1.66518,-0.25072
none,0.00000,0.00000,0.00000,-0.31421,0.06355,-0.06434,-0.64180,-0.01271,-0.09860,-0.86225,-0.15679,-0.13517,-1.03816,-0.27354,-0.17034,-0.74721,-0.54945,-0.04854,-1.06703,-0.73122,-0.13061,-1.26270,-0.84956,-0.19934,-1.41752,-0.96366,-0.24650,-0.64203,-0.76668,-0.08141,-0.91568,-1.09722,-0.14724,-1.09968,-1.30000,-0.20939,-1.24451,-1.46213,-0.25339,-0.49869,-0.91260,-0.12824,-0.71441,-1.26426,-0.19847,-0.86645,-1.45563,-0.24815,-1.00031,-1.60454,-0.28000,-0.32681,-1.00164,-0.18280,-0.45615,-1.34154,-0.24245,-0.56304,-1.54506,-0.26413,-0.66851,-1.71180,-0.27458
none,0.00000,0.00000,0.00000,-0.28280,0.00634,-0.06690,-0.56232,-0.13088,-0.10187,-0.74725,-0.28778,-0.14148,-0.92314,-0.39670,-0.18241,-0.66671,-0.63180,-0.03678,-0.94582,-0.80028,-0.11979,-1.12379,-0.90465,-0.19220,-1.26951,-1.01122,-0.24361,-0.57042,-0.82135,-0.07500,-0.82378,-1.16639,-0.14763,-1.00284,-1.36430,-0.21804,-1.15265,-1.52186,-0.26682,-0.43807,-0.93331,-0.12875,-0.64487,-1.31323,-0.20446,-0.80076,-1.51695,-0.26185,-0.94202,-1.67598,-0.29944,-0.27792,-0.97977,-0.19094,-0.40259,-1.31603,-0.25509,-0.51953,-1.52152,-0.28291,-0.63714,-1.68599,-0.29980
none,0.00000,0.00000,0.00000,-0.26392,-0.04650,-0.00439,-0.48031,-0.28811,-0.00737,-0.57854,-0.52025,-0.02966,-0.65254,-0.67835,-0.05164,-0.62358,-0.69932,0.06531,-0.83592,-0.88308,0.00401,-1.00134,-0.97443,-0.05990,-1.13572,-1.05167,-0.10618,-0.56225,-0.82697,0.00687,-0.77809,-1.15355,-0.04610,-0.94980,-1.34261,-0.09765,-1.09117,-1.48859,-0.13306,-0.46247,-0.88506,-0.06670,-0.65217,-1.23487,-0.12180,-0.81035,-1.41921,-0.16301,-0.94773,-1.54611,-0.19084,-0.33414,-0.88056,-0.14661,-0.45738,-1.17714,-0.18911,-0.58201,-1.32636,-0.20274,-0.70709,-1.41396,-0.21210
none,0.00000,0.00000,0.00000,-0.28507,-0.04298,0.00846,-0.47868,-0.28088,-0.01235,-0.59247,-0.50166,-0.05561,-0.72597,-0.67233,-0.09956,-0.63555,-0.73393,0.04397,-0.88618,-1.01822,-0.03157,-1.06692,-1.21584,-0.10788,-1.20945,-1.38657,-0.16279,-0.61265,-0.79035,-0.03100,-0.89754,-1.10496,-0.09560,-1.09762,-1.32308,-0.16118,-1.26127,-1.50637,-0.21066,-0.57781,-0.78564,-0.11694,-0.85074,-1.08897,-0.16988,-1.04261,-1.29047,-0.20859,-1.19708,-1.45004,-0.23992,-0.53827,-0.72549,-0.20937,-0.75592,-0.96107,-0.24808,-0.90577,-1.10014,-0.25841,-1.03557,-1.20638,-0.26748
none,0.00000,0.00000,0.00000,-0.29830,-0.30664,0.31406,-0.53763,-0.55231,0.39344,-0.73169,-0.70137,0.40300,-0.91893,-0.78731,0.38830,-0.58448,-0.88409,0.08118,-0.87897,-1.21397,0.01176,-1.07625,-1.42114,-0.02492,-1.23286,-1.59744,-0.05706,-0.57325,-0.81938,-0.14443,-0.97390,-1.16445,-0.24661,-1.24816,-1.35929,-0.30564,-1.46162,-1.50484,-0.35631,-0.56654,-0.65041,-0.34153,-0.99994,-0.88239,-0.43744,-1.29168,-0.98014,-0.49744,-1.50584,-1.05943,-0.54991,-0.57549,-0.41558,-0.50595,-0.93541,-0.50582,-0.62245,-1.17418,-0.54530,-0.68939,-1.37112,-0.58743,-0.74162
none,0.00000,0.00000,0.00000,-0.21134,-0.42445,0.27594,-0.41215,-0.70009,0.33224,-0.55453,-0.91031,0.33324,-0.63643,-1.09493,0.31118,-0.54797,-0.94665,0.00545,-0.86645,-1.32082,-0.07340,-1.04980,-1.55614,-0.10174,-1.18919,-1.75351,-0.12030,-0.57330,-0.81935,-0.18766,-1.02660,-1.17544,-0.30937,-1.31420,-1.34415,-0.35838,-1.52848,-1.46308,-0.39030,-0.59397,-0.59505,-0.34784,-1.07395,-0.80780,-0.44575,-1.38822,-0.88180,-0.48299,-1.61753,-0.93179,-0.50944,-0.61389,-0.30688,-0.47588,-1.01971,-0.40669,-0.57434,-1.25624,-0.44720,-0.61176,-1.46362,-0.48641,-0.63471
none,0.00000,0.00000,0.00000,-0.15650,-0.45076,0.19707,-0.34961,-0.76302,0.22747,-0.49938,-1.00925,0.22064,-0.55137,-1.25623,0.19480,-0.52093,-0.96094,-0.03998,-0.85655,-1.36366,-0.12559,-1.04845,-1.61281,-0.15559,-1.18905,-1.82124,-0.17006,-0.57713,-0.81665,-0.18160,-1.05233,-1.15463,-0.28729,-1.35037,-1.30090,-0.31569,-1.56833,-1.40136,-0.32939,-0.62607,-0.58280,-0.29747,-1.12232,-0.78628,-0.37694,-1.42312,-0.84531,-0.38570,-1.64262,-0.88680,-0.38801,-0.65827,-0.27712,-0.38930,-1.07949,-0.36294,-0.46284,-1.30697,-0.39927,-0.47315,-1.50562,-0.44717,-0.47150
none,0.00000,0.00000,0.00000,-0.12745,-0.45926,0.17272,-0.31516,-0.78709,0.19369,-0.47296,-1.05795,0.18244,-0.52924,-1.31838,0.15095,-0.51973,-0.96507,-0.06646,-0.85368,-1.38336,-0.15453,-1.05081,-1.63829,-0.18360,-1.19906,-1.84680,-0.19731,-0.59534,-0.80347,-0.19694,-1.07079,-1.15066,-0.30538,-1.37474,-1.29532,-0.33060,-1.59704,-1.39017,-0.33985,-0.65162,-0.55079,-0.30286,-1.14222,-0.78798,-0.39354,-1.43828,-0.86472,-0.40504,-1.65185,-0.91353,-0.40445,-0.68292,-0.22608,-0.38545,-1.10443,-0.34541,-0.46933,-1.33298,-0.39445,-0.48064,-1.52686,-0.44593,-0.47594
none,0.00000,0.00000,0.00000,-0.10917,-0.47860,0.15603,-0.29412,-0.82250,0.15879,-0.45879,-1.11968,0.13467,-0.50773,-1.40430,0.08932,-0.51209,-0.98647,-0.11448,-0.87359,-1.41495,-0.21239,-1.07887,-1.68066,-0.24432,-1.22952,-1.89453,-0.25762,-0.59739,-0.80195,-0.23448,-1.09367,-1.14358,-0.34885,-1.40908,-1.28962,-0.37396,-1.63774,-1.38162,-0.38346,-0.66299,-0.53131,-0.32816,-1.17497,-0.74980,-0.41894,-1.48391,-0.83406,-0.42909,-1.70170,-0.89032,-0.42826,-0.69886,-0.19260,-0.39860,-1.13489,-0.30728,-0.47596,-1.36184,-0.36355,-0.48111,-1.54702,-0.42523,-0.47245
none,0.00000,0.00000,0.00000,-0.15352,-0.43488,0.11378,-0.34622,-0.81024,0.09813,-0.47724,-1.10452,0.05587,-0.49692,-1.38255,-0.00391,-0.45889,-1.01074,-0.11258,-0.79400,-1.40965,-0.22191,-0.99038,-1.67068,-0.27648,-1.13800,-1.89090,-0.30709,-0.50925,-0.86062,-0.22778,-0.98952,-1.17722,-0.33068,-1.29533,-1.32277,-0.36932,-1.53457,-1.41508,-0.39530,-0.55350,-0.62309,-0.32455,-1.04717,-0.81799,-0.40886,-1.35166,-0.87603,-0.42917,-1.57711,-0.90125,-0.44144,-0.59053,-0.31700,-0.40579,-0.99810,-0.40024,-0.47704,-1.22520,-0.42909,-0.48523,-1.41378,-0.45284,-0.48497
none,0.00000,0.00000,0.00000,-0.23523,-0.30524,0.12363,-0.44514,-0.63275,0.12952,-0.62254,-0.85595,0.10097,-0.79495,-0.95847,0.05947,-0.45473,-0.94049,-0.01965,-0.78759,-1.25673,-0.09690,-1.00601,-1.44576,-0.14675,-1.18476,-1.59988,-0.18033,-0.45756,-0.88918,-0.14519,-0.88234,-1.23410,-0.21474,-1.15398,-1.43647,-0.25778,-1.37337,-1.56888,-0.29331,-0.47835,-0.73277,-0.25844,-0.93594,-0.97882,-0.32771,-1.22872,-1.09688,-0.37616,-1.44627,-1.17269,-0.41485,-0.52762,-0.48053,-0.35802,-0.90711,-0.56912,-0.42567,-1.12712,-0.60346,-0.45327,-1.30594,-0.61506,-0.47301
none,0.00000,0.00000,0.00000,-0.29408,-0.02646,-0.00137,-0.55380,-0.33790,0.00641,-0.69493,-0.62396,-0.00286,-0.84976,-0.82686,-0.01317,-0.59744,-0.74591,0.06092,-0.78458,-0.99577,0.00592,-0.94422,-1.13908,-0.05347,-1.07392,-1.25582,-0.09978,-0.51472,-0.85736,-0.00268,-0.70259,-1.22058,-0.05114,-0.87824,-1.43372,-0.10562,-1.02957,-1.58884,-0.14466,-0.41197,-0.89220,-0.07998,-0.60404,-1.25900,-0.13551,-0.77947,-1.45364,-0.17441,-0.92291,-1.59453,-0.20181,-0.30680,-0.85124,-0.16294,-0.47382,-1.12848,-0.21710,-0.61135,-1.28331,-0.23419,-0.72823,-1.39361,-0.24419
none,0.00000,0.00000,0.00000,-0.31234,0.09759,-0.08397,-0.64450,0.00934,-0.13002,-0.87848,-0.16527,-0.17461,-1.07430,-0.26792,-0.22004,-0.71317,-0.56860,-0.06044,-1.00695,-0.76788,-0.15046,-1.18403,-0.89318,-0.22896,-1.32515,-0.99918,-0.28414,-0.58533,-0.81080,-0.09244,-0.82836,-1.18400,-0.16903,-0.99447,-1.40507,-0.24252,-1.13355,-1.58321,-0.29452,-0.42846,-0.95187,-0.14037,-0.61784,-1.34733,-0.22244,-0.76104,-1.58912,-0.28368,-0.89009,-1.78386,-0.32385,-0.24918,-1.01426,-0.19601,-0.37549,-1.34704,-0.26297,-0.47932,-1.55392,-0.28497,-0.58021,-1.72341,-0.29754
none,0.00000,0.00000,0.00000,-0.33733,0.12078,-0.10045,-0.70945,0.03274,-0.14358,-0.98560,-0.15031,-0.18377,-1.21504,-0.25803,-0.22127,-0.79635,-0.49266,-0.05105,-1.12860,-0.70376,-0.14052,-1.32664,-0.84147,-0.21823,-1.48786,-0.96847,-0.27474,-0.67432,-0.73843,-0.07099,-0.96401,-1.04676,-0.14832,-1.15359,-1.22784,-0.22119,-1.30483,-1.36577,-0.27290,-0.51152,-0.90283,-0.10974,-0.74767,-1.24829,-0.19175,-0.91317,-1.42405,-0.24177,-1.05610,-1.55107,-0.27339,-0.31707,-1.00942,-0.15953,-0.47104,-1.32877,-0.23059,-0.58846,-1.52167,-0.25644,-0.69842,-1.68250,-0.27001
none,0.00000,0.00000,0.00000,-0.31399,0.10103,-0.07111,-0.65691,-0.02144,-0.09187,-0.88315,-0.22164,-0.11450,-1.08261,-0.33395,-0.13865,-0.72940,-0.55557,-0.02429,-1.04175,-0.73825,-0.10446,-1.24134,-0.86512,-0.17826,-1.40315,-0.98196,-0.23265,-0.62777,-0.77840,-0.05685,-0.90997,-1.08972,-0.12041,-1.09388,-1.28253,-0.18606,-1.23880,-1.43960,-0.23397,-0.49200,-0.92158,-0.10623,-0.74537,-1.24191,-0.17378,-0.91584,-1.42571,-0.21993,-1.05852,-1.57846,-0.25245,-0.32267,-1.00301,-0.16561,-0.49685,-1.29401,-0.22641,-0.62697,-1.46859,-0.24735,-0.74586,-1.61526,-0.26062
none,0.00000,0.00000,0.00000,-0.27545,0.00267,-0.05585,-0.56222,-0.18584,-0.07537,-0.75135,-0.37299,-0.10142,-0.92504,-0.49786,-0.12977,-0.62662,-0.67921,-0.00577,-0.88662,-0.89795,-0.08163,-1.05928,-1.02310,-0.15206,-1.20021,-1.13726,-0.20278,-0.53435,-0.84526,-0.04474,-0.77811,-1.19317,-0.10918,-0.95023,-1.38371,-0.17599,-1.09317,-1.54020,-0.22245,-0.41088,-0.94206,-0.09900,-0.63570,-1.29566,-0.16322,-0.79995,-1.47298,-0.21203,-0.94272,-1.61341,-0.24526,-0.26097,-0.97721,-0.16229,-0.42170,-1.27423,-0.21699,-0.55119,-1.44152,-0.23789,-0.67056,-1.56924,-0.25095
none,0.00000,0.00000,0.00000,-0.29303,-0.06721,-0.01555,-0.53023,-0.30258,-0.02633,-0.65285,-0.50675,-0.05444,-0.75016,-0.62773,-0.08611,-0.63548,-0.72718,0.02235,-0.87013,-0.99013,-0.04742,-1.02960,-1.15038,-0.11296,-1.15427,-1.28838,-0.16264,-0.56066,-0.82805,-0.03730,-0.80798,-1.17770,-0.11232,-0.98087,-1.39078,-0.17973,-1.12683,-1.56701,-0.22445,-0.45157,-0.86335,-0.10937,-0.67704,-1.19896,-0.18580,-0.85079,-1.37413,-0.24032,-0.99368,-1.50885,-0.27490,-0.31846,-0.83408,-0.18713,-0.47379,-1.09739,-0.24612,-0.60437,-1.23768,-0.27034,-0.72123,-1.34201,-0.28677
none,0.00000,0.00000,0.00000,-0.26886,-0.35106,0.14475,-0.52310,-0.63080,0.14297,-0.73736,-0.80227,0.10665,-0.92865,-0.86379,0.05289,-0.54728,-0.95421,-0.08570,-0.86661,-1.33009,-0.19534,-1.03308,-1.56888,-0.26165,-1.16173,-1.79104,-0.30639,-0.53007,-0.84795,-0.22477,-0.96339,-1.19589,-0.33707,-1.23597,-1.37347,-0.40625,-1.44337,-1.50521,-0.46335,-0.52223,-0.63830,-0.34437,-0.98122,-0.85929,-0.44903,-1.26444,-0.95530,-0.51769,-1.46597,-1.03859,-0.57097,-0.52861,-0.35654,-0.44428,-0.90122,-0.43463,-0.54906,-1.12222,-0.45832,-0.60107,-1.30833,-0.49090,-0.63852
none,0.00000,0.00000,0.00000,-0.23011,-0.41818,0.18908,-0.47497,-0.70577,0.19816,-0.68441,-0.91538,0.17541,-0.88036,-1.01558,0.13890,-0.52816,-0.96618,-0.13855,-0.86434,-1.41154,-0.26983,-1.06677,-1.67597,-0.33584,-1.21855,-1.91678,-0.37446,-0.53912,-0.84223,-0.28590,-0.99247,-1.23918,-0.45260,-1.31331,-1.42981,-0.53434,-1.54682,-1.56559,-0.59044,-0.56079,-0.62733,-0.39822,-1.04261,-0.87086,-0.51929,-1.36786,-0.95094,-0.56830,-1.59212,-1.01244,-0.60114,-0.59094,-0.36111,-0.48427,-0.99536,-0.45755,-0.58857,-1.22486,-0.48815,-0.62703,-1.42786,-0.53698,-0.64899
none,0.00000,0.00000,0.00000,-0.23137,-0.42911,0.21853,-0.43232,-0.76730,0.24791,-0.57180,-1.04938,0.24133,-0.65171,-1.31251,0.22253,-0.51934,-0.98585,-0.08547,-0.81815,-1.39621,-0.20425,-1.00158,-1.65118,-0.25756,-1.13282,-1.88499,-0.28779,-0.52284,-0.85243,-0.24370,-0.93554,-1.23685,-0.41476,-1.23302,-1.41635,-0.49056,-1.44740,-1.55057,-0.53737,-0.54111,-0.63819,-0.36749,-0.97946,-0.87948,-0.49111,-1.28721,-0.96747,-0.52504,-1.49758,-1.04173,-0.54227,-0.56924,-0.37102,-0.46308,-0.96293,-0.48262,-0.56481,-1.18223,-0.53392,-0.59619,-1.37587,-0.59841,-0.61112
none,0.00000,0.00000,0.00000,-0.21398,-0.44558,0.22247,-0.41352,-0.79035,0.25548,-0.54626,-1.09377,0.25208,-0.60343,-1.37959,0.23438,-0.50139,-0.99128,-0.07011,-0.79439,-1.39187,-0.18149,-0.97846,-1.64364,-0.23271,-1.11007,-1.86861,-0.26343,-0.51633,-0.85639,-0.22977,-0.93093,-1.24099,-0.38378,-1.22556,-1.43116,-0.45455,-1.43465,-1.57353,-0.50242,-0.54736,-0.64290,-0.35596,-0.98983,-0.90110,-0.46770,-1.29570,-1.00012,-0.50269,-1.50220,-1.07739,-0.52603,-0.58417,-0.37586,-0.45388,-0.97839,-0.50104,-0.55444,-1.19807,-0.56626,-0.59136,-1.39104,-0.64509,-0.61340
none,0.00000,0.00000,0.00000,-0.17733,-0.45433,0.19537,-0.36847,-0.80100,0.20919,-0.50773,-1.11022,0.18709,-0.57024,-1.39077,0.14749,-0.48880,-0.98259,-0.09244,-0.80583,-1.42344,-0.20292,-0.98479,-1.69801,-0.25231,-1.11525,-1.93076,-0.27994,-0.52193,-0.85299,-0.24128,-0.94290,-1.26282,-0.37818,-1.24212,-1.45405,-0.44048,-1.45528,-1.58280,-0.48350,-0.56553,-0.63310,-0.35934,-1.02931,-0.90411,-0.46303,-1.34187,-1.00828,-0.50151,-1.55535,-1.07414,-0.52901,-0.61300,-0.35318,-0.45102,-1.01456,-0.49431,-0.54934,-1.23991,-0.55669,-0.58494,-1.43861,-0.62508,-0.60510
none,0.00000,0.00000,0.00000,-0.13922,-0.46315,0.11141,-0.33239,-0.85109,0.08657,-0.46481,-1.19325,0.03637,-0.49902,-1.49713,-0.03231,-0.43719,-1.00858,-0.15044,-0.74690,-1.47794,-0.27835,-0.92718,-1.77040,-0.34741,-1.07011,-2.01487,-0.38816,-0.48811,-0.87278,-0.26708,-0.90849,-1.29342,-0.39386,-1.20313,-1.50747,-0.46122,-1.43780,-1.65488,-0.51159,-0.54682,-0.65478,-0.36156,-1.00710,-0.94275,-0.46500,-1.31903,-1.06652,-0.51331,-1.55214,-1.14231,-0.54784,-0.60658,-0.37547,-0.43799,-0.99808,-0.54324,-0.52771,-1.22426,-0.62578,-0.55560,-1.42385,-0.70381,-0.57141
none,0.00000,0.00000,0.00000,-0.11120,-0.46909,0.08449,-0.29516,-0.88304,0.04452,-0.42432,-1.24810,-0.01579,-0.45394,-1.57141,-0.09169,-0.39603,-1.01851,-0.17480,-0.71009,-1.52267,-0.30330,-0.88832,-1.83155,-0.36445,-1.02730,-2.08014,-0.39829,-0.46831,-0.88356,-0.28072,-0.89001,-1.35861,-0.40728,-1.18803,-1.59570,-0.46227,-1.42105,-1.75352,-0.49999,-0.54847,-0.66745,-0.36777,-1.01306,-0.98759,-0.47357,-1.33588,-1.13337,-0.51815,-1.57755,-1.22543,-0.54794,-0.63020,-0.38847,-0.43926,-1.03020,-0.57308,-0.53530,-1.27259,-0.66135,-0.56819,-1.48361,-0.74512,-0.58539
none,0.00000,0.00000,0.00000,-0.09081,-0.48059,0.06912,-0.25600,-0.92008,0.01702,-0.38038,-1.31051,-0.04962,-0.39425,-1.65254,-0.13210,-0.33643,-1.06596,-0.22119,-0.65477,-1.59443,-0.36206,-0.83016,-1.91937,-0.42904,-0.96761,-2.17712,-0.46494,-0.41358,-0.91047,-0.31852,-0.85006,-1.40996,-0.45352,-1.15527,-1.66771,-0.51164,-1.39517,-1.83995,-0.55237,-0.50630,-0.68111,-0.39521,-0.98576,-1.01613,-0.50819,-1.31454,-1.17502,-0.55352,-1.55866,-1.27597,-0.58251,-0.60584,-0.40088,-0.45603,-1.02771,-0.60100,-0.55456,-1.27153,-0.67867,-0.58405,-1.48077,-0.74839,-0.59766
none,0.00000,0.00000,0.00000,-0.08627,-0.49310,0.06090,-0.24569,-0.96180,0.00272,-0.36219,-1.37089,-0.06776,-0.38694,-1.71676,-0.15475,-0.29425,-1.09928,-0.25282,-0.61103,-1.64148,-0.40121,-0.78285,-1.98220,-0.47033,-0.91615,-2.26244,-0.50986,-0.36159,-0.93234,-0.35246,-0.79233,-1.43725,-0.50443,-1.11310,-1.69373,-0.56780,-1.36172,-1.86714,-0.61326,-0.45949,-0.69530,-0.43167,-0.94540,-1.04839,-0.56476,-1.27883,-1.19855,-0.61423,-1.52099,-1.28627,-0.64449,-0.57360,-0.41335,-0.49491,-1.00730,-0.63732,-0.61245,-1.25848,-0.73684,-0.65340,-1.46854,-0.83210,-0.67525
none,0.00000,0.00000,0.00000,-0.06353,-0.50771,0.09026,-0.20980,-0.98213,0.04824,-0.32272,-1.39206,-0.00737,-0.35161,-1.73146,-0.08469,-0.27205,-1.12770,-0.25276,-0.57769,-1.68093,-0.39863,-0.74016,-2.02476,-0.46899,-0.86580,-2.30683,-0.50975,-0.34097,-0.94008,-0.35825,-0.78236,-1.45035,-0.50141,-1.09796,-1.71120,-0.56585,-1.34098,-1.89595,-0.61637,-0.44391,-0.69521,-0.43827,-0.95614,-1.04393,-0.55997,-1.28776,-1.22075,-0.61210,-1.52119,-1.34302,-0.64920,-0.56047,-0.41538,-0.49873,-1.00571,-0.65678,-0.60604,-1.24696,-0.76854,-0.64299,-1.44133,-0.89064,-0.66495
none,0.00000,0.00000,0.00000,-0.06946,-0.51549,0.10806,-0.22545,-0.98530,0.07072,-0.35017,-1.38598,0.01958,-0.43753,-1.70452,-0.05308,-0.22584,-1.16666,-0.28710,-0.53150,-1.74976,-0.44066,-0.71013,-2.09832,-0.51491,-0.85494,-2.37000,-0.55697,-0.28434,-0.95872,-0.39996,-0.73112,-1.49173,-0.55212,-1.05446,-1.75121,-0.61993,-1.30351,-1.92692,-0.67452,-0.39710,-0.70699,-0.48184,-0.91626,-1.09027,-0.60658,-1.25202,-1.26671,-0.66038,-1.48176,-1.38228,-0.69974,-0.53498,-0.44043,-0.54067,-0.99039,-0.69250,-0.64615,-1.23789,-0.80398,-0.68079,-1.42759,-0.92060,-0.70109
none,0.00000,0.00000,0.00000,-0.08295,-0.52582,0.05692,-0.24416,-1.04945,-0.00578,-0.37254,-1.48951,-0.07323,-0.44287,-1.84481,-0.16319,-0.21518,-1.18702,-0.33454,-0.52590,-1.78307,-0.49448,-0.71914,-2.11452,-0.56448,-0.87430,-2.37577,-0.60567,-0.25262,-0.96757,-0.43252,-0.71637,-1.48621,-0.59406,-1.06601,-1.69729,-0.64729,-1.32975,-1.83008,-0.69037,-0.35961,-0.68935,-0.50567,-0.91377,-1.06668,-0.65045,-1.27667,-1.22370,-0.69209,-1.52766,-1.32736,-0.72028,-0.50395,-0.39674,-0.55973,-0.96553,-0.67126,-0.67552,-1.21418,-0.78875,-0.70277,-1.39748,-0.89841,-0.71842
none,0.00000,0.00000,0.00000,-0.11005,-0.49351,0.06029,-0.27968,-0.91627,-0.00907,-0.48397,-1.21613,-0.09345,-0.69881,-1.39103,-0.19564,-0.20343,-1.16719,-0.27839,-0.52476,-1.72010,-0.43688,-0.78683,-1.94224,-0.50539,-0.99381,-2.08800,-0.54112,-0.21986,-0.97553,-0.38590,-0.70028,-1.46083,-0.55181,-1.05764,-1.53213,-0.57973,-1.29771,-1.54169,-0.59042,-0.30667,-0.71329,-0.47607,-0.83271,-1.11799,-0.60941,-1.16319,-1.15953,-0.60156,-1.36964,-1.15948,-0.58626,-0.43244,-0.43024,-0.55368,-0.86566,-0.71367,-0.65991,-1.11264,-0.79902,-0.66323,-1.28269,-0.85622,-0.65209
none,0.00000,0.00000,0.00000,-0.19473,-0.48813,0.15198,-0.36614,-0.89750,0.08671,-0.54444,-1.18605,-0.01421,-0.76695,-1.35971,-0.13829,-0.20977,-1.19309,-0.27695,-0.51810,-1.69787,-0.46357,-0.78178,-1.89450,-0.54004,-0.99479,-2.00353,-0.57580,-0.19639,-0.98053,-0.44803,-0.66253,-1.46944,-0.65439,-1.03140,-1.51854,-0.67271,-1.28005,-1.50725,-0.66809,-0.25507,-0.71166,-0.59493,-0.74810,-1.11393,-0.76131,-1.08892,-1.13654,-0.73472,-1.30288,-1.11948,-0.70006,-0.36120,-0.42987,-0.72106,-0.76812,-0.70048,-0.84370,-1.02774,-0.76143,-0.83689,-1.20340,-0.79415,-0.81618
none,0.00000,0.00000,0.00000,-0.27374,-0.38440,0.08343,-0.41673,-0.76430,0.04823,-0.51403,-1.03755,-0.00823,-0.64397,-1.22041,-0.07681,-0.18697,-1.13353,-0.15904,-0.46177,-1.52980,-0.30265,-0.67495,-1.70508,-0.38855,-0.85161,-1.81629,-0.44184,-0.13403,-0.99098,-0.27599,-0.50194,-1.39873,-0.43079,-0.79566,-1.46237,-0.48646,-1.01411,-1.45519,-0.51897,-0.14781,-0.77319,-0.38264,-0.55792,-1.08949,-0.51850,-0.85755,-1.11523,-0.55521,-1.06792,-1.09910,-0.57327,-0.21269,-0.52382,-0.47707,-0.53385,-0.69994,-0.59328,-0.75522,-0.74792,-0.63418,-0.92684,-0.79230,-0.65624
none,0.00000,0.00000,0.00000,-0.31351,-0.28013,0.04632,-0.43027,-0.62315,0.04089,-0.50459,-0.85344,0.01675,-0.59695,-1.02453,-0.01194,-0.24155,-1.04144,-0.03014,-0.44817,-1.35043,-0.11941,-0.62239,-1.51192,-0.18689,-0.76677,-1.62355,-0.23076,-0.18274,-0.98316,-0.11170,-0.39963,-1.37048,-0.22230,-0.63647,-1.47626,-0.28265,-0.81937,-1.49167,-0.31241,-0.16188,-0.84055,-0.19209,-0.42565,-1.14615,-0.29918,-0.66235,-1.21151,-0.34639,-0.82531,-1.20812,-0.36300,-0.19068,-0.62230,-0.26604,-0.43587,-0.79166,-0.32805,-0.60036,-0.81247,-0.33725,-0.71199,-0.78327,-0.33654
none,0.00000,0.00000,0.00000,-0.30733,-0.29223,0.00544,-0.42636,-0.62270,-0.02102,-0.47896,-0.83698,-0.06764,-0.54351,-1.01886,-0.11889,-0.27187,-1.03744,-0.03267,-0.39887,-1.35885,-0.14625,-0.55812,-1.50575,-0.24745,-0.71183,-1.59865,-0.31902,-0.16299,-0.98663,-0.11487,-0.30554,-1.34750,-0.22183,-0.51453,-1.47867,-0.30661,-0.70424,-1.53325,-0.36997,-0.07145,-0.85172,-0.20527,-0.20874,-1.16491,-0.30499,-0.40925,-1.27893,-0.36977,-0.58538,-1.30646,-0.41602,-0.01594,-0.63561,-0.29770,-0.14670,-0.82129,-0.38349,-0.29898,-0.91202,-0.42407,-0.44021,-0.95169,-0.45334
none,0.00000,0.00000,0.00000,-0.24294,-0.26581,-0.03071,-0.36432,-0.64187,-0.05597,-0.42163,-0.93379,-0.09466,-0.47818,-1.19405,-0.13330,-0.27607,-0.99842,-0.00027,-0.41379,-1.31153,-0.10234,-0.56363,-1.46748,-0.19827,-0.70067,-1.57907,-0.26606,-0.15141,-0.98847,-0.06184,-0.24251,-1.36673,-0.16594,-0.43324,-1.49877,-0.25282,-0.60812,-1.54489,-0.30867,-0.03123,-0.89152,-0.13816,-0.08404,-1.25243,-0.23693,-0.27571,-1.38387,-0.29910,-0.44256,-1.43291,-0.33565,0.06084,-0.72005,-0.22033,-0.04977,-0.96996,-0.30885,-0.20497,-1.09671,-0.34935,-0.33930,-1.16729,-0.37195
none,0.00000,0.00000,0.00000,-0.26956,-0.22162,-0.04113,-0.40484,-0.58107,-0.07323,-0.45841,-0.86340,-0.11655,-0.52789,-1.12270,-0.16206,-0.32164,-0.97146,-0.01706,-0.47907,-1.29344,-0.11899,-0.62575,-1.45132,-0.21620,-0.76099,-1.56813,-0.28795,-0.18597,-0.98255,-0.07668,-0.30354,-1.36007,-0.18681,-0.48980,-1.50294,-0.28783,-0.66580,-1.57779,-0.35633,-0.05430,-0.89458,-0.15009,-0.11543,-1.28465,-0.26372,-0.31042,-1.41895,-0.34470,-0.49173,-1.47531,-0.39471,0.05382,-0.72700,-0.22770,-0.05210,-0.98335,-0.33867,-0.20213,-1.12070,-0.39739,-0.34081,-1.20765,-0.43246
none,0.00000,0.00000,0.00000,-0.27589,-0.21105,-0.02898,-0.41118,-0.56123,-0.05667,-0.47135,-0.82402,-0.09687,-0.54698,-1.05936,-0.13946,-0.34926,-0.96867,-0.01971,-0.50188,-1.29360,-0.12244,-0.64307,-1.47331,-0.22034,-0.77590,-1.61108,-0.29288,-0.22434,-0.97451,-0.08154,-0.34461,-1.34355,-0.18862,-0.51747,-1.50945,-0.28476,-0.68846,-1.61451,-0.35103,-0.10163,-0.89217,-0.15497,-0.18124,-1.25474,-0.25361,-0.35043,-1.40201,-0.32752,-0.51916,-1.47306,-0.37685,0.00874,-0.73122,-0.23337,-0.07960,-0.97694,-0.32732,-0.21651,-1.12240,-0.38041,-0.35663,-1.21839,-0.41481
none,0.00000,0.00000,0.00000,-0.30949,-0.26266,-0.01924,-0.41912,-0.63194,-0.05317,-0.46702,-0.90724,-0.09856,-0.53867,-1.14279,-0.14837,-0.29244,-1.01654,-0.06529,-0.44864,-1.33505,-0.17795,-0.61452,-1.52492,-0.27604,-0.76409,-1.67969,-0.34983,-0.18088,-0.98350,-0.13631,-0.33996,-1.33185,-0.24660,-0.54494,-1.51185,-0.33096,-0.73183,-1.63779,-0.39395,-0.07745,-0.85755,-0.21519,-0.21948,-1.17880,-0.31893,-0.40840,-1.35102,-0.37970,-0.58023,-1.46341,-0.42375,0.00153,-0.64795,-0.29780,-0.11097,-0.86934,-0.39416,-0.25497,-1.02245,-0.43724,-0.39464,-1.14138,-0.46701
none,0.00000,0.00000,0.00000,-0.29486,-0.26422,-0.01834,-0.41919,-0.63168,-0.04054,-0.47125,-0.90840,-0.07742,-0.52092,-1.12834,-0.11553,-0.33023,-1.00379,-0.03413,-0.44363,-1.36792,-0.13097,-0.57741,-1.57283,-0.21035,-0.68945,-1.73383,-0.26938,-0.20324,-0.97913,-0.10047,-0.30276,-1.38843,-0.20909,-0.48465,-1.52983,-0.28103,-0.63641,-1.57592,-0.32378,-0.08727,-0.85949,-0.17646,-0.18564,-1.20461,-0.27954,-0.38188,-1.31139,-0.33055,-0.54069,-1.33186,-0.35640,-0.00689,-0.65804,-0.25678,-0.12871,-0.88441,-0.34909,-0.29027,-1.00428,-0.38894,-0.43345,-1.06389,-0.40933
none,0.00000,0.00000,0.00000,-0.29949,-0.29256,-0.01383,-0.41187,-0.70756,-0.04018,-0.45773,-0.99868,-0.08239,-0.52627,-1.22501,-0.12782,-0.28807,-1.03106,-0.06138,-0.39983,-1.40790,-0.18431,-0.54853,-1.60558,-0.28390,-0.68512,-1.74729,-0.35481,-0.17058,-0.98534,-0.14244,-0.28385,-1.41387,-0.28821,-0.49659,-1.56523,-0.38614,-0.68382,-1.61956,-0.44091,-0.06272,-0.84916,-0.23068,-0.20989,-1.20043,-0.36542,-0.44167,-1.30326,-0.43557,-0.63235,-1.33324,-0.46937,0.01711,-0.62848,-0.32062,-0.11638,-0.85319,-0.43657,-0.27513,-0.96408,-0.48434,-0.41229,-1.03271,-0.50754
none,0.00000,0.00000,0.00000,-0.29301,-0.30021,0.02653,-0.40862,-0.70272,0.00735,-0.46912,-0.97434,-0.04147,-0.56180,-1.20173,-0.10400,-0.27303,-1.02889,-0.07383,-0.42336,-1.39616,-0.21472,-0.57316,-1.64066,-0.32245,-0.70287,-1.82579,-0.40165,-0.16924,-0.98557,-0.19100,-0.32289,-1.41456,-0.37186,-0.53624,-1.61834,-0.49620,-0.72230,-1.73911,-0.56988,-0.06800,-0.84898,-0.31043,-0.26068,-1.18650,-0.49660,-0.51189,-1.28463,-0.60115,-0.71084,-1.31901,-0.64955,0.00692,-0.63284,-0.42456,-0.16974,-0.88648,-0.58891,-0.35798,-1.00819,-0.66669,-0.51070,-1.08051,-0.70745
none,0.00000,0.00000,0.00000,-0.30676,-0.34614,0.06290,-0.41195,-0.75155,0.05760,-0.46889,-1.02252,0.01468,-0.56206,-1.26283,-0.04366,-0.25755,-1.04831,-0.04409,-0.41530,-1.41908,-0.18407,-0.55545,-1.65882,-0.29463,-0.67688,-1.84310,-0.37606,-0.16043,-0.98705,-0.17790,-0.34094,-1.38807,-0.36957,-0.57155,-1.56532,-0.50646,-0.77077,-1.67773,-0.58804,-0.07226,-0.85154,-0.31170,-0.29527,-1.16437,-0.50604,-0.56387,-1.26575,-0.62548,-0.77613,-1.31083,-0.68328,-0.01360,-0.64870,-0.43633,-0.20149,-0.90540,-0.59824,-0.39657,-1.02511,-0.68131,-0.55571,-1.09994,-0.72809
none,0.00000,0.00000,0.00000,-0.31452,-0.35284,0.11982,-0.42596,-0.74599,0.12876,-0.48215,-1.00820,0.08402,-0.57064,-1.26222,0.01637,-0.29865,-1.04506,-0.01149,-0.43894,-1.44805,-0.15355,-0.56293,-1.71070,-0.27239,-0.66957,-1.90902,-0.36594,-0.19403,-0.98100,-0.19290,-0.33611,-1.40866,-0.41812,-0.57290,-1.57034,-0.58448,-0.78059,-1.65547,-0.68348,-0.09488,-0.85507,-0.36970,-0.27274,-1.19148,-0.58604,-0.53622,-1.31210,-0.73004,-0.74819,-1.35850,-0.80511,-0.01876,-0.66265,-0.53197,-0.19770,-0.93829,-0.70547,-0.39791,-1.05930,-0.80084,-0.55953,-1.11760,-0.86106
none,0.00000,0.00000,0.00000,-0.28148,-0.29733,0.01765,-0.39167,-0.70233,0.00118,-0.42814,-0.97257,-0.04132,-0.48778,-1.20769,-0.09383,-0.26757,-1.03479,-0.04008,-0.38168,-1.42301,-0.15566,-0.48575,-1.66529,-0.25571,-0.58199,-1.85587,-0.33451,-0.14957,-0.98875,-0.14273,-0.28951,-1.37740,-0.31516,-0.51519,-1.49275,-0.43973,-0.72164,-1.52592,-0.51025,-0.04231,-0.87022,-0.24968,-0.19382,-1.19539,-0.40829,-0.42663,-1.30087,-0.51188,-0.62268,-1.33580,-0.56637,0.04798,-0.68155,-0.35402,-0.08912,-0.89626,-0.49199,-0.24787,-1.00298,-0.56741,-0.38511,-1.06745,-0.61161
none,0.00000,0.00000,0.00000,-0.26137,-0.29066,0.00325,-0.35246,-0.66739,-0.00875,-0.38260,-0.93893,-0.04301,-0.43134,-1.16330,-0.08346,-0.25149,-0.99617,0.01378,-0.37406,-1.30008,-0.08001,-0.48633,-1.48307,-0.16926,-0.59398,-1.64498,-0.23961,-0.14041,-0.99009,-0.06520,-0.26557,-1.36190,-0.17069,-0.41141,-1.57859,-0.26758,-0.55579,-1.74356,-0.33740,-0.03600,-0.89836,-0.15358,-0.16800,-1.21899,-0.26931,-0.34511,-1.34485,-0.34789,-0.50437,-1.42533,-0.39723,0.05180,-0.72992,-0.24245,-0.06832,-0.92002,-0.35033,-0.18941,-1.04782,-0.40636,-0.30250,-1.15595,-0.44314
none,0.00000,0.00000,0.00000,-0.26451,-0.25239,0.01833,-0.34802,-0.64506,0.04894,-0.37568,-0.94851,0.05295,-0.45305,-1.19823,0.05921,-0.26587,-0.96125,0.17906,-0.38404,-1.25408,0.16490,-0.49359,-1.42058,0.12214,-0.59212,-1.57514,0.08009,-0.16338,-0.98656,0.11757,-0.28997,-1.37096,0.09085,-0.41615,-1.59396,0.02839,-0.53106,-1.78217,-0.02216,-0.07695,-0.93054,0.03718,-0.20192,-1.28032,-0.01498,-0.36554,-1.44323,-0.07426,-0.50040,-1.55054,-0.11721,-0.00200,-0.82356,-0.04703,-0.13100,-1.05611,-0.10065,-0.28203,-1.19598,-0.14092,-0.41573,-1.31400,-0.17300
none,0.00000,0.00000,0.00000,-0.26242,-0.31206,0.00398,-0.34668,-0.70284,0.01074,-0.37708,-1.00770,-0.00927,-0.42936,-1.28478,-0.03540,-0.20885,-1.01227,0.09748,-0.29586,-1.38279,0.03601,-0.38533,-1.61089,-0.04559,-0.47325,-1.80827,-0.11548,-0.11557,-0.99330,0.02583,-0.19209,-1.40858,-0.05011,-0.30824,-1.66456,-0.16980,-0.42684,-1.86871,-0.26816,-0.03423,-0.91804,-0.06165,-0.08891,-1.28397,-0.16504,-0.25053,-1.44571,-0.29421,-0.40318,-1.52415,-0.38633,0.04128,-0.81004,-0.14933,0.00647,-1.07332,-0.25134,-0.09744,-1.23601,-0.34691,-0.21540,-1.33791,-0.42365
none,0.00000,0.00000,0.00000,-0.22374,-0.30545,-0.06627,-0.29285,-0.71721,-0.05102,-0.33742,-1.04817,-0.02328,-0.36650,-1.33634,0.01373,-0.05612,-0.98060,0.05642,-0.13906,-1.34531,0.06321,-0.25191,-1.56468,0.04545,-0.35218,-1.73715,0.03040,-0.00400,-0.99999,0.08511,-0.08420,-1.45925,0.08859,-0.20979,-1.73736,0.05747,-0.32138,-1.93739,0.03142,0.01752,-0.96938,0.09806,-0.03400,-1.40335,0.08561,-0.18103,-1.65144,0.02944,-0.32006,-1.81921,-0.01131,0.00340,-0.92169,0.10576,-0.06464,-1.24123,0.08722,-0.18324,-1.42511,0.04800,-0.30746,-1.55082,0.01749
none,0.00000,0.00000,0.00000,0.29656,0.11055,-0.07324,0.55015,-0.02937,-0.09132,0.73880,-0.22102,-0.09988,0.89851,-0.36742,-0.11606,0.65781,-0.64961,-0.14481,0.99012,-0.93926,-0.21582,1.18669,-1.13114,-0.26253,1.34899,-1.29232,-0.30245,0.52192,-0.85299,-0.15629,0.77621,-1.30898,-0.24959,0.94932,-1.58134,-0.32518,1.08727,-1.78334,-0.38157,0.33833,-0.94571,-0.16825,0.51966,-1.39434,-0.27617,0.66343,-1.67834,-0.36475,0.78016,-1.88870,-0.42040,0.12223,-0.94337,-0.17934,0.15674,-1.35745,-0.29298,0.20367,-1.62117,-0.36130,0.26126,-1.83065,-0.39987
none,-0.00000,0.00000,0.00000,-0.25354,-0.03511,-0.07680,-0.43357,-0.24016,-0.12814,-0.49489,-0.45178,-0.18186,-0.53849,-0.59766,-0.23860,-0.53259,-0.75893,-0.11299,-0.79069,-1.01304,-0.22957,-0.97181,-1.17258,-0.31973,-1.11958,-1.31394,-0.37871,-0.41737,-0.90874,-0.15254,-0.64143,-1.31202,-0.24887,-0.81754,-1.56510,-0.32075,-0.96299,-1.77365,-0.36706,-0.26989,-0.95084,-0.20425,-0.40975,-1.39886,-0.30166,-0.54052,-1.67700,-0.37390,-0.66021,-1.89231,-0.41650,-0.09838,-0.89568,-0.26269,-0.11640,-1.28742,-0.36162,-0.15183,-1.55924,-0.40992,-0.19442,-1.79062,-0.43430
none,-0.00000,0.00000,0.00000,-0.29309,-0.09165,0.01675,-0.46441,-0.40176,0.01558,-0.55332,-0.63389,-0.01065,-0.67130,-0.77995,-0.04262,-0.52906,-0.79586,0.04205,-0.78198,-1.04673,-0.03927,-0.96403,-1.20170,-0.11251,-1.11694,-1.33041,-0.16495,-0.47657,-0.87914,-0.04214,-0.74638,-1.21869,-0.11529,-0.94821,-1.43891,-0.18255,-1.11400,-1.61243,-0.23133,-0.38605,-0.88612,-0.13875,-0.59848,-1.25423,-0.21326,-0.76648,-1.46660,-0.26722,-0.91268,-1.63641,-0.30714,-0.27142,-0.83946,-0.23821,-0.40652,-1.12649,-0.30786,-0.52411,-1.30661,-0.33930,-0.63298,-1.45465,-0.36310
none,-0.00000,0.00000,0.00000,-0.22205,-0.27074,0.14916,-0.38579,-0.60129,0.15595,-0.47616,-0.81080,0.12176,-0.52103,-1.03104,0.07364,-0.53640,-0.92369,-0.02174,-0.90293,-1.20685,-0.13401,-1.14617,-1.38516,-0.20618,-1.34656,-1.51371,-0.25393,-0.53641,-0.84396,-0.17880,-0.92916,-1.20664,-0.31164,-1.21957,-1.41619,-0.38397,-1.45035,-1.58336,-0.42954,-0.54197,-0.70346,-0.32534,-0.91026,-1.07111,-0.44089,-1.18040,-1.26751,-0.49920,-1.40529,-1.44005,-0.53713,-0.57077,-0.48927,-0.45633,-0.82948,-0.75172,-0.54476,-0.99631,-0.90959,-0.58058,-1.13693,-1.04833,-0.60704
none,-0.00000,0.00000,0.00000,-0.18489,-0.40284,0.11444,-0.40225,-0.76673,0.10523,-0.51205,-1.05449,0.07211,-0.51487,-1.32431,0.01868,-0.61385,-0.91478,-0.14618,-1.01796,-1.28691,-0.28131,-1.27133,-1.51924,-0.34362,-1.46587,-1.68690,-0.38025,-0.63242,-0.77463,-0.28624,-1.15934,-1.15819,-0.43747,-1.49699,-1.35447,-0.50736,-1.76194,-1.49100,-0.54722,-0.64064,-0.54886,-0.40928,-1.17290,-0.89384,-0.56066,-1.50398,-1.04728,-0.64207,-1.77917,-1.17082,-0.68822,-0.64721,-0.25052,-0.51258,-1.03345,-0.42942,-0.65952,-1.28104,-0.51682,-0.72586,-1.51158,-0.58929,-0.76252
none,-0.00000,0.00000,0.00000,-0.16373,-0.42828,0.12965,-0.36963,-0.80335,0.13226,-0.48426,-1.08409,0.10735,-0.48959,-1.33865,0.06355,-0.57392,-0.93829,-0.11767,-0.97053,-1.29593,-0.24025,-1.22190,-1.51346,-0.29225,-1.41624,-1.66380,-0.32144,-0.60651,-0.79508,-0.25918,-1.12460,-1.13425,-0.40007,-1.45609,-1.31697,-0.45981,-1.71914,-1.43618,-0.49351,-0.62588,-0.56983,-0.38431,-1.15262,-0.87425,-0.52078,-1.47435,-1.02419,-0.59474,-1.74210,-1.13998,-0.63812,-0.63769,-0.27256,-0.48950,-1.03211,-0.44859,-0.62104,-1.27949,-0.54832,-0.68351,-1.50863,-0.63296,-0.72064
none,-0.00000,0.00000,0.00000,-0.13982,-0.42985,0.09648,-0.34017,-0.82257,0.07920,-0.45849,-1.11391,0.04009,-0.45635,-1.38234,-0.01698,-0.54287,-0.96555,-0.15913,-0.93189,-1.34490,-0.29224,-1.18010,-1.57567,-0.35069,-1.36731,-1.74031,-0.38337,-0.57969,-0.81484,-0.28662,-1.08581,-1.17874,-0.43166,-1.41520,-1.36317,-0.49377,-1.67339,-1.48534,-0.52949,-0.60085,-0.58333,-0.39936,-1.10850,-0.91960,-0.54361,-1.43122,-1.07911,-0.62500,-1.69675,-1.20209,-0.67220,-0.61560,-0.28701,-0.49392,-1.00008,-0.48629,-0.62848,-1.24898,-0.60460,-0.69611,-1.47498,-0.70334,-0.73734
none,-0.00000,0.00000,0.00000,-0.13506,-0.43777,0.10100,-0.32282,-0.83838,0.08568,-0.42531,-1.13959,0.04629,-0.41416,-1.40942,-0.01308,-0.52457,-0.97419,-0.14682,-0.90329,-1.35289,-0.27696,-1.13903,-1.59056,-0.33479,-1.31647,-1.76461,-0.36776,-0.55814,-0.82975,-0.27818,-1.04788,-1.20400,-0.41933,-1.36399,-1.40880,-0.48182,-1.61339,-1.55469,-0.51820,-0.57895,-0.60070,-0.39545,-1.07848,-0.93941,-0.53905,-1.39102,-1.11091,-0.62154,-1.64984,-1.25717,-0.66972,-0.59477,-0.30386,-0.49419,-0.97354,-0.51350,-0.62988,-1.21424,-0.63908,-0.69668,-1.43670,-0.74982,-0.73722
none,-0.00000,0.00000,0.00000,-0.11259,-0.43792,0.07415,-0.29381,-0.84190,0.04724,-0.39487,-1.14103,0.00111,-0.39197,-1.41575,-0.06076,-0.49372,-0.98906,-0.15290,-0.86267,-1.37614,-0.28168,-1.10273,-1.60855,-0.33989,-1.28893,-1.77264,-0.37327,-0.53578,-0.84436,-0.27123,-1.02032,-1.23076,-0.40581,-1.33523,-1.43057,-0.46451,-1.58526,-1.57005,-0.49879,-0.56522,-0.61223,-0.37836,-1.05812,-0.97657,-0.51091,-1.36296,-1.15626,-0.58047,-1.61643,-1.30512,-0.62129,-0.58901,-0.31399,-0.47115,-0.95786,-0.53815,-0.59626,-1.19836,-0.68062,-0.65468,-1.42112,-0.80792,-0.68949
none,-0.00000,0.00000,0.00000,-0.11099,-0.43191,0.07203,-0.27390,-0.82156,0.05150,-0.36722,-1.11898,0.01169,-0.36697,-1.38453,-0.03797,-0.46892,-0.98822,-0.10056,-0.82974,-1.37997,-0.21854,-1.07106,-1.60275,-0.27818,-1.25530,-1.75533,-0.31261,-0.51778,-0.85551,-0.20977,-0.96742,-1.24848,-0.32959,-1.27180,-1.44600,-0.38710,-1.51344,-1.58935,-0.42079,-0.55246,-0.64699,-0.31095,-0.99865,-1.02509,-0.42104,-1.29056,-1.20091,-0.47685,-1.53060,-1.34628,-0.50961,-0.58060,-0.37160,-0.40110,-0.90107,-0.59529,-0.49305,-1.10700,-0.74456,-0.53068,-1.29082,-0.87865,-0.55283
none,-0.00000,0.00000,0.00000,-0.13603,-0.38662,0.16498,-0.26461,-0.76373,0.19995,-0.34219,-1.02687,0.19514,-0.35047,-1.24249,0.17828,-0.39274,-0.99499,0.02916,-0.69383,-1.33102,-0.05436,-0.91883,-1.52975,-0.09921,-1.10074,-1.66550,-0.12875,-0.40973,-0.91221,-0.11763,-0.77945,-1.28066,-0.21678,-1.05736,-1.48676,-0.26383,-1.28082,-1.63562,-0.29100,-0.43200,-0.76404,-0.25357,-0.78695,-1.11789,-0.34058,-1.04451,-1.30626,-0.38438,-1.25755,-1.46497,-0.41315,-0.46887,-0.54515,-0.37440,-0.72851,-0.77491,-0.45615,-0.89657,-0.92684,-0.49581,-1.04394,-1.05420,-0.52237
none,-0.00000,0.00000,0.00000,-0.29098,-0.16519,0.06187,-0.42359,-0.51544,0.06948,-0.48425,-0.75688,0.04936,-0.55691,-0.94127,0.02333,-0.36210,-0.93175,0.02669,-0.60925,-1.24210,-0.05487,-0.80869,-1.44405,-0.12113,-0.96971,-1.59844,-0.16669,-0.32786,-0.94473,-0.06581,-0.62681,-1.30495,-0.14281,-0.86347,-1.52010,-0.20359,-1.06164,-1.68596,-0.24594,-0.31260,-0.89581,-0.15981,-0.59573,-1.24368,-0.22264,-0.80623,-1.43941,-0.26658,-0.97524,-1.58637,-0.29931,-0.32117,-0.78927,-0.25174,-0.49164,-1.05074,-0.29806,-0.62593,-1.20806,-0.31589,-0.74615,-1.32593,-0.33041
none,-0.00000,0.00000,0.00000,-0.24930,-0.11810,-0.00656,-0.35754,-0.45624,-0.00434,-0.38420,-0.70040,-0.01754,-0.46017,-0.85643,-0.02963,-0.35696,-0.87863,0.05283,-0.60143,-1.11123,-0.02281,-0.78760,-1.23912,-0.09660,-0.93902,-1.34178,-0.14574,-0.31054,-0.95056,-0.00120,-0.54847,-1.29789,-0.06116,-0.73786,-1.50172,-0.11726,-0.89610,-1.66798,-0.15559,-0.25576,-0.95382,-0.07220,-0.45628,-1.31837,-0.14042,-0.62704,-1.52719,-0.19234,-0.77129,-1.69348,-0.22509,-0.20085,-0.90119,-0.14770,-0.33341,-1.17723,-0.20977,-0.44275,-1.34194,-0.24006,-0.54163,-1.47823,-0.25947
none,-0.00000,0.00000,0.00000,-0.26602,-0.15263,-0.01485,-0.39213,-0.47336,-0.02842,-0.43088,-0.70658,-0.05669,-0.49984,-0.87389,-0.08754,-0.38940,-0.86687,0.00284,-0.61004,-1.09512,-0.10255,-0.79200,-1.20295,-0.19316,-0.94291,-1.28574,-0.25260,-0.30515,-0.95230,-0.05977,-0.49530,-1.33667,-0.14675,-0.67816,-1.53243,-0.21295,-0.83347,-1.68440,-0.25640,-0.19769,-0.94130,-0.13834,-0.33640,-1.36716,-0.23411,-0.50263,-1.58159,-0.29086,-0.65774,-1.75107,-0.32419,-0.07715,-0.84982,-0.21990,-0.15204,-1.14925,-0.30652,-0.26354,-1.34546,-0.34234,-0.38558,-1.51013,-0.36428
none,-0.00000,0.00000,0.00000,-0.27438,-0.15159,-0.00827,-0.41407,-0.44555,-0.02105,-0.47333,-0.68223,-0.04587,-0.53367,-0.86777,-0.07598,-0.41422,-0.85799,-0.03103,-0.65607,-1.06936,-0.14268,-0.84199,-1.15806,-0.23167,-0.99916,-1.21605,-0.28817,-0.32162,-0.94687,-0.09250,-0.52130,-1.34151,-0.18606,-0.71746,-1.50615,-0.24329,-0.88727,-1.61842,-0.27858,-0.19824,-0.94969,-0.16622,-0.32811,-1.40516,-0.26827,-0.48809,-1.62308,-0.31961,-0.64495,-1.78423,-0.34699,-0.05806,-0.87459,-0.24070,-0.07967,-1.23321,-0.33306,-0.17233,-1.44109,-0.36759,-0.29148,-1.60026,-0.38645
none,-0.00000,0.00000,0.00000,-0.28255,-0.15234,-0.01875,-0.42834,-0.45684,-0.03646,-0.48107,-0.71028,-0.06746,-0.55109,-0.89264,-0.10173,-0.42706,-0.85098,-0.01514,-0.68676,-1.06468,-0.12556,-0.87999,-1.13091,-0.21293,-1.03931,-1.16529,-0.26722,-0.34064,-0.94019,-0.07240,-0.55994,-1.31633,-0.17044,-0.76798,-1.44175,-0.22608,-0.94087,-1.50354,-0.25480,-0.22206,-0.94709,-0.14554,-0.35645,-1.38488,-0.24464,-0.53126,-1.59750,-0.29513,-0.69878,-1.74401,-0.32013,-0.07986,-0.87843,-0.22203,-0.11501,-1.22308,-0.30535,-0.21476,-1.42551,-0.33695,-0.33559,-1.57300,-0.35388
none,-0.00000,0.00000,0.00000,-0.28612,-0.14551,-0.02980,-0.43594,-0.45037,-0.05567,-0.50348,-0.71547,-0.09367,-0.59342,-0.90771,-0.13445,-0.43708,-0.84366,-0.02075,-0.67694,-1.05256,-0.13685,-0.85797,-1.09802,-0.22920,-1.00712,-1.11761,-0.28775,-0.34750,-0.93768,-0.07446,-0.56197,-1.28904,-0.18163,-0.77849,-1.40093,-0.24444,-0.96085,-1.45618,-0.27813,-0.22090,-0.94508,-0.14565,-0.37197,-1.38707,-0.25706,-0.55197,-1.56649,-0.31084,-0.72584,-1.68318,-0.33617,-0.06793,-0.87142,-0.22044,-0.10319,-1.19938,-0.31809,-0.20255,-1.39507,-0.35737,-0.32603,-1.54436,-0.37756
none,-0.00000,0.00000,0.00000,-0.27315,-0.15123,-0.02524,-0.43148,-0.46856,-0.04226,-0.51314,-0.71574,-0.06915,-0.60927,-0.89045,-0.09890,-0.42192,-0.86293,-0.03107,-0.64726,-1.05501,-0.14373,-0.82269,-1.09707,-0.23354,-0.97036,-1.11830,-0.29109,-0.32714,-0.94498,-0.08426,-0.52491,-1.27494,-0.18491,-0.73515,-1.37938,-0.24234,-0.91644,-1.44530,-0.27491,-0.19708,-0.93796,-0.15322,-0.31834,-1.36723,-0.26213,-0.47747,-1.55819,-0.31370,-0.63893,-1.69925,-0.33989,-0.04303,-0.84678,-0.22480,-0.06404,-1.18208,-0.32057,-0.15588,-1.37485,-0.35666,-0.27253,-1.52762,-0.37712
none,-0.00000,0.00000,0.00000,-0.27663,-0.14991,-0.03633,-0.43465,-0.45103,-0.06092,-0.51409,-0.69521,-0.09309,-0.61245,-0.87544,-0.12537,-0.40676,-0.87144,-0.03109,-0.62018,-1.07150,-0.14419,-0.78645,-1.08193,-0.23557,-0.92374,-1.06076,-0.29156,-0.30138,-0.95351,-0.07608,-0.47364,-1.29707,-0.17315,-0.66979,-1.38881,-0.22857,-0.83943,-1.42074,-0.25853,-0.16773,-0.93932,-0.13760,-0.27602,-1.34726,-0.23589,-0.43596,-1.52183,-0.28013,-0.59768,-1.63991,-0.30211,-0.01492,-0.83912,-0.20371,-0.03176,-1.15356,-0.28656,-0.12607,-1.33614,-0.31381,-0.24475,-1.47565,-0.32726
none,-0.00000,0.00000,0.00000,-0.28011,-0.15124,-0.03097,-0.44649,-0.46580,-0.05018,-0.53130,-0.72676,-0.07656,-0.63786,-0.89984,-0.10405,-0.41680,-0.88178,-0.03819,-0.62899,-1.11933,-0.14336,-0.78803,-1.15921,-0.22466,-0.91901,-1.15624,-0.27308,-0.30068,-0.95372,-0.08116,-0.46695,-1.32313,-0.17605,-0.64788,-1.43596,-0.23116,-0.80175,-1.48206,-0.26010,-0.16368,-0.93364,-0.13712,-0.26635,-1.34661,-0.23354,-0.41341,-1.52078,-0.27735,-0.55888,-1.63184,-0.29845,-0.00817,-0.83643,-0.19612,-0.02139,-1.16070,-0.27639,-0.11245,-1.33756,-0.30236,-0.22685,-1.46621,-0.31432
none,-0.00000,0.00000,0.00000,-0.28513,-0.17126,-0.03300,-0.45991,-0.52555,-0.05462,-0.55388,-0.81695,-0.08501,-0.68706,-0.98970,-0.11683,-0.41112,-0.89719,-0.04020,-0.62483,-1.15988,-0.15302,-0.79476,-1.19363,-0.23895,-0.94294,-1.18295,-0.29042,-0.29360,-0.95593,-0.08711,-0.46798,-1.34710,-0.19019,-0.65935,-1.44068,-0.24837,-0.82045,-1.46186,-0.27734,-0.15611,-0.92741,-0.14772,-0.24473,-1.34988,-0.24802,-0.38562,-1.53281,-0.29012,-0.52469,-1.64806,-0.30962,-0.00085,-0.82667,-0.21243,-0.00439,-1.16983,-0.29206,-0.09295,-1.35020,-0.31570,-0.20498,-1.47803,-0.32705
none,-0.00000,0.00000,0.00000,-0.28639,-0.17595,-0.01275,-0.47420,-0.51277,-0.03226,-0.57179,-0.79058,-0.06337,-0.69257,-0.96361,-0.09791,-0.42878,-0.88783,-0.04770,-0.64037,-1.15991,-0.15113,-0.80026,-1.21772,-0.22538,-0.93654,-1.22738,-0.26762,-0.30605,-0.95202,-0.10060,-0.49373,-1.34024,-0.19219,-0.68823,-1.43496,-0.23856,-0.84671,-1.44719,-0.25952,-0.16209,-0.92719,-0.16209,-0.24852,-1.36676,-0.24894,-0.39152,-1.52007,-0.27746,-0.53131,-1.59417,-0.28854,-0.00276,-0.82709,-0.22570,-0.00576,-1.17618,-0.29535,-0.09889,-1.34497,-0.30865,-0.21390,-1.44909,-0.31112
